TransactionID,Date,ProductName,Category,Region,SalesChannel,Quantity,UnitPrice,TotalAmount,PaymentMode,CustomerID
T00001,2026-11-24,Laptop,Electronics,South,Online,5,799,3995,UPI,C0693
T00002,2026-10-07,Tablet,Electronics,North,Online,7,199,1393,Cash,C0239
T00003,2026-09-16,Football,Sports,West,Online,9,799,7191,Net Banking,C0604
T00004,2026-05-23,Smartphone,Electronics,East,Online,7,1499,10493,Cash,C0782
T00005,2026-06-22,Laptop,Electronics,East,Offline,7,299,2093,Credit Card,C0045
T00006,2026-08-24,Football,Sports,East,Offline,7,299,2093,Cash,C0722
T00007,2026-02-05,Smartphone,Electronics,South,Online,5,299,1495,Net Banking,C0285
T00008,2026-08-21,Microwave,Home,South,Offline,6,1499,8994,UPI,C0624
T00009,2026-11-22,Dress,Clothing,West,Offline,4,499,1996,Credit Card,C0656
T00010,2026-12-19,Cricket Bat,Sports,South,Online,6,199,1194,Credit Card,C0411
T00011,2026-05-18,Smartphone,Electronics,East,Online,10,49999,499990,Net Banking,C0406
T00012,2026-11-26,Milk,Grocery,South,Offline,5,499,2495,Net Banking,C0598
T00013,2026-07-24,Microwave,Home,West,Online,3,9999,29997,UPI,C0113
T00014,2026-03-20,Shoes,Clothing,West,Offline,10,299,2990,Net Banking,C0542
T00015,2026-05-09,Football,Sports,East,Offline,2,29999,59998,UPI,C0301
T00016,2026-08-11,Shoes,Clothing,East,Online,1,49999,49999,UPI,C0641
T00017,2026-06-02,Tennis Racket,Sports,East,Online,4,499,1996,UPI,C0614
T00018,2026-06-15,Rice,Grocery,East,Online,2,1499,2998,UPI,C0247
T00019,2026-10-18,Laptop,Electronics,South,Online,8,299,2392,Net Banking,C0563
T00020,2026-03-26,Sofa,Home,South,Online,10,2499,24990,Credit Card,C0409
T00021,2026-12-10,Table,Home,North,Online,9,4999,44991,Cash,C0066
T00022,2026-06-23,Tablet,Electronics,South,Online,9,799,7191,UPI,C0725
T00023,2026-11-20,Smartphone,Electronics,East,Online,2,199,398,Cash,C0286
T00024,2026-12-09,Milk,Grocery,West,Online,9,499,4491,Net Banking,C0417
T00025,2026-04-08,Laptop,Electronics,West,Offline,7,1499,10493,Net Banking,C0747
T00026,2026-01-28,Laptop,Electronics,East,Online,7,49999,349993,Cash,C0197
T00027,2026-04-08,Dumbbell,Sports,South,Offline,3,2499,7497,Net Banking,C0256
T00028,2026-02-08,Sugar,Grocery,North,Online,2,199,398,Cash,C0171
T00029,2026-07-28,Oil,Grocery,North,Online,4,2499,9996,Net Banking,C0003
T00030,2026-07-19,Table,Home,West,Online,5,2499,12495,Cash,C0304
T00031,2026-04-22,Tablet,Electronics,East,Online,9,199,1791,UPI,C0599
T00032,2026-09-02,Tennis Racket,Sports,North,Online,3,199,597,UPI,C0610
T00033,2026-02-04,Shoes,Clothing,South,Online,2,19999,39998,UPI,C0430
T00034,2026-12-03,Tennis Racket,Sports,East,Online,9,1499,13491,Credit Card,C0245
T00035,2026-05-16,Milk,Grocery,East,Online,5,4999,24995,UPI,C0470
T00036,2026-11-15,Football,Sports,South,Offline,2,9999,19998,Cash,C0358
T00037,2026-02-05,Jacket,Clothing,West,Offline,5,499,2495,UPI,C0684
T00038,2026-10-11,Mixer,Home,North,Online,3,999,2997,Cash,C0279
T00039,2026-05-25,Cricket Bat,Sports,East,Offline,6,799,4794,Credit Card,C0053
T00040,2026-02-17,Bread,Grocery,East,Online,1,199,199,Credit Card,C0166
T00041,2026-08-15,Dumbbell,Sports,North,Online,9,199,1791,Cash,C0559
T00042,2026-01-19,Sofa,Home,West,Online,9,499,4491,UPI,C0316
T00043,2026-07-06,Headphones,Electronics,South,Online,4,29999,119996,Credit Card,C0799
T00044,2026-10-14,Sugar,Grocery,South,Online,3,799,2397,Net Banking,C0026
T00045,2026-04-02,Table,Home,South,Online,4,999,3996,Net Banking,C0040
T00046,2026-08-29,Jeans,Clothing,East,Online,8,1499,11992,Cash,C0025
T00047,2026-12-04,Shoes,Clothing,North,Offline,6,999,5994,Credit Card,C0657
T00048,2026-09-18,Sugar,Grocery,North,Offline,6,199,1194,Cash,C0595
T00049,2026-05-16,Laptop,Electronics,East,Offline,10,2499,24990,Net Banking,C0621
T00050,2026-09-19,Smartwatch,Electronics,East,Online,10,799,7990,Net Banking,C0002
T00051,2026-09-24,Cricket Bat,Sports,North,Offline,6,2499,14994,Credit Card,C0680
T00052,2026-03-05,Sofa,Home,West,Offline,5,29999,149995,Net Banking,C0714
T00053,2026-06-01,Cricket Bat,Sports,West,Online,4,2499,9996,Credit Card,C0416
T00054,2026-10-08,Headphones,Electronics,West,Offline,5,799,3995,Net Banking,C0453
T00055,2026-08-15,Dress,Clothing,South,Online,8,49999,399992,Credit Card,C0528
T00056,2026-12-06,Yoga Mat,Sports,East,Online,2,799,1598,Cash,C0151
T00057,2026-01-13,Smartphone,Electronics,North,Offline,8,19999,159992,Net Banking,C0645
T00058,2026-10-22,Shoes,Clothing,South,Online,8,2499,19992,UPI,C0769
T00059,2026-02-24,Milk,Grocery,West,Online,3,49999,149997,Cash,C0125
T00060,2026-08-22,Shoes,Clothing,East,Offline,9,9999,89991,Net Banking,C0562
T00061,2026-08-17,Shoes,Clothing,South,Offline,8,999,7992,Net Banking,C0642
T00062,2026-05-03,Table,Home,East,Online,2,49999,99998,Credit Card,C0344
T00063,2026-06-13,Football,Sports,South,Offline,3,499,1497,Cash,C0724
T00064,2026-04-20,Smartwatch,Electronics,West,Offline,7,1499,10493,UPI,C0212
T00065,2026-08-04,Sugar,Grocery,West,Offline,1,19999,19999,UPI,C0361
T00066,2026-06-02,Oil,Grocery,South,Offline,9,49999,449991,Cash,C0280
T00067,2026-08-12,Rice,Grocery,West,Online,7,1499,10493,Net Banking,C0131
T00068,2026-11-15,Football,Sports,North,Online,7,19999,139993,Net Banking,C0139
T00069,2026-08-25,T-Shirt,Clothing,East,Online,5,2499,12495,Net Banking,C0335
T00070,2026-06-22,Bread,Grocery,North,Offline,7,999,6993,UPI,C0768
T00071,2026-10-04,Headphones,Electronics,North,Online,4,29999,119996,UPI,C0254
T00072,2026-04-13,Tablet,Electronics,South,Offline,3,799,2397,UPI,C0578
T00073,2026-04-22,Bread,Grocery,North,Online,6,499,2994,Credit Card,C0111
T00074,2026-10-24,Headphones,Electronics,West,Offline,10,29999,299990,Cash,C0078
T00075,2026-10-31,T-Shirt,Clothing,North,Online,5,29999,149995,Credit Card,C0546
T00076,2026-08-08,Mixer,Home,East,Online,9,29999,269991,Net Banking,C0502
T00077,2026-02-24,Bread,Grocery,South,Offline,8,49999,399992,Cash,C0752
T00078,2026-09-25,Sofa,Home,West,Offline,9,4999,44991,Credit Card,C0331
T00079,2026-05-06,Headphones,Electronics,West,Offline,8,799,6392,Credit Card,C0030
T00080,2026-09-11,Microwave,Home,East,Offline,8,799,6392,Credit Card,C0287
T00081,2026-11-02,Sofa,Home,South,Online,1,9999,9999,Cash,C0738
T00082,2026-07-28,Sugar,Grocery,West,Offline,4,49999,199996,Net Banking,C0018
T00083,2026-02-17,Microwave,Home,South,Offline,7,49999,349993,Credit Card,C0485
T00084,2026-10-11,Yoga Mat,Sports,East,Offline,7,49999,349993,Net Banking,C0278
T00085,2026-06-06,Microwave,Home,South,Offline,2,49999,99998,UPI,C0761
T00086,2026-10-02,Jeans,Clothing,West,Offline,4,49999,199996,Credit Card,C0103
T00087,2026-04-10,Microwave,Home,East,Online,6,499,2994,Cash,C0281
T00088,2026-01-24,Tablet,Electronics,South,Offline,5,49999,249995,UPI,C0013
T00089,2026-10-21,Table,Home,East,Online,8,4999,39992,UPI,C0259
T00090,2026-09-02,Laptop,Electronics,North,Online,7,4999,34993,Cash,C0153
T00091,2026-10-16,Mixer,Home,West,Online,4,299,1196,Net Banking,C0462
T00092,2026-08-15,Sofa,Home,North,Online,7,999,6993,Cash,C0641
T00093,2026-04-19,Mixer,Home,South,Online,3,799,2397,Cash,C0003
T00094,2026-07-29,Sugar,Grocery,North,Online,8,999,7992,Credit Card,C0724
T00095,2026-05-25,Rice,Grocery,South,Offline,4,999,3996,UPI,C0558
T00096,2026-04-26,Jacket,Clothing,North,Online,3,299,897,Credit Card,C0610
T00097,2026-10-19,Table,Home,East,Offline,2,4999,9998,Credit Card,C0513
T00098,2026-10-04,Oil,Grocery,North,Offline,2,19999,39998,Credit Card,C0619
T00099,2026-05-09,Laptop,Electronics,North,Offline,4,29999,119996,UPI,C0782
T00100,2026-03-31,Sugar,Grocery,South,Offline,8,999,7992,Net Banking,C0094
T00101,2026-08-29,Table,Home,North,Online,6,1499,8994,Credit Card,C0422
T00102,2026-12-22,Bread,Grocery,North,Offline,7,9999,69993,UPI,C0323
T00103,2026-05-10,Mixer,Home,North,Offline,7,9999,69993,Net Banking,C0056
T00104,2026-04-07,Yoga Mat,Sports,West,Online,10,4999,49990,Cash,C0274
T00105,2026-10-09,Jacket,Clothing,West,Online,8,49999,399992,UPI,C0646
T00106,2026-11-08,Jeans,Clothing,North,Offline,5,9999,49995,UPI,C0231
T00107,2026-02-28,Rice,Grocery,East,Offline,3,4999,14997,Net Banking,C0495
T00108,2026-08-30,Shoes,Clothing,West,Online,9,499,4491,Cash,C0072
T00109,2026-05-22,Bread,Grocery,North,Offline,9,999,8991,Credit Card,C0602
T00110,2026-10-24,Milk,Grocery,West,Offline,8,9999,79992,Credit Card,C0566
T00111,2026-10-06,Oil,Grocery,South,Offline,6,799,4794,Cash,C0795
T00112,2026-07-30,Headphones,Electronics,West,Offline,8,49999,399992,Cash,C0508
T00113,2026-01-19,Dress,Clothing,North,Offline,10,1499,14990,UPI,C0539
T00114,2026-08-22,Smartphone,Electronics,South,Online,7,29999,209993,Net Banking,C0272
T00115,2026-06-23,Dumbbell,Sports,West,Offline,2,1499,2998,Net Banking,C0555
T00116,2026-01-19,Football,Sports,East,Online,4,29999,119996,UPI,C0445
T00117,2026-02-20,Smartwatch,Electronics,East,Online,3,49999,149997,UPI,C0333
T00118,2026-01-29,Chair,Home,South,Online,6,2499,14994,Net Banking,C0580
T00119,2026-12-16,Jeans,Clothing,West,Online,3,299,897,Net Banking,C0598
T00120,2026-03-15,Shoes,Clothing,East,Online,5,4999,24995,Net Banking,C0295
T00121,2026-12-13,Cricket Bat,Sports,East,Offline,2,4999,9998,Net Banking,C0707
T00122,2026-05-09,Bread,Grocery,West,Online,4,2499,9996,Cash,C0391
T00123,2026-10-20,Sofa,Home,East,Online,5,49999,249995,Net Banking,C0282
T00124,2026-01-05,Football,Sports,West,Offline,10,49999,499990,Cash,C0622
T00125,2026-06-30,Jeans,Clothing,South,Online,10,999,9990,UPI,C0317
T00126,2026-08-14,Tablet,Electronics,South,Online,6,49999,299994,Credit Card,C0335
T00127,2026-08-01,Jeans,Clothing,East,Offline,3,9999,29997,Cash,C0264
T00128,2026-09-04,Chair,Home,North,Online,2,4999,9998,Cash,C0693
T00129,2026-12-12,Sugar,Grocery,West,Online,6,299,1794,Credit Card,C0550
T00130,2026-03-05,Bread,Grocery,West,Offline,5,19999,99995,UPI,C0692
T00131,2026-04-30,Rice,Grocery,East,Online,10,9999,99990,UPI,C0651
T00132,2026-08-26,Table,Home,North,Online,2,499,998,Credit Card,C0505
T00133,2026-03-01,Smartphone,Electronics,West,Offline,9,499,4491,Credit Card,C0687
T00134,2026-12-23,Dumbbell,Sports,South,Offline,10,49999,499990,UPI,C0502
T00135,2026-11-12,Bread,Grocery,East,Online,1,49999,49999,Net Banking,C0456
T00136,2026-05-01,Mixer,Home,East,Online,6,9999,59994,Net Banking,C0283
T00137,2026-04-08,Smartwatch,Electronics,South,Online,2,29999,59998,UPI,C0342
T00138,2026-05-05,Dress,Clothing,South,Online,4,299,1196,Cash,C0337
T00139,2026-03-17,Football,Sports,South,Offline,5,499,2495,Cash,C0113
T00140,2026-12-05,Smartphone,Electronics,South,Offline,1,1499,1499,UPI,C0179
T00141,2026-05-16,Smartphone,Electronics,North,Online,7,9999,69993,Net Banking,C0460
T00142,2026-07-05,Tennis Racket,Sports,South,Online,2,4999,9998,Credit Card,C0470
T00143,2026-11-26,Laptop,Electronics,West,Online,8,2499,19992,Net Banking,C0730
T00144,2026-08-16,Laptop,Electronics,South,Online,6,19999,119994,Cash,C0282
T00145,2026-11-16,Tennis Racket,Sports,East,Offline,6,2499,14994,Net Banking,C0102
T00146,2026-12-26,Tablet,Electronics,West,Online,4,2499,9996,Net Banking,C0348
T00147,2026-08-21,Oil,Grocery,West,Offline,2,1499,2998,Credit Card,C0384
T00148,2026-03-20,Rice,Grocery,North,Offline,2,299,598,UPI,C0763
T00149,2026-07-10,Dress,Clothing,East,Online,1,19999,19999,Net Banking,C0363
T00150,2026-12-07,Rice,Grocery,East,Offline,5,19999,99995,UPI,C0592
T00151,2026-09-17,Jeans,Clothing,North,Offline,8,799,6392,Credit Card,C0118
T00152,2026-05-23,Cricket Bat,Sports,North,Offline,7,9999,69993,UPI,C0185
T00153,2026-05-20,Chair,Home,South,Online,6,199,1194,Net Banking,C0072
T00154,2026-03-14,Laptop,Electronics,West,Offline,9,799,7191,Net Banking,C0350
T00155,2026-03-22,Chair,Home,North,Online,6,19999,119994,Cash,C0162
T00156,2026-11-13,Laptop,Electronics,West,Offline,5,4999,24995,Net Banking,C0425
T00157,2026-05-20,Dress,Clothing,West,Online,2,1499,2998,Credit Card,C0695
T00158,2026-12-14,Dumbbell,Sports,East,Online,9,29999,269991,Cash,C0405
T00159,2026-11-03,Laptop,Electronics,South,Online,4,999,3996,Credit Card,C0297
T00160,2026-06-17,Laptop,Electronics,West,Online,8,49999,399992,Cash,C0390
T00161,2026-09-30,Dress,Clothing,East,Online,9,29999,269991,Net Banking,C0760
T00162,2026-01-22,Rice,Grocery,East,Offline,8,299,2392,Net Banking,C0727
T00163,2026-11-24,Bread,Grocery,North,Offline,2,2499,4998,Cash,C0633
T00164,2026-08-24,Mixer,Home,South,Offline,7,299,2093,Net Banking,C0537
T00165,2026-02-10,Bread,Grocery,East,Online,6,799,4794,UPI,C0523
T00166,2026-11-21,Tablet,Electronics,East,Offline,9,799,7191,Cash,C0242
T00167,2026-02-22,Jacket,Clothing,South,Online,4,499,1996,Cash,C0792
T00168,2026-11-18,Oil,Grocery,West,Offline,10,19999,199990,Credit Card,C0155
T00169,2026-08-14,Smartwatch,Electronics,East,Offline,8,29999,239992,UPI,C0361
T00170,2026-09-17,Headphones,Electronics,North,Online,8,4999,39992,Credit Card,C0294
T00171,2026-02-09,Tablet,Electronics,West,Offline,10,9999,99990,UPI,C0461
T00172,2026-10-20,Jacket,Clothing,South,Online,10,4999,49990,Net Banking,C0106
T00173,2026-06-25,Tablet,Electronics,South,Offline,3,199,597,Net Banking,C0537
T00174,2026-09-25,Cricket Bat,Sports,East,Offline,6,1499,8994,Net Banking,C0794
T00175,2026-06-23,Football,Sports,East,Online,6,299,1794,Net Banking,C0291
T00176,2026-05-10,Cricket Bat,Sports,South,Offline,6,299,1794,Credit Card,C0672
T00177,2026-12-24,Milk,Grocery,North,Offline,10,49999,499990,Net Banking,C0659
T00178,2026-06-18,Dress,Clothing,West,Offline,2,29999,59998,UPI,C0372
T00179,2026-06-08,Jeans,Clothing,South,Online,6,4999,29994,Cash,C0159
T00180,2026-02-09,Mixer,Home,North,Offline,9,9999,89991,Cash,C0612
T00181,2026-07-12,Jeans,Clothing,South,Offline,3,49999,149997,UPI,C0421
T00182,2026-07-06,Shoes,Clothing,West,Online,10,999,9990,Cash,C0317
T00183,2026-08-29,Jacket,Clothing,West,Offline,10,4999,49990,Net Banking,C0515
T00184,2026-09-28,Milk,Grocery,South,Offline,4,19999,79996,UPI,C0657
T00185,2026-09-04,Sofa,Home,North,Offline,2,49999,99998,UPI,C0782
T00186,2026-03-24,Table,Home,West,Online,9,499,4491,Cash,C0462
T00187,2026-06-28,Smartwatch,Electronics,East,Online,1,2499,2499,Net Banking,C0084
T00188,2026-07-11,T-Shirt,Clothing,East,Online,6,299,1794,Cash,C0040
T00189,2026-05-27,Milk,Grocery,North,Online,8,4999,39992,UPI,C0263
T00190,2026-04-21,Dress,Clothing,West,Online,10,9999,99990,Credit Card,C0244
T00191,2026-06-04,Laptop,Electronics,West,Online,4,2499,9996,UPI,C0512
T00192,2026-11-02,Football,Sports,South,Online,9,19999,179991,Credit Card,C0440
T00193,2026-01-01,Yoga Mat,Sports,West,Online,4,19999,79996,UPI,C0537
T00194,2026-07-04,Tablet,Electronics,North,Offline,9,9999,89991,Net Banking,C0045
T00195,2026-11-22,Bread,Grocery,North,Offline,5,49999,249995,UPI,C0354
T00196,2026-05-04,Tablet,Electronics,North,Offline,6,499,2994,Credit Card,C0659
T00197,2026-03-31,Oil,Grocery,North,Offline,3,499,1497,UPI,C0301
T00198,2026-04-14,Smartphone,Electronics,East,Offline,1,1499,1499,Net Banking,C0260
T00199,2026-01-19,Jacket,Clothing,East,Offline,6,199,1194,UPI,C0377
T00200,2026-08-12,Oil,Grocery,South,Offline,7,1499,10493,Net Banking,C0377
T00201,2026-09-23,Mixer,Home,West,Online,7,299,2093,Credit Card,C0329
T00202,2026-02-22,Headphones,Electronics,West,Offline,5,999,4995,Cash,C0707
T00203,2026-08-16,Table,Home,East,Offline,1,49999,49999,Credit Card,C0655
T00204,2026-01-30,Smartwatch,Electronics,South,Online,6,9999,59994,Cash,C0623
T00205,2026-12-14,Rice,Grocery,South,Offline,3,299,897,Credit Card,C0393
T00206,2026-10-18,Tablet,Electronics,West,Offline,3,29999,89997,Credit Card,C0455
T00207,2026-02-09,Cricket Bat,Sports,West,Offline,9,1499,13491,Credit Card,C0256
T00208,2026-02-28,Smartphone,Electronics,West,Online,8,9999,79992,Credit Card,C0794
T00209,2026-05-14,Milk,Grocery,West,Online,10,999,9990,UPI,C0139
T00210,2026-02-07,Milk,Grocery,East,Offline,8,299,2392,UPI,C0564
T00211,2026-10-05,Chair,Home,South,Offline,3,49999,149997,Cash,C0125
T00212,2026-04-13,Jeans,Clothing,East,Offline,8,199,1592,Net Banking,C0565
T00213,2026-03-08,Football,Sports,West,Offline,2,999,1998,Net Banking,C0788
T00214,2026-07-29,Football,Sports,North,Offline,3,1499,4497,Net Banking,C0697
T00215,2026-09-22,Microwave,Home,South,Online,9,29999,269991,Net Banking,C0515
T00216,2026-01-29,Tablet,Electronics,South,Online,3,999,2997,Credit Card,C0727
T00217,2026-04-26,Sofa,Home,East,Online,5,299,1495,Credit Card,C0129
T00218,2026-11-17,Sofa,Home,South,Online,9,299,2691,Cash,C0675
T00219,2026-11-16,Yoga Mat,Sports,North,Online,10,199,1990,UPI,C0657
T00220,2026-10-23,Microwave,Home,North,Offline,10,2499,24990,Credit Card,C0658
T00221,2026-06-04,Milk,Grocery,West,Online,7,999,6993,UPI,C0162
T00222,2026-08-14,Oil,Grocery,East,Online,8,799,6392,Credit Card,C0736
T00223,2026-06-13,Table,Home,North,Offline,3,1499,4497,Cash,C0478
T00224,2026-03-04,Table,Home,North,Online,4,499,1996,Credit Card,C0394
T00225,2026-11-12,Milk,Grocery,East,Online,3,1499,4497,Cash,C0511
T00226,2026-09-21,Oil,Grocery,North,Online,5,4999,24995,Net Banking,C0518
T00227,2026-08-23,Jeans,Clothing,North,Online,10,1499,14990,Credit Card,C0507
T00228,2026-11-02,Bread,Grocery,North,Offline,9,199,1791,Cash,C0271
T00229,2026-07-07,Bread,Grocery,North,Online,1,2499,2499,Credit Card,C0567
T00230,2026-05-28,Smartwatch,Electronics,East,Online,9,4999,44991,Cash,C0100
T00231,2026-07-21,Chair,Home,South,Online,9,1499,13491,Net Banking,C0513
T00232,2026-01-21,Laptop,Electronics,East,Offline,3,49999,149997,Net Banking,C0153
T00233,2026-11-07,Cricket Bat,Sports,East,Online,6,19999,119994,Net Banking,C0632
T00234,2026-06-03,Yoga Mat,Sports,West,Offline,9,9999,89991,Net Banking,C0018
T00235,2026-07-08,Mixer,Home,East,Online,7,19999,139993,Net Banking,C0272
T00236,2026-12-02,Tennis Racket,Sports,North,Offline,4,49999,199996,Cash,C0537
T00237,2026-11-19,Dumbbell,Sports,South,Online,3,29999,89997,UPI,C0196
T00238,2026-01-10,Bread,Grocery,West,Online,7,499,3493,Net Banking,C0514
T00239,2026-11-10,Rice,Grocery,South,Offline,3,9999,29997,Net Banking,C0539
T00240,2026-07-12,Microwave,Home,East,Offline,8,9999,79992,Credit Card,C0625
T00241,2026-09-05,Jeans,Clothing,East,Online,5,9999,49995,Credit Card,C0790
T00242,2026-05-28,Shoes,Clothing,East,Offline,6,4999,29994,Credit Card,C0125
T00243,2026-10-21,Dumbbell,Sports,South,Offline,7,1499,10493,UPI,C0295
T00244,2026-02-10,Table,Home,West,Online,5,49999,249995,Cash,C0552
T00245,2026-05-19,Yoga Mat,Sports,South,Online,3,299,897,UPI,C0686
T00246,2026-09-29,Jeans,Clothing,West,Offline,1,299,299,Net Banking,C0103
T00247,2026-12-15,T-Shirt,Clothing,West,Offline,9,499,4491,Net Banking,C0667
T00248,2026-04-13,Chair,Home,North,Online,5,29999,149995,Cash,C0548
T00249,2026-01-20,Shoes,Clothing,West,Offline,3,199,597,Cash,C0767
T00250,2026-05-29,Laptop,Electronics,North,Offline,5,19999,99995,Credit Card,C0466
T00251,2026-11-25,Tennis Racket,Sports,West,Offline,8,499,3992,Cash,C0116
T00252,2026-06-19,Shoes,Clothing,South,Online,5,49999,249995,Credit Card,C0303
T00253,2026-10-18,Jeans,Clothing,West,Offline,10,29999,299990,Credit Card,C0089
T00254,2026-07-25,Smartphone,Electronics,East,Online,3,4999,14997,UPI,C0268
T00255,2026-07-16,Shoes,Clothing,East,Online,5,1499,7495,Credit Card,C0670
T00256,2026-07-04,T-Shirt,Clothing,East,Online,2,4999,9998,Net Banking,C0703
T00257,2026-09-15,Mixer,Home,South,Online,5,1499,7495,Cash,C0490
T00258,2026-03-20,Sugar,Grocery,West,Online,6,2499,14994,Cash,C0697
T00259,2026-11-02,Tablet,Electronics,East,Online,8,9999,79992,UPI,C0064
T00260,2026-10-08,Cricket Bat,Sports,South,Online,10,9999,99990,Credit Card,C0533
T00261,2026-08-15,Smartphone,Electronics,North,Offline,10,4999,49990,UPI,C0465
T00262,2026-03-09,Dumbbell,Sports,North,Offline,8,19999,159992,Credit Card,C0741
T00263,2026-01-12,Bread,Grocery,South,Online,1,49999,49999,UPI,C0434
T00264,2026-06-26,Tablet,Electronics,West,Online,1,299,299,Credit Card,C0419
T00265,2026-04-03,Shoes,Clothing,West,Offline,6,2499,14994,Net Banking,C0083
T00266,2026-12-16,Cricket Bat,Sports,South,Offline,6,299,1794,Cash,C0746
T00267,2026-04-25,Laptop,Electronics,West,Offline,5,4999,24995,Cash,C0254
T00268,2026-08-24,Microwave,Home,North,Online,5,799,3995,Net Banking,C0630
T00269,2026-01-09,Jeans,Clothing,North,Offline,2,299,598,UPI,C0251
T00270,2026-01-23,Oil,Grocery,South,Online,4,9999,39996,Cash,C0516
T00271,2026-05-29,Dress,Clothing,East,Online,6,19999,119994,Credit Card,C0147
T00272,2026-12-05,Cricket Bat,Sports,East,Online,7,999,6993,Cash,C0642
T00273,2026-12-14,Sugar,Grocery,East,Offline,8,199,1592,Credit Card,C0714
T00274,2026-08-02,Milk,Grocery,South,Offline,5,2499,12495,Cash,C0231
T00275,2026-06-03,Shoes,Clothing,West,Offline,1,9999,9999,Cash,C0398
T00276,2026-05-05,Microwave,Home,North,Offline,6,29999,179994,Credit Card,C0095
T00277,2026-10-02,T-Shirt,Clothing,North,Online,5,2499,12495,Cash,C0780
T00278,2026-10-28,Cricket Bat,Sports,East,Offline,8,799,6392,UPI,C0217
T00279,2026-04-08,Smartwatch,Electronics,South,Offline,4,49999,199996,Cash,C0566
T00280,2026-06-14,Table,Home,East,Offline,8,9999,79992,Credit Card,C0369
T00281,2026-09-20,Oil,Grocery,West,Offline,2,49999,99998,Cash,C0380
T00282,2026-06-10,Rice,Grocery,South,Online,10,799,7990,Credit Card,C0567
T00283,2026-10-27,Dumbbell,Sports,South,Offline,5,499,2495,Cash,C0389
T00284,2026-10-19,Shoes,Clothing,East,Offline,9,29999,269991,Net Banking,C0741
T00285,2026-11-25,Oil,Grocery,East,Online,3,49999,149997,Cash,C0738
T00286,2026-10-07,Milk,Grocery,North,Online,9,29999,269991,UPI,C0685
T00287,2026-01-25,Smartwatch,Electronics,South,Online,3,29999,89997,Cash,C0010
T00288,2026-04-22,Dumbbell,Sports,West,Offline,6,199,1194,UPI,C0007
T00289,2026-09-30,Dumbbell,Sports,East,Offline,1,199,199,UPI,C0515
T00290,2026-12-24,Milk,Grocery,South,Online,2,299,598,Cash,C0635
T00291,2026-09-27,Chair,Home,North,Offline,5,2499,12495,Net Banking,C0471
T00292,2026-10-17,Jeans,Clothing,North,Online,5,29999,149995,UPI,C0416
T00293,2026-07-14,Sugar,Grocery,North,Online,8,199,1592,UPI,C0512
T00294,2026-08-11,Sofa,Home,North,Online,2,9999,19998,Cash,C0709
T00295,2026-10-18,Bread,Grocery,East,Online,1,299,299,Cash,C0323
T00296,2026-01-09,Dress,Clothing,West,Online,3,49999,149997,Credit Card,C0167
T00297,2026-10-16,Dress,Clothing,East,Offline,7,29999,209993,Cash,C0706
T00298,2026-02-10,Yoga Mat,Sports,West,Online,1,299,299,UPI,C0349
T00299,2026-11-06,Tennis Racket,Sports,North,Offline,7,1499,10493,Net Banking,C0503
T00300,2026-04-27,Sofa,Home,South,Offline,7,2499,17493,UPI,C0791
T00301,2026-11-13,Microwave,Home,East,Online,2,299,598,Net Banking,C0729
T00302,2026-11-21,Shoes,Clothing,North,Online,6,1499,8994,UPI,C0316
T00303,2026-08-16,Chair,Home,North,Online,2,499,998,Net Banking,C0460
T00304,2026-10-13,Tennis Racket,Sports,North,Online,7,299,2093,Credit Card,C0568
T00305,2026-02-17,Tennis Racket,Sports,North,Offline,6,2499,14994,Net Banking,C0398
T00306,2026-02-13,Cricket Bat,Sports,South,Offline,10,9999,99990,Cash,C0143
T00307,2026-05-18,Chair,Home,North,Online,8,499,3992,Net Banking,C0283
T00308,2026-08-04,Table,Home,East,Online,2,1499,2998,Net Banking,C0609
T00309,2026-11-12,Shoes,Clothing,East,Online,2,499,998,Net Banking,C0341
T00310,2026-11-14,Bread,Grocery,West,Online,8,1499,11992,Credit Card,C0329
T00311,2026-11-05,Shoes,Clothing,West,Offline,6,499,2994,Credit Card,C0753
T00312,2026-12-22,Sugar,Grocery,West,Offline,4,1499,5996,Net Banking,C0374
T00313,2026-02-28,Cricket Bat,Sports,South,Online,10,9999,99990,Net Banking,C0726
T00314,2026-04-18,Bread,Grocery,West,Online,2,2499,4998,Credit Card,C0248
T00315,2026-05-10,Shoes,Clothing,West,Offline,7,299,2093,Net Banking,C0548
T00316,2026-09-17,Sugar,Grocery,North,Online,1,1499,1499,Cash,C0674
T00317,2026-12-07,Microwave,Home,West,Offline,10,199,1990,Net Banking,C0109
T00318,2026-01-06,Headphones,Electronics,South,Offline,4,9999,39996,Credit Card,C0401
T00319,2026-08-26,Tennis Racket,Sports,North,Offline,3,1499,4497,UPI,C0303
T00320,2026-08-01,Laptop,Electronics,East,Offline,3,1499,4497,Net Banking,C0212
T00321,2026-09-24,Bread,Grocery,West,Offline,8,299,2392,Credit Card,C0069
T00322,2026-06-03,Laptop,Electronics,North,Online,1,1499,1499,Cash,C0529
T00323,2026-03-31,Cricket Bat,Sports,West,Offline,6,9999,59994,Cash,C0415
T00324,2026-11-19,Jeans,Clothing,North,Online,7,2499,17493,Net Banking,C0607
T00325,2026-08-08,Rice,Grocery,East,Online,4,799,3196,UPI,C0550
T00326,2026-04-06,Chair,Home,North,Offline,4,4999,19996,Net Banking,C0541
T00327,2026-11-24,Sofa,Home,West,Online,7,19999,139993,Credit Card,C0361
T00328,2026-08-23,Cricket Bat,Sports,North,Online,5,19999,99995,Credit Card,C0121
T00329,2026-05-03,Mixer,Home,South,Offline,3,1499,4497,Net Banking,C0611
T00330,2026-03-12,Dumbbell,Sports,West,Online,7,499,3493,Cash,C0502
T00331,2026-05-28,Jeans,Clothing,North,Offline,6,4999,29994,UPI,C0497
T00332,2026-03-11,Shoes,Clothing,West,Offline,9,9999,89991,Net Banking,C0426
T00333,2026-12-30,Oil,Grocery,North,Online,3,299,897,Credit Card,C0034
T00334,2026-05-21,Dress,Clothing,West,Offline,5,499,2495,UPI,C0587
T00335,2026-02-28,Sofa,Home,North,Offline,6,9999,59994,Cash,C0436
T00336,2026-02-22,Jacket,Clothing,East,Offline,1,4999,4999,UPI,C0450
T00337,2026-03-02,Jeans,Clothing,East,Offline,10,49999,499990,Cash,C0631
T00338,2026-03-13,Jeans,Clothing,East,Offline,1,19999,19999,Cash,C0332
T00339,2026-12-27,Chair,Home,North,Online,10,999,9990,Net Banking,C0061
T00340,2026-05-22,Jeans,Clothing,East,Online,4,499,1996,Net Banking,C0502
T00341,2026-03-14,Yoga Mat,Sports,West,Online,7,2499,17493,UPI,C0413
T00342,2026-09-21,Chair,Home,East,Online,8,4999,39992,UPI,C0749
T00343,2026-08-23,Mixer,Home,South,Offline,9,2499,22491,Cash,C0507
T00344,2026-05-18,Chair,Home,South,Offline,6,9999,59994,Credit Card,C0699
T00345,2026-01-25,Laptop,Electronics,North,Online,8,199,1592,Net Banking,C0468
T00346,2026-01-01,Milk,Grocery,East,Online,3,29999,89997,Credit Card,C0096
T00347,2026-12-02,Chair,Home,South,Online,2,1499,2998,Net Banking,C0641
T00348,2026-06-06,Shoes,Clothing,North,Online,2,49999,99998,Cash,C0489
T00349,2026-02-09,Dress,Clothing,West,Online,4,9999,39996,UPI,C0713
T00350,2026-06-25,Smartwatch,Electronics,North,Online,3,4999,14997,Net Banking,C0092
T00351,2026-02-22,Headphones,Electronics,South,Offline,6,999,5994,Cash,C0657
T00352,2026-12-13,T-Shirt,Clothing,North,Online,9,19999,179991,Net Banking,C0360
T00353,2026-04-20,Shoes,Clothing,West,Online,10,29999,299990,UPI,C0103
T00354,2026-03-13,Tablet,Electronics,West,Offline,7,1499,10493,Cash,C0254
T00355,2026-05-22,Smartphone,Electronics,East,Online,9,19999,179991,Credit Card,C0211
T00356,2026-09-23,Tennis Racket,Sports,West,Offline,4,49999,199996,UPI,C0246
T00357,2026-09-11,Rice,Grocery,North,Online,4,4999,19996,Credit Card,C0325
T00358,2026-03-09,Sugar,Grocery,South,Offline,7,1499,10493,UPI,C0018
T00359,2026-10-28,Laptop,Electronics,North,Online,5,799,3995,Net Banking,C0519
T00360,2026-05-27,Dumbbell,Sports,West,Online,7,49999,349993,Cash,C0285
T00361,2026-02-12,Mixer,Home,South,Offline,9,799,7191,Net Banking,C0601
T00362,2026-11-21,Headphones,Electronics,South,Online,7,49999,349993,Cash,C0089
T00363,2026-08-11,Smartwatch,Electronics,North,Offline,10,19999,199990,Cash,C0123
T00364,2026-01-07,T-Shirt,Clothing,East,Offline,3,4999,14997,Cash,C0381
T00365,2026-03-06,Mixer,Home,West,Offline,1,1499,1499,UPI,C0270
T00366,2026-12-31,Football,Sports,East,Online,8,4999,39992,Net Banking,C0581
T00367,2026-03-27,Microwave,Home,North,Online,5,299,1495,UPI,C0046
T00368,2026-01-07,T-Shirt,Clothing,West,Online,8,1499,11992,Cash,C0037
T00369,2026-10-11,Milk,Grocery,West,Offline,6,799,4794,Credit Card,C0080
T00370,2026-10-20,Mixer,Home,North,Online,9,29999,269991,Cash,C0529
T00371,2026-01-24,Rice,Grocery,East,Offline,8,999,7992,UPI,C0567
T00372,2026-08-22,Headphones,Electronics,East,Online,4,999,3996,Net Banking,C0378
T00373,2026-10-30,Milk,Grocery,South,Online,9,799,7191,Net Banking,C0025
T00374,2026-04-30,Yoga Mat,Sports,North,Offline,1,1499,1499,Credit Card,C0107
T00375,2026-04-16,Cricket Bat,Sports,North,Online,7,4999,34993,Credit Card,C0096
T00376,2026-01-23,Dress,Clothing,East,Offline,7,49999,349993,UPI,C0595
T00377,2026-02-18,Cricket Bat,Sports,North,Offline,7,299,2093,Cash,C0243
T00378,2026-05-30,Chair,Home,East,Offline,7,49999,349993,Net Banking,C0279
T00379,2026-04-30,Smartphone,Electronics,North,Online,3,19999,59997,UPI,C0169
T00380,2026-08-19,Bread,Grocery,East,Online,7,299,2093,Net Banking,C0316
T00381,2026-08-26,Mixer,Home,East,Online,2,499,998,Cash,C0336
T00382,2026-03-17,Smartphone,Electronics,North,Offline,6,2499,14994,Credit Card,C0179
T00383,2026-01-16,Oil,Grocery,South,Online,9,49999,449991,Net Banking,C0105
T00384,2026-03-13,Laptop,Electronics,South,Online,1,799,799,Net Banking,C0382
T00385,2026-12-18,Tablet,Electronics,North,Online,10,999,9990,UPI,C0203
T00386,2026-11-27,Milk,Grocery,North,Online,2,1499,2998,Net Banking,C0052
T00387,2026-03-28,Dumbbell,Sports,North,Offline,7,4999,34993,Net Banking,C0177
T00388,2026-07-01,Jeans,Clothing,West,Online,5,999,4995,UPI,C0629
T00389,2026-11-14,Cricket Bat,Sports,West,Offline,5,4999,24995,UPI,C0090
T00390,2026-05-24,Milk,Grocery,South,Online,7,799,5593,Net Banking,C0731
T00391,2026-07-03,Sugar,Grocery,East,Offline,8,1499,11992,Credit Card,C0185
T00392,2026-01-14,Sofa,Home,East,Online,4,199,796,Net Banking,C0543
T00393,2026-07-03,Cricket Bat,Sports,South,Online,3,299,897,Credit Card,C0547
T00394,2026-01-29,Dress,Clothing,South,Online,7,1499,10493,Cash,C0607
T00395,2026-06-12,Sofa,Home,East,Online,1,49999,49999,Cash,C0505
T00396,2026-10-05,Microwave,Home,North,Online,8,199,1592,Cash,C0617
T00397,2026-04-23,Tablet,Electronics,East,Online,8,199,1592,Cash,C0349
T00398,2026-04-01,Mixer,Home,South,Online,1,499,499,Credit Card,C0075
T00399,2026-07-11,Sugar,Grocery,East,Offline,2,1499,2998,Cash,C0162
T00400,2026-08-12,Bread,Grocery,East,Online,3,49999,149997,Cash,C0388
T00401,2026-06-07,Microwave,Home,North,Offline,3,49999,149997,UPI,C0187
T00402,2026-11-05,Sofa,Home,North,Offline,4,29999,119996,Cash,C0340
T00403,2026-02-09,Jacket,Clothing,North,Offline,6,499,2994,Net Banking,C0012
T00404,2026-05-16,Jeans,Clothing,East,Online,2,1499,2998,UPI,C0050
T00405,2026-07-17,Oil,Grocery,West,Offline,3,2499,7497,Credit Card,C0560
T00406,2026-07-12,Smartwatch,Electronics,South,Online,10,29999,299990,Net Banking,C0076
T00407,2026-01-18,Mixer,Home,North,Online,6,999,5994,Credit Card,C0175
T00408,2026-07-12,T-Shirt,Clothing,East,Offline,9,299,2691,UPI,C0442
T00409,2026-12-01,Dress,Clothing,North,Online,7,499,3493,Credit Card,C0211
T00410,2026-04-08,Sugar,Grocery,East,Offline,9,999,8991,Cash,C0099
T00411,2026-01-26,Sugar,Grocery,South,Online,9,4999,44991,Credit Card,C0004
T00412,2026-08-07,Headphones,Electronics,South,Online,10,4999,49990,UPI,C0212
T00413,2026-03-29,Mixer,Home,East,Offline,8,299,2392,Net Banking,C0501
T00414,2026-12-05,Mixer,Home,South,Offline,9,2499,22491,Net Banking,C0379
T00415,2026-04-06,Rice,Grocery,West,Offline,5,4999,24995,Cash,C0276
T00416,2026-10-16,Smartphone,Electronics,East,Offline,2,299,598,Cash,C0567
T00417,2026-02-01,Sugar,Grocery,West,Online,7,9999,69993,Net Banking,C0307
T00418,2026-02-10,Rice,Grocery,South,Online,9,19999,179991,Net Banking,C0178
T00419,2026-03-27,Jeans,Clothing,West,Online,3,199,597,Net Banking,C0207
T00420,2026-11-18,Dress,Clothing,North,Online,5,1499,7495,Net Banking,C0570
T00421,2026-07-23,Yoga Mat,Sports,West,Online,5,9999,49995,Net Banking,C0116
T00422,2026-08-01,Jeans,Clothing,North,Online,10,19999,199990,UPI,C0293
T00423,2026-10-02,Table,Home,West,Offline,5,2499,12495,UPI,C0177
T00424,2026-05-22,Milk,Grocery,West,Online,10,19999,199990,Net Banking,C0340
T00425,2026-12-20,T-Shirt,Clothing,East,Online,8,999,7992,Credit Card,C0311
T00426,2026-06-09,Table,Home,South,Offline,2,799,1598,Net Banking,C0793
T00427,2026-06-14,Table,Home,North,Online,10,29999,299990,Net Banking,C0217
T00428,2026-07-28,Sugar,Grocery,South,Online,6,199,1194,Credit Card,C0727
T00429,2026-09-17,Milk,Grocery,North,Online,9,19999,179991,Cash,C0206
T00430,2026-01-30,T-Shirt,Clothing,East,Online,8,199,1592,Credit Card,C0378
T00431,2026-08-26,Dumbbell,Sports,North,Online,2,29999,59998,Credit Card,C0501
T00432,2026-11-01,Milk,Grocery,East,Offline,8,19999,159992,Cash,C0265
T00433,2026-12-19,Headphones,Electronics,North,Online,1,2499,2499,Cash,C0227
T00434,2026-11-28,Jeans,Clothing,West,Online,5,29999,149995,UPI,C0486
T00435,2026-03-09,Dress,Clothing,East,Offline,1,799,799,Credit Card,C0434
T00436,2026-07-12,Table,Home,West,Offline,5,799,3995,Net Banking,C0599
T00437,2026-02-22,Tablet,Electronics,East,Offline,6,9999,59994,UPI,C0494
T00438,2026-02-02,Chair,Home,East,Offline,6,999,5994,Cash,C0154
T00439,2026-09-22,T-Shirt,Clothing,East,Online,10,2499,24990,UPI,C0672
T00440,2026-09-12,Chair,Home,West,Online,7,2499,17493,Cash,C0352
T00441,2026-04-24,Dumbbell,Sports,East,Online,6,9999,59994,Cash,C0301
T00442,2026-02-19,Milk,Grocery,South,Offline,5,49999,249995,UPI,C0228
T00443,2026-07-01,Jacket,Clothing,East,Offline,7,1499,10493,Credit Card,C0475
T00444,2026-03-02,Rice,Grocery,North,Offline,10,19999,199990,Cash,C0513
T00445,2026-03-03,Sugar,Grocery,North,Online,5,2499,12495,Cash,C0206
T00446,2026-06-25,Sugar,Grocery,East,Online,8,499,3992,UPI,C0500
T00447,2026-06-20,Jacket,Clothing,West,Offline,1,199,199,Cash,C0780
T00448,2026-03-28,Cricket Bat,Sports,South,Offline,8,299,2392,Net Banking,C0414
T00449,2026-08-08,Oil,Grocery,South,Offline,1,199,199,UPI,C0330
T00450,2026-09-29,T-Shirt,Clothing,South,Online,1,29999,29999,Credit Card,C0320
T00451,2026-03-08,Smartwatch,Electronics,East,Online,9,19999,179991,UPI,C0047
T00452,2026-06-02,Table,Home,East,Offline,9,19999,179991,Cash,C0351
T00453,2026-09-08,Microwave,Home,North,Online,3,2499,7497,Cash,C0745
T00454,2026-03-09,T-Shirt,Clothing,South,Online,10,9999,99990,Credit Card,C0729
T00455,2026-11-30,Smartwatch,Electronics,North,Online,5,9999,49995,UPI,C0670
T00456,2026-01-11,Laptop,Electronics,West,Online,7,4999,34993,Credit Card,C0486
T00457,2026-12-26,Jeans,Clothing,West,Online,1,999,999,Credit Card,C0638
T00458,2026-11-07,Shoes,Clothing,North,Offline,2,9999,19998,UPI,C0109
T00459,2026-09-12,Dress,Clothing,South,Offline,4,999,3996,Net Banking,C0303
T00460,2026-03-24,Tablet,Electronics,West,Offline,8,799,6392,Cash,C0003
T00461,2026-01-07,Laptop,Electronics,West,Online,10,29999,299990,UPI,C0799
T00462,2026-09-19,Laptop,Electronics,South,Offline,5,29999,149995,Credit Card,C0271
T00463,2026-08-26,Laptop,Electronics,East,Offline,3,199,597,Credit Card,C0437
T00464,2026-03-01,Laptop,Electronics,South,Offline,1,499,499,Credit Card,C0449
T00465,2026-11-15,Mixer,Home,South,Online,6,1499,8994,Net Banking,C0410
T00466,2026-08-22,Table,Home,South,Online,8,2499,19992,Cash,C0713
T00467,2026-01-31,T-Shirt,Clothing,West,Offline,7,19999,139993,Cash,C0626
T00468,2026-07-14,Sofa,Home,South,Offline,1,29999,29999,Net Banking,C0116
T00469,2026-07-30,Rice,Grocery,East,Online,2,999,1998,Cash,C0686
T00470,2026-06-23,Tennis Racket,Sports,West,Online,10,299,2990,Net Banking,C0355
T00471,2026-12-06,Milk,Grocery,North,Online,9,19999,179991,Cash,C0518
T00472,2026-08-29,Milk,Grocery,East,Online,2,4999,9998,Credit Card,C0285
T00473,2026-01-26,Cricket Bat,Sports,West,Offline,9,29999,269991,Cash,C0081
T00474,2026-08-24,Sugar,Grocery,West,Offline,8,299,2392,Credit Card,C0122
T00475,2026-09-12,Laptop,Electronics,North,Online,7,2499,17493,UPI,C0619
T00476,2026-11-13,Sofa,Home,West,Offline,9,799,7191,Credit Card,C0056
T00477,2026-04-25,Bread,Grocery,West,Offline,9,19999,179991,Net Banking,C0117
T00478,2026-02-19,T-Shirt,Clothing,East,Offline,6,1499,8994,UPI,C0047
T00479,2026-03-26,Milk,Grocery,East,Online,7,299,2093,Cash,C0124
T00480,2026-07-21,Shoes,Clothing,East,Online,4,49999,199996,Net Banking,C0048
T00481,2026-11-21,Football,Sports,South,Offline,8,4999,39992,UPI,C0544
T00482,2026-01-25,Dumbbell,Sports,South,Online,10,4999,49990,Cash,C0107
T00483,2026-07-18,Tennis Racket,Sports,West,Offline,6,9999,59994,Cash,C0281
T00484,2026-07-23,Chair,Home,South,Offline,8,499,3992,Credit Card,C0719
T00485,2026-10-08,Sofa,Home,South,Offline,4,799,3196,Credit Card,C0689
T00486,2026-03-09,Dress,Clothing,East,Online,9,49999,449991,Credit Card,C0576
T00487,2026-09-03,Tennis Racket,Sports,East,Offline,7,29999,209993,UPI,C0536
T00488,2026-02-24,Smartwatch,Electronics,North,Online,3,199,597,Credit Card,C0769
T00489,2026-03-24,Chair,Home,East,Online,3,199,597,UPI,C0368
T00490,2026-08-20,Tablet,Electronics,West,Online,9,799,7191,Credit Card,C0710
T00491,2026-12-07,Smartwatch,Electronics,East,Online,7,2499,17493,UPI,C0762
T00492,2026-05-09,Dress,Clothing,East,Online,8,799,6392,Cash,C0302
T00493,2026-08-18,T-Shirt,Clothing,North,Offline,3,499,1497,UPI,C0439
T00494,2026-05-23,Yoga Mat,Sports,East,Online,3,499,1497,Credit Card,C0478
T00495,2026-12-30,T-Shirt,Clothing,North,Offline,3,1499,4497,Net Banking,C0587
T00496,2026-10-09,Mixer,Home,South,Online,6,9999,59994,UPI,C0518
T00497,2026-03-23,Sugar,Grocery,North,Offline,9,2499,22491,Cash,C0219
T00498,2026-12-06,Chair,Home,South,Offline,6,999,5994,UPI,C0118
T00499,2026-12-09,Table,Home,South,Online,4,29999,119996,Credit Card,C0391
T00500,2026-02-28,Bread,Grocery,East,Online,9,49999,449991,Credit Card,C0527
T00501,2026-09-18,Oil,Grocery,South,Offline,1,999,999,UPI,C0099
T00502,2026-03-27,Tennis Racket,Sports,North,Online,1,29999,29999,Cash,C0702
T00503,2026-08-06,Smartphone,Electronics,West,Online,9,49999,449991,Cash,C0025
T00504,2026-08-24,Mixer,Home,North,Online,2,299,598,Credit Card,C0572
T00505,2026-02-06,Cricket Bat,Sports,West,Offline,5,2499,12495,Net Banking,C0444
T00506,2026-06-11,Smartwatch,Electronics,North,Online,2,9999,19998,UPI,C0718
T00507,2026-02-07,Sofa,Home,East,Online,2,999,1998,Credit Card,C0784
T00508,2026-08-13,Oil,Grocery,South,Online,1,4999,4999,Cash,C0765
T00509,2026-07-20,Yoga Mat,Sports,East,Online,3,999,2997,Cash,C0127
T00510,2026-01-22,Tablet,Electronics,North,Offline,10,2499,24990,Cash,C0767
T00511,2026-06-26,Shoes,Clothing,South,Online,9,499,4491,Cash,C0632
T00512,2026-05-10,T-Shirt,Clothing,North,Offline,3,29999,89997,UPI,C0298
T00513,2026-12-10,Headphones,Electronics,West,Offline,2,799,1598,Credit Card,C0132
T00514,2026-12-10,T-Shirt,Clothing,North,Online,5,19999,99995,Credit Card,C0498
T00515,2026-08-19,Sofa,Home,South,Offline,5,49999,249995,Credit Card,C0439
T00516,2026-03-28,Headphones,Electronics,West,Offline,4,799,3196,Credit Card,C0138
T00517,2026-12-14,Table,Home,East,Offline,8,4999,39992,Net Banking,C0565
T00518,2026-02-25,Dress,Clothing,South,Online,2,999,1998,Credit Card,C0752
T00519,2026-11-17,Laptop,Electronics,North,Offline,1,9999,9999,Cash,C0038
T00520,2026-10-10,Sofa,Home,South,Offline,9,4999,44991,Net Banking,C0229
T00521,2026-10-29,Microwave,Home,North,Offline,8,9999,79992,Credit Card,C0515
T00522,2026-01-06,Dress,Clothing,South,Offline,3,9999,29997,Cash,C0184
T00523,2026-10-17,Cricket Bat,Sports,North,Online,8,1499,11992,Net Banking,C0238
T00524,2026-02-02,Chair,Home,South,Offline,4,199,796,Net Banking,C0481
T00525,2026-08-21,Laptop,Electronics,East,Offline,6,299,1794,Cash,C0386
T00526,2026-12-01,Bread,Grocery,North,Offline,10,29999,299990,Net Banking,C0229
T00527,2026-09-22,Bread,Grocery,West,Online,6,4999,29994,Cash,C0451
T00528,2026-03-26,T-Shirt,Clothing,East,Online,9,29999,269991,Cash,C0192
T00529,2026-03-22,Sofa,Home,South,Offline,2,29999,59998,Credit Card,C0738
T00530,2026-02-28,Oil,Grocery,South,Offline,8,799,6392,UPI,C0250
T00531,2026-01-23,Dress,Clothing,South,Online,10,499,4990,Cash,C0058
T00532,2026-03-27,Microwave,Home,North,Offline,9,2499,22491,UPI,C0222
T00533,2026-08-18,Dumbbell,Sports,South,Offline,8,499,3992,Cash,C0597
T00534,2026-04-04,Tennis Racket,Sports,East,Offline,5,499,2495,UPI,C0236
T00535,2026-07-13,Milk,Grocery,South,Offline,2,199,398,Cash,C0621
T00536,2026-02-19,Shoes,Clothing,North,Online,10,19999,199990,UPI,C0494
T00537,2026-12-04,Dress,Clothing,West,Offline,9,199,1791,Credit Card,C0045
T00538,2026-12-24,Dumbbell,Sports,West,Offline,4,4999,19996,UPI,C0436
T00539,2026-03-10,Table,Home,East,Offline,4,299,1196,Credit Card,C0194
T00540,2026-01-03,Tablet,Electronics,North,Offline,9,299,2691,Cash,C0705
T00541,2026-06-11,Bread,Grocery,West,Offline,2,499,998,Credit Card,C0549
T00542,2026-08-05,Yoga Mat,Sports,West,Online,10,999,9990,Net Banking,C0566
T00543,2026-10-13,Milk,Grocery,West,Offline,6,9999,59994,Credit Card,C0592
T00544,2026-06-26,Milk,Grocery,South,Offline,2,49999,99998,Cash,C0103
T00545,2026-04-20,Dumbbell,Sports,North,Online,6,9999,59994,Net Banking,C0652
T00546,2026-01-03,Smartphone,Electronics,West,Online,8,19999,159992,UPI,C0270
T00547,2026-04-24,Mixer,Home,West,Offline,10,199,1990,Credit Card,C0729
T00548,2026-11-02,Smartphone,Electronics,North,Online,8,4999,39992,Credit Card,C0200
T00549,2026-01-18,Tennis Racket,Sports,South,Online,9,49999,449991,UPI,C0369
T00550,2026-05-03,Smartphone,Electronics,West,Offline,2,999,1998,Net Banking,C0416
T00551,2026-10-28,Dress,Clothing,North,Online,1,49999,49999,Credit Card,C0744
T00552,2026-10-14,Yoga Mat,Sports,South,Online,6,999,5994,Net Banking,C0414
T00553,2026-10-22,Headphones,Electronics,North,Online,3,2499,7497,Credit Card,C0349
T00554,2026-03-01,Yoga Mat,Sports,East,Offline,9,19999,179991,Net Banking,C0577
T00555,2026-09-05,Jacket,Clothing,West,Online,8,29999,239992,Net Banking,C0120
T00556,2026-05-13,Smartwatch,Electronics,South,Offline,4,29999,119996,Net Banking,C0362
T00557,2026-09-22,Football,Sports,East,Online,5,799,3995,Net Banking,C0690
T00558,2026-06-25,Tablet,Electronics,East,Offline,3,4999,14997,Cash,C0588
T00559,2026-05-18,Jeans,Clothing,South,Online,8,49999,399992,Cash,C0272
T00560,2026-04-16,Jeans,Clothing,East,Online,4,19999,79996,UPI,C0123
T00561,2026-02-10,Sugar,Grocery,North,Offline,1,9999,9999,Credit Card,C0636
T00562,2026-06-11,Sugar,Grocery,South,Offline,5,4999,24995,Net Banking,C0228
T00563,2026-10-23,T-Shirt,Clothing,West,Online,9,2499,22491,Credit Card,C0404
T00564,2026-12-18,Shoes,Clothing,West,Offline,2,49999,99998,UPI,C0013
T00565,2026-12-12,Shoes,Clothing,East,Offline,10,299,2990,Credit Card,C0192
T00566,2026-10-08,Microwave,Home,East,Offline,5,4999,24995,Cash,C0511
T00567,2026-08-06,Shoes,Clothing,West,Offline,6,1499,8994,Net Banking,C0185
T00568,2026-10-20,Dress,Clothing,East,Online,4,299,1196,Net Banking,C0391
T00569,2026-04-11,Jeans,Clothing,South,Offline,8,199,1592,Net Banking,C0138
T00570,2026-11-19,Tennis Racket,Sports,East,Offline,6,4999,29994,UPI,C0408
T00571,2026-02-20,T-Shirt,Clothing,West,Online,4,999,3996,Net Banking,C0763
T00572,2026-06-21,Chair,Home,East,Offline,6,9999,59994,UPI,C0422
T00573,2026-03-04,Sofa,Home,South,Offline,4,19999,79996,Credit Card,C0333
T00574,2026-12-11,Dumbbell,Sports,West,Offline,8,299,2392,Net Banking,C0647
T00575,2026-03-16,Jacket,Clothing,West,Online,7,29999,209993,UPI,C0166
T00576,2026-06-25,Jacket,Clothing,East,Offline,6,29999,179994,Net Banking,C0278
T00577,2026-08-16,Sofa,Home,West,Online,9,4999,44991,Cash,C0024
T00578,2026-03-06,Jacket,Clothing,South,Offline,2,799,1598,UPI,C0098
T00579,2026-02-02,Sugar,Grocery,West,Online,1,199,199,UPI,C0269
T00580,2026-11-13,T-Shirt,Clothing,South,Online,7,999,6993,Credit Card,C0454
T00581,2026-11-17,Jeans,Clothing,North,Online,9,499,4491,Credit Card,C0334
T00582,2026-09-01,Sugar,Grocery,West,Online,5,9999,49995,Cash,C0606
T00583,2026-11-02,Sugar,Grocery,East,Offline,7,9999,69993,Net Banking,C0553
T00584,2026-04-27,Smartwatch,Electronics,West,Offline,5,1499,7495,Cash,C0311
T00585,2026-01-06,Tablet,Electronics,East,Offline,3,1499,4497,UPI,C0705
T00586,2026-09-09,Bread,Grocery,East,Online,1,2499,2499,UPI,C0562
T00587,2026-07-11,Shoes,Clothing,West,Online,9,2499,22491,Cash,C0733
T00588,2026-11-27,Oil,Grocery,North,Offline,4,999,3996,Cash,C0530
T00589,2026-11-10,Chair,Home,West,Online,9,999,8991,UPI,C0187
T00590,2026-03-11,Mixer,Home,West,Offline,8,19999,159992,Net Banking,C0193
T00591,2026-06-14,Smartphone,Electronics,North,Online,1,9999,9999,UPI,C0289
T00592,2026-05-18,Shoes,Clothing,North,Online,1,799,799,UPI,C0506
T00593,2026-04-22,Table,Home,East,Offline,5,4999,24995,UPI,C0339
T00594,2026-02-11,T-Shirt,Clothing,North,Offline,5,2499,12495,Cash,C0197
T00595,2026-05-09,Rice,Grocery,South,Offline,2,49999,99998,Net Banking,C0254
T00596,2026-01-18,Shoes,Clothing,South,Offline,2,9999,19998,Net Banking,C0698
T00597,2026-06-09,Microwave,Home,North,Offline,1,49999,49999,Net Banking,C0654
T00598,2026-06-02,Jacket,Clothing,South,Online,1,29999,29999,Cash,C0649
T00599,2026-08-11,Mixer,Home,North,Offline,3,999,2997,Cash,C0010
T00600,2026-01-22,Dumbbell,Sports,East,Online,10,499,4990,Cash,C0162
T00601,2026-09-13,Tablet,Electronics,North,Online,6,29999,179994,Credit Card,C0661
T00602,2026-03-20,Football,Sports,South,Offline,3,4999,14997,Credit Card,C0450
T00603,2026-04-09,Smartwatch,Electronics,South,Offline,6,49999,299994,UPI,C0497
T00604,2026-12-28,Sugar,Grocery,West,Online,5,9999,49995,Cash,C0557
T00605,2026-06-28,Table,Home,South,Online,5,19999,99995,Cash,C0461
T00606,2026-06-01,Sofa,Home,North,Offline,6,4999,29994,Cash,C0020
T00607,2026-11-14,Sofa,Home,North,Offline,4,1499,5996,Cash,C0537
T00608,2026-12-16,Sugar,Grocery,East,Offline,3,19999,59997,Net Banking,C0657
T00609,2026-06-14,Laptop,Electronics,North,Online,9,29999,269991,Cash,C0183
T00610,2026-01-17,T-Shirt,Clothing,North,Online,8,799,6392,Net Banking,C0674
T00611,2026-09-08,Tennis Racket,Sports,North,Offline,10,999,9990,Cash,C0621
T00612,2026-02-06,Smartphone,Electronics,West,Online,8,299,2392,Credit Card,C0572
T00613,2026-08-01,Mixer,Home,North,Online,10,999,9990,Credit Card,C0080
T00614,2026-04-21,Football,Sports,South,Offline,2,49999,99998,Cash,C0198
T00615,2026-09-27,Dress,Clothing,West,Online,3,9999,29997,Credit Card,C0691
T00616,2026-08-23,Rice,Grocery,West,Offline,3,499,1497,Cash,C0547
T00617,2026-11-04,Bread,Grocery,East,Offline,6,9999,59994,Net Banking,C0783
T00618,2026-11-21,Bread,Grocery,South,Offline,10,799,7990,Credit Card,C0369
T00619,2026-08-20,Oil,Grocery,North,Offline,1,49999,49999,UPI,C0531
T00620,2026-03-11,Mixer,Home,South,Offline,5,799,3995,UPI,C0791
T00621,2026-12-20,Sofa,Home,South,Online,9,9999,89991,UPI,C0472
T00622,2026-07-02,Jeans,Clothing,South,Online,5,1499,7495,Credit Card,C0308
T00623,2026-02-17,Dumbbell,Sports,North,Offline,10,799,7990,Net Banking,C0178
T00624,2026-09-07,Football,Sports,East,Online,10,29999,299990,Net Banking,C0081
T00625,2026-01-29,Chair,Home,North,Online,7,2499,17493,UPI,C0650
T00626,2026-11-20,Rice,Grocery,North,Offline,5,9999,49995,Cash,C0335
T00627,2026-09-15,Jeans,Clothing,West,Offline,1,29999,29999,UPI,C0228
T00628,2026-08-10,Table,Home,East,Online,3,499,1497,Net Banking,C0586
T00629,2026-01-26,Dumbbell,Sports,West,Offline,5,299,1495,Cash,C0781
T00630,2026-03-11,Sugar,Grocery,West,Online,4,4999,19996,Cash,C0249
T00631,2026-02-06,Table,Home,North,Online,6,29999,179994,Net Banking,C0434
T00632,2026-07-07,Microwave,Home,North,Offline,6,1499,8994,Cash,C0359
T00633,2026-11-12,Sugar,Grocery,North,Online,3,4999,14997,Cash,C0702
T00634,2026-07-11,T-Shirt,Clothing,North,Online,2,49999,99998,Cash,C0295
T00635,2026-01-08,Mixer,Home,West,Online,5,4999,24995,Credit Card,C0215
T00636,2026-10-03,Jeans,Clothing,East,Offline,9,9999,89991,Cash,C0712
T00637,2026-12-24,Smartwatch,Electronics,North,Offline,10,29999,299990,Cash,C0062
T00638,2026-05-26,Dress,Clothing,West,Online,5,199,995,UPI,C0398
T00639,2026-12-05,Chair,Home,East,Offline,2,199,398,Cash,C0390
T00640,2026-09-18,Headphones,Electronics,North,Online,8,19999,159992,Cash,C0513
T00641,2026-08-23,Football,Sports,East,Offline,1,799,799,Net Banking,C0403
T00642,2026-03-22,Headphones,Electronics,East,Online,6,1499,8994,Credit Card,C0064
T00643,2026-11-17,Table,Home,East,Online,1,9999,9999,Cash,C0350
T00644,2026-07-21,T-Shirt,Clothing,South,Offline,7,9999,69993,Cash,C0587
T00645,2026-03-20,Bread,Grocery,West,Online,10,1499,14990,Cash,C0669
T00646,2026-03-12,Tennis Racket,Sports,East,Online,4,499,1996,Net Banking,C0789
T00647,2026-03-16,Cricket Bat,Sports,North,Online,6,299,1794,Credit Card,C0150
T00648,2026-01-16,Table,Home,West,Offline,7,999,6993,Cash,C0798
T00649,2026-04-07,Smartphone,Electronics,East,Online,3,199,597,Cash,C0237
T00650,2026-12-18,Headphones,Electronics,West,Online,2,49999,99998,Net Banking,C0730
T00651,2026-11-29,Microwave,Home,West,Online,7,4999,34993,Cash,C0198
T00652,2026-04-26,Smartwatch,Electronics,West,Online,1,999,999,Cash,C0776
T00653,2026-04-15,Smartphone,Electronics,West,Offline,8,19999,159992,Net Banking,C0253
T00654,2026-08-07,Rice,Grocery,West,Offline,10,49999,499990,Net Banking,C0627
T00655,2026-10-20,Tennis Racket,Sports,North,Online,9,29999,269991,Net Banking,C0468
T00656,2026-01-22,Dress,Clothing,North,Offline,9,2499,22491,UPI,C0195
T00657,2026-05-30,Oil,Grocery,West,Online,5,999,4995,Net Banking,C0302
T00658,2026-11-10,Tablet,Electronics,West,Online,3,4999,14997,UPI,C0185
T00659,2026-10-27,Cricket Bat,Sports,East,Offline,7,2499,17493,UPI,C0184
T00660,2026-08-21,Cricket Bat,Sports,East,Offline,8,299,2392,Cash,C0736
T00661,2026-03-05,Laptop,Electronics,East,Online,8,29999,239992,Net Banking,C0745
T00662,2026-09-19,Cricket Bat,Sports,West,Online,7,9999,69993,Cash,C0344
T00663,2026-10-17,Jeans,Clothing,North,Offline,3,499,1497,Credit Card,C0317
T00664,2026-08-17,Microwave,Home,South,Online,2,499,998,Credit Card,C0013
T00665,2026-08-23,Oil,Grocery,West,Online,9,199,1791,Cash,C0603
T00666,2026-12-04,Oil,Grocery,North,Online,7,4999,34993,Cash,C0561
T00667,2026-05-23,Tennis Racket,Sports,South,Online,4,199,796,UPI,C0669
T00668,2026-06-28,Smartphone,Electronics,East,Offline,1,29999,29999,UPI,C0051
T00669,2026-02-25,Milk,Grocery,East,Online,3,29999,89997,Net Banking,C0768
T00670,2026-10-24,Mixer,Home,East,Offline,2,999,1998,Net Banking,C0070
T00671,2026-08-07,Football,Sports,South,Online,5,4999,24995,Credit Card,C0338
T00672,2026-09-27,Sugar,Grocery,South,Online,4,49999,199996,UPI,C0586
T00673,2026-11-19,Football,Sports,East,Offline,8,49999,399992,Credit Card,C0266
T00674,2026-09-27,Tennis Racket,Sports,West,Offline,6,499,2994,Net Banking,C0185
T00675,2026-11-09,Jacket,Clothing,North,Online,4,199,796,Net Banking,C0641
T00676,2026-03-02,Dress,Clothing,North,Offline,7,2499,17493,Credit Card,C0574
T00677,2026-11-23,T-Shirt,Clothing,East,Offline,4,49999,199996,UPI,C0316
T00678,2026-06-03,Tennis Racket,Sports,North,Offline,6,199,1194,Credit Card,C0406
T00679,2026-10-19,Football,Sports,East,Offline,3,799,2397,Net Banking,C0486
T00680,2026-01-19,Shoes,Clothing,West,Offline,3,29999,89997,Net Banking,C0424
T00681,2026-01-29,Yoga Mat,Sports,East,Online,10,49999,499990,Cash,C0592
T00682,2026-12-17,Chair,Home,East,Online,2,499,998,Credit Card,C0385
T00683,2026-11-17,Cricket Bat,Sports,West,Online,10,19999,199990,UPI,C0770
T00684,2026-06-07,Mixer,Home,North,Offline,5,2499,12495,Cash,C0381
T00685,2026-08-20,Microwave,Home,South,Online,9,999,8991,Credit Card,C0039
T00686,2026-04-14,Smartwatch,Electronics,West,Online,9,199,1791,Cash,C0349
T00687,2026-09-05,Yoga Mat,Sports,North,Online,6,499,2994,Cash,C0742
T00688,2026-01-19,Oil,Grocery,North,Offline,9,299,2691,UPI,C0704
T00689,2026-11-01,Headphones,Electronics,North,Offline,8,199,1592,UPI,C0592
T00690,2026-06-09,Jacket,Clothing,East,Offline,4,799,3196,Credit Card,C0792
T00691,2026-08-14,Headphones,Electronics,East,Online,3,499,1497,UPI,C0638
T00692,2026-10-14,Football,Sports,East,Offline,4,9999,39996,Credit Card,C0145
T00693,2026-12-27,Sofa,Home,North,Offline,4,499,1996,Credit Card,C0554
T00694,2026-08-16,Smartphone,Electronics,North,Online,1,4999,4999,Net Banking,C0056
T00695,2026-02-14,Oil,Grocery,West,Offline,3,49999,149997,Credit Card,C0341
T00696,2026-04-12,Football,Sports,South,Online,8,19999,159992,Net Banking,C0100
T00697,2026-08-22,Table,Home,South,Online,8,799,6392,Credit Card,C0373
T00698,2026-07-20,Jacket,Clothing,West,Online,6,4999,29994,UPI,C0487
T00699,2026-02-27,Table,Home,East,Offline,8,499,3992,Cash,C0521
T00700,2026-02-22,Rice,Grocery,North,Offline,6,9999,59994,Net Banking,C0411
T00701,2026-10-30,Milk,Grocery,South,Offline,10,799,7990,Net Banking,C0068
T00702,2026-06-24,Dress,Clothing,East,Online,7,2499,17493,Cash,C0679
T00703,2026-12-09,Tablet,Electronics,West,Offline,8,299,2392,UPI,C0456
T00704,2026-04-01,Table,Home,North,Offline,2,19999,39998,Credit Card,C0507
T00705,2026-11-27,Laptop,Electronics,North,Online,4,499,1996,Cash,C0464
T00706,2026-09-30,Table,Home,West,Online,10,19999,199990,Cash,C0698
T00707,2026-06-12,Sofa,Home,East,Online,5,2499,12495,UPI,C0627
T00708,2026-09-19,Milk,Grocery,East,Online,5,199,995,UPI,C0721
T00709,2026-10-14,Mixer,Home,South,Offline,5,199,995,Net Banking,C0641
T00710,2026-06-12,Oil,Grocery,South,Online,7,2499,17493,Net Banking,C0143
T00711,2026-04-07,Dumbbell,Sports,South,Offline,6,2499,14994,Cash,C0138
T00712,2026-01-06,Laptop,Electronics,West,Offline,3,49999,149997,Cash,C0087
T00713,2026-03-12,Oil,Grocery,South,Offline,10,2499,24990,Net Banking,C0566
T00714,2026-08-19,Bread,Grocery,West,Online,4,499,1996,Net Banking,C0749
T00715,2026-05-02,Yoga Mat,Sports,East,Online,7,9999,69993,UPI,C0582
T00716,2026-09-05,Mixer,Home,North,Online,10,4999,49990,Credit Card,C0477
T00717,2026-09-22,Tablet,Electronics,South,Offline,10,299,2990,UPI,C0701
T00718,2026-11-21,Tennis Racket,Sports,North,Offline,5,19999,99995,UPI,C0481
T00719,2026-08-21,Dumbbell,Sports,East,Offline,10,49999,499990,Credit Card,C0302
T00720,2026-05-29,T-Shirt,Clothing,East,Offline,10,49999,499990,UPI,C0645
T00721,2026-08-31,Cricket Bat,Sports,East,Online,10,199,1990,Credit Card,C0497
T00722,2026-02-12,Dress,Clothing,East,Online,2,999,1998,Credit Card,C0282
T00723,2026-05-12,Laptop,Electronics,South,Offline,10,499,4990,Credit Card,C0180
T00724,2026-05-14,Shoes,Clothing,North,Offline,3,9999,29997,UPI,C0149
T00725,2026-11-01,Shoes,Clothing,South,Offline,7,2499,17493,Cash,C0216
T00726,2026-10-23,Mixer,Home,North,Online,5,299,1495,Net Banking,C0409
T00727,2026-09-01,Table,Home,West,Offline,9,799,7191,Net Banking,C0269
T00728,2026-03-16,Dumbbell,Sports,West,Offline,1,999,999,Credit Card,C0543
T00729,2026-12-16,Laptop,Electronics,East,Offline,9,29999,269991,Credit Card,C0344
T00730,2026-05-19,Mixer,Home,West,Offline,5,29999,149995,Cash,C0752
T00731,2026-12-11,Cricket Bat,Sports,South,Offline,9,1499,13491,UPI,C0689
T00732,2026-01-05,Laptop,Electronics,North,Offline,7,299,2093,Credit Card,C0225
T00733,2026-05-26,Microwave,Home,North,Online,1,199,199,Cash,C0614
T00734,2026-11-23,Laptop,Electronics,South,Offline,2,19999,39998,Cash,C0114
T00735,2026-12-23,Jacket,Clothing,North,Offline,5,4999,24995,Credit Card,C0788
T00736,2026-08-07,Chair,Home,East,Online,3,299,897,Net Banking,C0398
T00737,2026-06-20,Headphones,Electronics,West,Online,5,499,2495,Net Banking,C0206
T00738,2026-11-09,Milk,Grocery,South,Offline,8,299,2392,Cash,C0629
T00739,2026-11-26,Smartwatch,Electronics,North,Online,5,299,1495,UPI,C0586
T00740,2026-05-09,Rice,Grocery,North,Online,8,499,3992,Net Banking,C0273
T00741,2026-03-19,Table,Home,West,Offline,10,199,1990,Net Banking,C0414
T00742,2026-02-05,Cricket Bat,Sports,West,Online,1,2499,2499,Credit Card,C0342
T00743,2026-12-16,Table,Home,North,Offline,1,29999,29999,Credit Card,C0083
T00744,2026-08-24,Microwave,Home,North,Offline,3,9999,29997,Cash,C0307
T00745,2026-12-23,Rice,Grocery,North,Offline,6,4999,29994,Cash,C0144
T00746,2026-01-19,T-Shirt,Clothing,West,Offline,10,799,7990,UPI,C0554
T00747,2026-11-26,Table,Home,North,Online,9,4999,44991,Credit Card,C0058
T00748,2026-06-22,Smartwatch,Electronics,West,Online,2,799,1598,Cash,C0074
T00749,2026-01-19,Shoes,Clothing,North,Online,1,4999,4999,Cash,C0015
T00750,2026-03-30,Headphones,Electronics,South,Online,2,4999,9998,UPI,C0117
T00751,2026-09-12,Tennis Racket,Sports,South,Offline,4,299,1196,Credit Card,C0756
T00752,2026-12-14,Bread,Grocery,South,Offline,2,29999,59998,Cash,C0783
T00753,2026-01-24,Cricket Bat,Sports,North,Offline,6,299,1794,Cash,C0776
T00754,2026-08-01,Jacket,Clothing,West,Online,9,499,4491,UPI,C0137
T00755,2026-02-21,Dumbbell,Sports,West,Online,3,199,597,UPI,C0008
T00756,2026-04-02,Tablet,Electronics,West,Online,5,2499,12495,Cash,C0147
T00757,2026-11-24,Sofa,Home,South,Online,8,2499,19992,UPI,C0611
T00758,2026-04-03,Sugar,Grocery,East,Offline,2,29999,59998,Net Banking,C0005
T00759,2026-10-13,Jeans,Clothing,North,Offline,2,9999,19998,Cash,C0476
T00760,2026-11-17,Jacket,Clothing,North,Online,1,799,799,Net Banking,C0510
T00761,2026-04-01,T-Shirt,Clothing,East,Offline,1,29999,29999,Cash,C0446
T00762,2026-05-09,Sofa,Home,North,Online,8,199,1592,Cash,C0162
T00763,2026-01-15,Sugar,Grocery,South,Offline,2,299,598,Credit Card,C0430
T00764,2026-04-12,Microwave,Home,South,Online,2,1499,2998,Cash,C0756
T00765,2026-07-31,Shoes,Clothing,West,Offline,4,299,1196,UPI,C0447
T00766,2026-03-16,Dress,Clothing,West,Offline,8,499,3992,Cash,C0469
T00767,2026-04-10,Chair,Home,South,Online,4,1499,5996,UPI,C0288
T00768,2026-03-11,Smartwatch,Electronics,South,Offline,8,2499,19992,Cash,C0303
T00769,2026-11-06,Dress,Clothing,South,Online,3,19999,59997,Net Banking,C0535
T00770,2026-09-08,Dress,Clothing,East,Online,8,4999,39992,Net Banking,C0754
T00771,2026-05-07,Jacket,Clothing,South,Online,7,19999,139993,UPI,C0428
T00772,2026-01-23,Smartwatch,Electronics,West,Offline,9,199,1791,Net Banking,C0714
T00773,2026-02-20,Oil,Grocery,North,Offline,4,299,1196,Cash,C0136
T00774,2026-07-03,Microwave,Home,West,Offline,2,199,398,Cash,C0721
T00775,2026-08-24,Tennis Racket,Sports,West,Online,1,4999,4999,Net Banking,C0190
T00776,2026-07-09,Rice,Grocery,East,Online,2,2499,4998,Credit Card,C0437
T00777,2026-05-19,Tennis Racket,Sports,North,Offline,10,799,7990,UPI,C0528
T00778,2026-12-12,Mixer,Home,East,Offline,2,2499,4998,UPI,C0375
T00779,2026-07-07,Dress,Clothing,South,Online,2,9999,19998,Credit Card,C0245
T00780,2026-10-04,Smartwatch,Electronics,South,Online,10,49999,499990,Credit Card,C0362
T00781,2026-05-17,Dumbbell,Sports,North,Offline,5,199,995,Credit Card,C0464
T00782,2026-09-06,Tennis Racket,Sports,East,Offline,2,4999,9998,Credit Card,C0690
T00783,2026-12-21,Smartphone,Electronics,North,Offline,8,299,2392,Cash,C0296
T00784,2026-02-09,Smartphone,Electronics,South,Offline,5,299,1495,Cash,C0210
T00785,2026-09-24,Headphones,Electronics,South,Offline,7,29999,209993,Credit Card,C0431
T00786,2026-08-16,Headphones,Electronics,North,Online,4,299,1196,Credit Card,C0422
T00787,2026-10-24,Chair,Home,West,Offline,8,19999,159992,Credit Card,C0581
T00788,2026-03-09,Microwave,Home,West,Offline,5,799,3995,Credit Card,C0789
T00789,2026-01-25,Jacket,Clothing,South,Online,5,4999,24995,Credit Card,C0187
T00790,2026-03-31,Jeans,Clothing,North,Offline,4,299,1196,Cash,C0452
T00791,2026-05-14,Microwave,Home,North,Offline,4,9999,39996,Credit Card,C0152
T00792,2026-07-10,Sugar,Grocery,East,Online,3,9999,29997,UPI,C0415
T00793,2026-09-13,Shoes,Clothing,North,Offline,6,499,2994,Credit Card,C0486
T00794,2026-05-29,Cricket Bat,Sports,West,Offline,10,49999,499990,UPI,C0750
T00795,2026-09-03,Smartphone,Electronics,East,Online,9,299,2691,Net Banking,C0633
T00796,2026-04-23,Bread,Grocery,North,Online,2,1499,2998,Cash,C0786
T00797,2026-05-23,T-Shirt,Clothing,West,Online,2,9999,19998,Net Banking,C0200
T00798,2026-09-09,Sofa,Home,North,Offline,10,9999,99990,Net Banking,C0152
T00799,2026-08-07,Table,Home,East,Offline,6,199,1194,Credit Card,C0316
T00800,2026-08-17,Football,Sports,West,Offline,4,49999,199996,Net Banking,C0296
T00801,2026-03-25,Oil,Grocery,North,Online,3,19999,59997,Cash,C0311
T00802,2026-09-01,Yoga Mat,Sports,West,Online,2,19999,39998,UPI,C0420
T00803,2026-11-24,Table,Home,West,Online,3,9999,29997,Cash,C0191
T00804,2026-07-15,Sofa,Home,East,Offline,8,199,1592,Net Banking,C0573
T00805,2026-08-26,T-Shirt,Clothing,East,Offline,1,499,499,Net Banking,C0128
T00806,2026-12-01,Table,Home,South,Online,3,4999,14997,UPI,C0784
T00807,2026-05-22,Rice,Grocery,East,Offline,10,49999,499990,Net Banking,C0265
T00808,2026-11-18,Rice,Grocery,North,Offline,6,9999,59994,Cash,C0596
T00809,2026-01-30,Jacket,Clothing,South,Offline,8,49999,399992,Cash,C0055
T00810,2026-05-20,Table,Home,East,Offline,6,199,1194,UPI,C0527
T00811,2026-04-10,T-Shirt,Clothing,East,Offline,10,499,4990,Credit Card,C0278
T00812,2026-12-17,Mixer,Home,East,Online,9,19999,179991,UPI,C0141
T00813,2026-09-23,Chair,Home,East,Online,8,2499,19992,UPI,C0224
T00814,2026-03-21,Cricket Bat,Sports,North,Offline,4,9999,39996,Net Banking,C0079
T00815,2026-03-01,T-Shirt,Clothing,East,Offline,8,1499,11992,Cash,C0453
T00816,2026-11-02,Yoga Mat,Sports,East,Online,3,49999,149997,UPI,C0228
T00817,2026-03-07,Jeans,Clothing,South,Online,5,499,2495,UPI,C0436
T00818,2026-12-20,Laptop,Electronics,West,Online,1,4999,4999,Cash,C0111
T00819,2026-01-17,Tennis Racket,Sports,North,Offline,1,4999,4999,UPI,C0068
T00820,2026-06-04,Laptop,Electronics,South,Online,2,19999,39998,Cash,C0687
T00821,2026-06-29,Laptop,Electronics,East,Offline,3,49999,149997,Credit Card,C0165
T00822,2026-09-14,Cricket Bat,Sports,North,Online,9,19999,179991,UPI,C0542
T00823,2026-04-22,Jacket,Clothing,North,Online,3,9999,29997,Cash,C0517
T00824,2026-12-29,Bread,Grocery,West,Online,10,499,4990,Cash,C0364
T00825,2026-07-14,Milk,Grocery,West,Online,9,799,7191,Credit Card,C0127
T00826,2026-08-27,Tablet,Electronics,East,Offline,3,4999,14997,UPI,C0085
T00827,2026-06-17,Rice,Grocery,West,Offline,7,999,6993,Net Banking,C0232
T00828,2026-10-11,Bread,Grocery,North,Offline,7,799,5593,Credit Card,C0184
T00829,2026-01-07,Rice,Grocery,North,Online,7,4999,34993,Cash,C0405
T00830,2026-07-25,Football,Sports,East,Online,3,299,897,Credit Card,C0206
T00831,2026-11-01,Rice,Grocery,West,Offline,4,2499,9996,Credit Card,C0775
T00832,2026-11-26,Bread,Grocery,West,Offline,8,29999,239992,Credit Card,C0151
T00833,2026-08-21,Laptop,Electronics,West,Online,5,4999,24995,Cash,C0031
T00834,2026-02-20,Laptop,Electronics,North,Online,8,29999,239992,Net Banking,C0620
T00835,2026-12-14,Microwave,Home,North,Online,5,19999,99995,Net Banking,C0478
T00836,2026-04-14,Table,Home,East,Offline,8,9999,79992,UPI,C0783
T00837,2026-01-17,Rice,Grocery,East,Offline,7,4999,34993,Net Banking,C0471
T00838,2026-01-19,Smartphone,Electronics,East,Online,9,29999,269991,Net Banking,C0442
T00839,2026-03-10,Table,Home,West,Offline,8,299,2392,Net Banking,C0576
T00840,2026-03-22,Football,Sports,West,Offline,7,999,6993,Credit Card,C0785
T00841,2026-05-26,Mixer,Home,North,Online,1,19999,19999,Credit Card,C0358
T00842,2026-10-26,Headphones,Electronics,West,Offline,7,299,2093,Credit Card,C0422
T00843,2026-06-29,Smartphone,Electronics,East,Online,4,799,3196,UPI,C0313
T00844,2026-02-28,Microwave,Home,East,Online,1,9999,9999,Net Banking,C0674
T00845,2026-08-05,Tennis Racket,Sports,North,Offline,7,999,6993,UPI,C0325
T00846,2026-07-13,Dumbbell,Sports,North,Offline,6,19999,119994,UPI,C0708
T00847,2026-12-12,Jacket,Clothing,East,Online,8,9999,79992,Credit Card,C0373
T00848,2026-08-12,Shoes,Clothing,South,Offline,2,9999,19998,Credit Card,C0049
T00849,2026-06-02,Dumbbell,Sports,North,Online,4,19999,79996,Credit Card,C0280
T00850,2026-02-04,Tennis Racket,Sports,South,Offline,8,2499,19992,UPI,C0668
T00851,2026-06-04,Yoga Mat,Sports,East,Online,7,29999,209993,Net Banking,C0412
T00852,2026-05-09,Tennis Racket,Sports,South,Online,8,29999,239992,Cash,C0591
T00853,2026-09-13,Shoes,Clothing,West,Online,5,29999,149995,Cash,C0374
T00854,2026-08-25,Jeans,Clothing,East,Offline,3,49999,149997,Net Banking,C0327
T00855,2026-02-02,Shoes,Clothing,South,Offline,5,999,4995,Cash,C0416
T00856,2026-05-03,Smartphone,Electronics,South,Offline,4,199,796,Net Banking,C0498
T00857,2026-10-14,Oil,Grocery,South,Offline,1,799,799,Cash,C0030
T00858,2026-05-13,Sofa,Home,North,Offline,3,29999,89997,UPI,C0057
T00859,2026-02-12,Sofa,Home,West,Offline,5,299,1495,UPI,C0407
T00860,2026-03-13,T-Shirt,Clothing,North,Offline,10,49999,499990,Net Banking,C0093
T00861,2026-05-02,Football,Sports,West,Online,6,1499,8994,Net Banking,C0224
T00862,2026-03-15,Smartphone,Electronics,West,Offline,4,999,3996,Credit Card,C0604
T00863,2026-01-29,Sugar,Grocery,North,Offline,6,49999,299994,Net Banking,C0487
T00864,2026-12-16,Jacket,Clothing,West,Offline,3,1499,4497,Credit Card,C0022
T00865,2026-11-27,Football,Sports,South,Offline,1,49999,49999,Net Banking,C0317
T00866,2026-11-24,Mixer,Home,West,Offline,9,799,7191,UPI,C0403
T00867,2026-05-11,Mixer,Home,South,Online,4,999,3996,Net Banking,C0647
T00868,2026-06-12,Rice,Grocery,West,Offline,5,299,1495,Net Banking,C0341
T00869,2026-08-05,Smartphone,Electronics,North,Offline,5,9999,49995,Net Banking,C0617
T00870,2026-10-08,Table,Home,South,Offline,1,199,199,Cash,C0004
T00871,2026-07-25,Jacket,Clothing,North,Online,6,19999,119994,Cash,C0256
T00872,2026-09-22,Dress,Clothing,West,Offline,7,1499,10493,Cash,C0267
T00873,2026-03-30,Yoga Mat,Sports,North,Offline,5,799,3995,Credit Card,C0187
T00874,2026-07-21,Sugar,Grocery,North,Online,4,199,796,UPI,C0474
T00875,2026-04-12,Microwave,Home,West,Offline,1,2499,2499,Cash,C0092
T00876,2026-07-08,Dress,Clothing,West,Offline,2,199,398,Net Banking,C0122
T00877,2026-04-25,Jeans,Clothing,West,Offline,5,999,4995,Cash,C0442
T00878,2026-04-16,Cricket Bat,Sports,South,Offline,5,49999,249995,Cash,C0419
T00879,2026-03-16,Headphones,Electronics,West,Online,5,799,3995,Credit Card,C0597
T00880,2026-12-17,Rice,Grocery,South,Offline,1,4999,4999,Net Banking,C0704
T00881,2026-04-19,Oil,Grocery,North,Online,10,999,9990,UPI,C0054
T00882,2026-06-20,Shoes,Clothing,North,Online,6,19999,119994,Credit Card,C0517
T00883,2026-11-14,Bread,Grocery,East,Online,7,29999,209993,UPI,C0595
T00884,2026-04-02,Microwave,Home,East,Offline,9,4999,44991,Cash,C0092
T00885,2026-06-12,Dumbbell,Sports,North,Offline,3,999,2997,UPI,C0131
T00886,2026-09-13,Chair,Home,East,Offline,7,999,6993,Credit Card,C0447
T00887,2026-03-26,Table,Home,West,Online,3,9999,29997,Cash,C0153
T00888,2026-01-28,Jeans,Clothing,East,Online,1,4999,4999,Net Banking,C0447
T00889,2026-03-01,Rice,Grocery,West,Offline,8,1499,11992,Net Banking,C0116
T00890,2026-03-17,Headphones,Electronics,East,Online,2,799,1598,Cash,C0768
T00891,2026-09-18,Sofa,Home,North,Online,10,799,7990,Net Banking,C0079
T00892,2026-05-07,Rice,Grocery,East,Online,6,199,1194,Net Banking,C0383
T00893,2026-10-30,Headphones,Electronics,North,Offline,3,199,597,Net Banking,C0465
T00894,2026-11-18,Sofa,Home,North,Offline,1,1499,1499,Credit Card,C0750
T00895,2026-10-19,Jeans,Clothing,East,Offline,1,29999,29999,UPI,C0762
T00896,2026-02-06,Tennis Racket,Sports,West,Offline,7,299,2093,Cash,C0246
T00897,2026-07-24,Laptop,Electronics,West,Offline,4,499,1996,Credit Card,C0663
T00898,2026-12-01,T-Shirt,Clothing,West,Offline,5,4999,24995,Cash,C0368
T00899,2026-12-07,Headphones,Electronics,West,Offline,9,799,7191,Net Banking,C0488
T00900,2026-05-18,Tennis Racket,Sports,West,Offline,7,299,2093,Cash,C0445
T00901,2026-11-19,Rice,Grocery,East,Offline,1,9999,9999,Cash,C0664
T00902,2026-12-18,Shoes,Clothing,North,Offline,9,29999,269991,Net Banking,C0448
T00903,2026-02-10,Bread,Grocery,East,Online,3,499,1497,Net Banking,C0303
T00904,2026-10-19,Tablet,Electronics,North,Offline,2,199,398,Net Banking,C0097
T00905,2026-08-26,Yoga Mat,Sports,North,Online,6,999,5994,UPI,C0759
T00906,2026-12-05,Milk,Grocery,North,Online,3,2499,7497,Net Banking,C0722
T00907,2026-06-02,Sofa,Home,West,Offline,8,29999,239992,Credit Card,C0192
T00908,2026-04-19,T-Shirt,Clothing,North,Offline,10,999,9990,UPI,C0006
T00909,2026-07-22,Laptop,Electronics,West,Offline,3,29999,89997,Net Banking,C0674
T00910,2026-11-05,Bread,Grocery,East,Offline,10,19999,199990,Credit Card,C0090
T00911,2026-03-06,T-Shirt,Clothing,North,Online,4,299,1196,UPI,C0215
T00912,2026-09-04,Jeans,Clothing,South,Online,7,29999,209993,Credit Card,C0789
T00913,2026-08-26,Shoes,Clothing,North,Online,7,199,1393,Cash,C0757
T00914,2026-12-26,Oil,Grocery,West,Online,8,199,1592,Cash,C0302
T00915,2026-10-19,Rice,Grocery,North,Offline,6,199,1194,Net Banking,C0508
T00916,2026-10-24,Tennis Racket,Sports,West,Offline,5,199,995,Net Banking,C0526
T00917,2026-10-30,Dumbbell,Sports,North,Online,4,49999,199996,Net Banking,C0591
T00918,2026-06-11,Football,Sports,West,Offline,5,29999,149995,UPI,C0507
T00919,2026-11-15,Table,Home,South,Offline,7,199,1393,Cash,C0481
T00920,2026-06-26,Milk,Grocery,East,Offline,9,799,7191,Cash,C0301
T00921,2026-12-31,Oil,Grocery,South,Online,6,4999,29994,Credit Card,C0708
T00922,2026-02-14,Milk,Grocery,South,Offline,3,799,2397,UPI,C0426
T00923,2026-09-10,Microwave,Home,North,Online,4,9999,39996,Credit Card,C0268
T00924,2026-07-02,Jeans,Clothing,North,Offline,9,199,1791,Net Banking,C0117
T00925,2026-11-13,T-Shirt,Clothing,West,Offline,9,799,7191,Credit Card,C0364
T00926,2026-01-24,Yoga Mat,Sports,North,Online,3,49999,149997,Net Banking,C0469
T00927,2026-02-26,Tablet,Electronics,North,Online,10,299,2990,Cash,C0646
T00928,2026-03-02,Jacket,Clothing,East,Offline,3,49999,149997,Net Banking,C0751
T00929,2026-02-20,Jacket,Clothing,North,Online,6,499,2994,Net Banking,C0426
T00930,2026-01-04,Shoes,Clothing,South,Online,6,999,5994,Credit Card,C0382
T00931,2026-08-01,Microwave,Home,West,Online,3,9999,29997,Cash,C0440
T00932,2026-07-31,Oil,Grocery,East,Online,9,29999,269991,Net Banking,C0150
T00933,2026-01-06,Football,Sports,East,Offline,2,1499,2998,Cash,C0445
T00934,2026-02-01,Rice,Grocery,North,Offline,3,19999,59997,Net Banking,C0412
T00935,2026-12-15,Yoga Mat,Sports,North,Offline,6,1499,8994,Cash,C0718
T00936,2026-07-26,Milk,Grocery,West,Offline,9,19999,179991,Net Banking,C0795
T00937,2026-04-12,Mixer,Home,East,Offline,1,9999,9999,Cash,C0533
T00938,2026-10-04,Microwave,Home,East,Offline,2,9999,19998,Cash,C0024
T00939,2026-01-15,Tennis Racket,Sports,East,Offline,5,799,3995,UPI,C0750
T00940,2026-01-31,Chair,Home,North,Online,9,1499,13491,UPI,C0460
T00941,2026-06-02,Football,Sports,South,Online,8,1499,11992,Credit Card,C0307
T00942,2026-05-26,Cricket Bat,Sports,South,Online,7,9999,69993,Credit Card,C0529
T00943,2026-10-26,Jacket,Clothing,South,Offline,8,299,2392,Net Banking,C0084
T00944,2026-02-17,Smartwatch,Electronics,South,Offline,3,4999,14997,UPI,C0379
T00945,2026-12-13,Dumbbell,Sports,West,Offline,10,9999,99990,Net Banking,C0652
T00946,2026-08-05,Oil,Grocery,South,Online,7,499,3493,Net Banking,C0729
T00947,2026-08-23,Dress,Clothing,South,Offline,9,299,2691,Net Banking,C0034
T00948,2026-03-22,Yoga Mat,Sports,West,Online,2,19999,39998,UPI,C0379
T00949,2026-10-20,Mixer,Home,North,Offline,9,499,4491,Credit Card,C0384
T00950,2026-06-05,Table,Home,South,Offline,1,499,499,UPI,C0313
T00951,2026-05-26,Jeans,Clothing,North,Offline,8,199,1592,UPI,C0046
T00952,2026-08-02,Sugar,Grocery,West,Offline,5,19999,99995,Net Banking,C0487
T00953,2026-11-07,Jeans,Clothing,West,Offline,9,29999,269991,Net Banking,C0153
T00954,2026-06-16,Tablet,Electronics,West,Online,10,2499,24990,Net Banking,C0348
T00955,2026-10-04,Smartwatch,Electronics,North,Online,5,29999,149995,UPI,C0586
T00956,2026-11-19,Sofa,Home,North,Online,2,29999,59998,UPI,C0584
T00957,2026-09-25,Shoes,Clothing,North,Online,9,199,1791,UPI,C0282
T00958,2026-04-16,Dress,Clothing,East,Offline,8,299,2392,UPI,C0504
T00959,2026-01-12,Table,Home,North,Offline,3,2499,7497,Net Banking,C0264
T00960,2026-02-16,Laptop,Electronics,East,Online,9,499,4491,Cash,C0262
T00961,2026-02-15,Jacket,Clothing,South,Online,7,29999,209993,Credit Card,C0186
T00962,2026-01-14,Headphones,Electronics,East,Online,7,299,2093,Net Banking,C0332
T00963,2026-05-13,Rice,Grocery,South,Online,1,799,799,Net Banking,C0521
T00964,2026-09-16,Rice,Grocery,East,Offline,5,199,995,Net Banking,C0068
T00965,2026-09-05,Smartwatch,Electronics,East,Online,4,199,796,Cash,C0782
T00966,2026-10-12,Jacket,Clothing,West,Online,10,2499,24990,Cash,C0146
T00967,2026-07-11,Cricket Bat,Sports,West,Offline,4,9999,39996,UPI,C0002
T00968,2026-08-26,Yoga Mat,Sports,North,Offline,3,199,597,Credit Card,C0613
T00969,2026-05-09,Bread,Grocery,East,Online,4,19999,79996,Cash,C0757
T00970,2026-10-01,Football,Sports,West,Online,5,299,1495,Cash,C0743
T00971,2026-10-12,Table,Home,East,Offline,4,19999,79996,Credit Card,C0771
T00972,2026-12-29,Bread,Grocery,East,Offline,4,29999,119996,Cash,C0471
T00973,2026-11-03,Mixer,Home,North,Offline,3,29999,89997,UPI,C0010
T00974,2026-12-11,Shoes,Clothing,West,Offline,9,49999,449991,UPI,C0665
T00975,2026-11-30,Tablet,Electronics,West,Online,1,29999,29999,Credit Card,C0386
T00976,2026-11-04,Table,Home,North,Online,3,49999,149997,Net Banking,C0380
T00977,2026-04-09,Rice,Grocery,North,Offline,4,49999,199996,Credit Card,C0197
T00978,2026-02-16,Yoga Mat,Sports,West,Offline,4,799,3196,UPI,C0288
T00979,2026-09-10,Cricket Bat,Sports,West,Online,1,799,799,Credit Card,C0583
T00980,2026-09-14,Milk,Grocery,South,Online,9,799,7191,Cash,C0764
T00981,2026-02-03,Jacket,Clothing,East,Online,10,799,7990,UPI,C0710
T00982,2026-12-14,Tennis Racket,Sports,West,Online,5,29999,149995,Net Banking,C0657
T00983,2026-12-11,Headphones,Electronics,East,Online,7,2499,17493,Net Banking,C0508
T00984,2026-07-05,Football,Sports,East,Offline,4,199,796,Net Banking,C0324
T00985,2026-01-03,Milk,Grocery,North,Online,6,299,1794,Net Banking,C0077
T00986,2026-05-08,Jeans,Clothing,North,Online,6,999,5994,UPI,C0492
T00987,2026-08-10,Tablet,Electronics,South,Online,6,999,5994,Net Banking,C0245
T00988,2026-06-24,Headphones,Electronics,North,Offline,9,799,7191,UPI,C0641
T00989,2026-08-17,Football,Sports,North,Offline,2,199,398,Credit Card,C0711
T00990,2026-02-03,T-Shirt,Clothing,East,Offline,8,199,1592,UPI,C0105
T00991,2026-12-13,Tablet,Electronics,West,Offline,1,999,999,UPI,C0633
T00992,2026-07-30,Dress,Clothing,West,Offline,10,199,1990,Net Banking,C0439
T00993,2026-11-14,Football,Sports,North,Offline,6,29999,179994,Credit Card,C0602
T00994,2026-04-09,Laptop,Electronics,North,Online,1,19999,19999,Cash,C0653
T00995,2026-09-18,Chair,Home,West,Online,7,4999,34993,Cash,C0141
T00996,2026-01-23,Smartphone,Electronics,West,Offline,5,19999,99995,Credit Card,C0598
T00997,2026-10-05,Jeans,Clothing,East,Offline,8,999,7992,Credit Card,C0009
T00998,2026-09-23,Cricket Bat,Sports,North,Offline,1,799,799,Credit Card,C0201
T00999,2026-04-13,T-Shirt,Clothing,West,Offline,6,799,4794,Credit Card,C0593
T01000,2026-10-17,Sofa,Home,East,Online,5,2499,12495,UPI,C0466
T01001,2026-01-22,Milk,Grocery,South,Online,1,29999,29999,Net Banking,C0639
T01002,2026-04-20,Shoes,Clothing,West,Online,6,49999,299994,Net Banking,C0189
T01003,2026-01-04,Mixer,Home,North,Online,2,1499,2998,Cash,C0298
T01004,2026-08-14,Dress,Clothing,North,Online,6,199,1194,Cash,C0291
T01005,2026-03-31,Jacket,Clothing,South,Online,3,1499,4497,Cash,C0023
T01006,2026-04-01,Mixer,Home,South,Offline,1,29999,29999,UPI,C0347
T01007,2026-04-18,Table,Home,East,Online,4,1499,5996,Net Banking,C0729
T01008,2026-02-03,Smartphone,Electronics,South,Offline,3,799,2397,Credit Card,C0326
T01009,2026-11-03,Milk,Grocery,South,Offline,1,19999,19999,Cash,C0336
T01010,2026-05-07,Headphones,Electronics,West,Online,3,9999,29997,UPI,C0482
T01011,2026-12-06,Football,Sports,West,Offline,3,9999,29997,Net Banking,C0532
T01012,2026-08-26,Jacket,Clothing,West,Offline,6,9999,59994,Net Banking,C0275
T01013,2026-10-25,Sugar,Grocery,South,Online,1,799,799,Net Banking,C0241
T01014,2026-07-22,Jacket,Clothing,South,Offline,7,2499,17493,Credit Card,C0564
T01015,2026-02-13,T-Shirt,Clothing,East,Online,5,4999,24995,UPI,C0477
T01016,2026-09-20,Yoga Mat,Sports,West,Offline,7,4999,34993,Net Banking,C0377
T01017,2026-09-12,Chair,Home,South,Offline,7,199,1393,Cash,C0272
T01018,2026-11-27,Headphones,Electronics,North,Offline,2,999,1998,Cash,C0101
T01019,2026-03-02,Headphones,Electronics,South,Offline,1,9999,9999,Cash,C0692
T01020,2026-06-18,Chair,Home,South,Offline,5,799,3995,UPI,C0789
T01021,2026-06-03,Chair,Home,North,Offline,7,2499,17493,Cash,C0408
T01022,2026-04-27,Jeans,Clothing,West,Offline,8,799,6392,Credit Card,C0088
T01023,2026-06-10,Shoes,Clothing,West,Offline,7,799,5593,UPI,C0384
T01024,2026-03-13,Cricket Bat,Sports,North,Offline,5,49999,249995,Credit Card,C0348
T01025,2026-04-26,Oil,Grocery,East,Offline,7,49999,349993,UPI,C0582
T01026,2026-01-17,Jeans,Clothing,West,Offline,6,19999,119994,Cash,C0401
T01027,2026-02-02,Dumbbell,Sports,North,Offline,4,4999,19996,Net Banking,C0655
T01028,2026-06-05,Smartphone,Electronics,South,Online,2,29999,59998,Net Banking,C0028
T01029,2026-04-06,T-Shirt,Clothing,South,Online,7,999,6993,Credit Card,C0676
T01030,2026-09-26,Smartwatch,Electronics,North,Online,1,1499,1499,Credit Card,C0421
T01031,2026-07-20,T-Shirt,Clothing,West,Offline,3,9999,29997,UPI,C0399
T01032,2026-04-16,Jeans,Clothing,West,Online,5,2499,12495,Credit Card,C0602
T01033,2026-04-14,Dumbbell,Sports,North,Online,5,799,3995,Net Banking,C0066
T01034,2026-07-24,Cricket Bat,Sports,West,Offline,9,1499,13491,Net Banking,C0590
T01035,2026-01-21,Headphones,Electronics,East,Offline,8,1499,11992,Cash,C0426
T01036,2026-05-08,Dress,Clothing,West,Online,7,4999,34993,UPI,C0403
T01037,2026-12-24,Smartphone,Electronics,East,Online,3,999,2997,Cash,C0506
T01038,2026-07-30,Football,Sports,North,Offline,6,299,1794,Net Banking,C0462
T01039,2026-03-26,Microwave,Home,West,Online,9,199,1791,UPI,C0655
T01040,2026-12-22,Oil,Grocery,West,Online,6,49999,299994,Net Banking,C0039
T01041,2026-01-06,Mixer,Home,West,Offline,3,1499,4497,Net Banking,C0070
T01042,2026-02-12,Cricket Bat,Sports,West,Offline,8,499,3992,Cash,C0175
T01043,2026-01-10,Football,Sports,North,Offline,3,999,2997,Cash,C0080
T01044,2026-12-10,Headphones,Electronics,East,Online,3,4999,14997,Cash,C0732
T01045,2026-01-18,Cricket Bat,Sports,North,Online,8,49999,399992,Net Banking,C0707
T01046,2026-06-07,Rice,Grocery,North,Offline,10,199,1990,Cash,C0256
T01047,2026-07-11,Jeans,Clothing,West,Online,2,199,398,UPI,C0346
T01048,2026-04-09,Smartphone,Electronics,South,Online,2,29999,59998,UPI,C0426
T01049,2026-09-20,Headphones,Electronics,South,Online,6,9999,59994,Net Banking,C0439
T01050,2026-03-03,Jeans,Clothing,East,Online,2,1499,2998,UPI,C0412
T01051,2026-12-01,Mixer,Home,West,Online,7,799,5593,UPI,C0674
T01052,2026-05-23,Yoga Mat,Sports,South,Offline,1,299,299,Credit Card,C0786
T01053,2026-11-03,Rice,Grocery,South,Offline,9,19999,179991,UPI,C0615
T01054,2026-06-16,Milk,Grocery,East,Offline,6,499,2994,UPI,C0344
T01055,2026-01-10,Tennis Racket,Sports,South,Online,8,2499,19992,Cash,C0022
T01056,2026-11-12,Headphones,Electronics,West,Online,4,49999,199996,UPI,C0062
T01057,2026-03-12,Table,Home,South,Offline,5,799,3995,Cash,C0658
T01058,2026-01-20,Dress,Clothing,East,Online,8,49999,399992,Credit Card,C0326
T01059,2026-11-26,Tablet,Electronics,East,Online,7,29999,209993,Cash,C0751
T01060,2026-06-19,Microwave,Home,North,Online,4,9999,39996,Cash,C0623
T01061,2026-07-15,Yoga Mat,Sports,North,Online,3,4999,14997,Net Banking,C0072
T01062,2026-04-09,Smartphone,Electronics,North,Online,4,499,1996,Cash,C0242
T01063,2026-09-17,Smartwatch,Electronics,South,Online,8,999,7992,Cash,C0435
T01064,2026-04-01,Cricket Bat,Sports,West,Online,5,999,4995,Credit Card,C0493
T01065,2026-02-10,Table,Home,West,Offline,7,499,3493,Net Banking,C0518
T01066,2026-11-09,Milk,Grocery,West,Offline,8,199,1592,UPI,C0778
T01067,2026-06-03,Tennis Racket,Sports,South,Offline,3,9999,29997,Net Banking,C0475
T01068,2026-06-06,Bread,Grocery,West,Online,7,9999,69993,Credit Card,C0140
T01069,2026-08-29,Jeans,Clothing,North,Offline,4,199,796,Net Banking,C0415
T01070,2026-08-01,Bread,Grocery,East,Online,7,4999,34993,Net Banking,C0040
T01071,2026-03-05,Sugar,Grocery,West,Offline,3,799,2397,Credit Card,C0522
T01072,2026-12-30,Bread,Grocery,West,Offline,1,29999,29999,Cash,C0249
T01073,2026-09-02,Headphones,Electronics,South,Offline,1,49999,49999,Net Banking,C0698
T01074,2026-03-17,Microwave,Home,South,Online,10,19999,199990,UPI,C0790
T01075,2026-02-17,Oil,Grocery,South,Offline,10,299,2990,Cash,C0438
T01076,2026-05-10,Sofa,Home,West,Offline,9,29999,269991,Net Banking,C0771
T01077,2026-02-15,Tablet,Electronics,East,Online,6,499,2994,Net Banking,C0716
T01078,2026-06-07,Smartphone,Electronics,North,Online,8,199,1592,Net Banking,C0538
T01079,2026-08-02,Table,Home,East,Online,3,499,1497,Cash,C0203
T01080,2026-09-07,Dress,Clothing,South,Online,2,4999,9998,Cash,C0061
T01081,2026-04-04,Jacket,Clothing,North,Online,7,4999,34993,UPI,C0301
T01082,2026-02-13,Rice,Grocery,East,Online,5,299,1495,Cash,C0490
T01083,2026-09-06,Laptop,Electronics,North,Online,1,999,999,UPI,C0217
T01084,2026-09-25,Smartwatch,Electronics,East,Offline,10,9999,99990,Net Banking,C0776
T01085,2026-06-22,Dumbbell,Sports,East,Offline,6,1499,8994,Cash,C0370
T01086,2026-12-07,Oil,Grocery,East,Offline,10,199,1990,UPI,C0004
T01087,2026-08-22,Milk,Grocery,North,Offline,1,19999,19999,Cash,C0378
T01088,2026-08-20,Dumbbell,Sports,South,Online,9,2499,22491,Credit Card,C0018
T01089,2026-11-21,Mixer,Home,West,Online,6,29999,179994,Net Banking,C0410
T01090,2026-11-10,Headphones,Electronics,North,Offline,7,4999,34993,Credit Card,C0622
T01091,2026-04-10,Dress,Clothing,North,Online,10,49999,499990,Net Banking,C0090
T01092,2026-06-04,Dumbbell,Sports,North,Offline,3,4999,14997,Cash,C0250
T01093,2026-04-19,T-Shirt,Clothing,North,Online,2,2499,4998,Credit Card,C0393
T01094,2026-05-24,Jacket,Clothing,North,Online,8,29999,239992,Net Banking,C0093
T01095,2026-12-21,Microwave,Home,North,Offline,10,19999,199990,Net Banking,C0735
T01096,2026-07-15,Dumbbell,Sports,East,Online,4,799,3196,Credit Card,C0090
T01097,2026-02-27,Headphones,Electronics,North,Offline,10,799,7990,Cash,C0321
T01098,2026-07-14,Football,Sports,South,Offline,5,199,995,Net Banking,C0328
T01099,2026-07-06,Dress,Clothing,South,Online,10,19999,199990,Net Banking,C0010
T01100,2026-10-03,Bread,Grocery,South,Offline,3,999,2997,Net Banking,C0151
T01101,2026-11-04,Microwave,Home,East,Offline,1,19999,19999,UPI,C0281
T01102,2026-12-28,Dumbbell,Sports,East,Offline,4,4999,19996,UPI,C0342
T01103,2026-03-20,Jeans,Clothing,West,Offline,1,499,499,Credit Card,C0676
T01104,2026-03-23,Tablet,Electronics,West,Offline,7,1499,10493,Credit Card,C0776
T01105,2026-07-20,Rice,Grocery,East,Offline,9,49999,449991,Cash,C0718
T01106,2026-10-08,Rice,Grocery,North,Offline,3,1499,4497,Net Banking,C0671
T01107,2026-03-25,Cricket Bat,Sports,West,Offline,8,49999,399992,Cash,C0215
T01108,2026-04-22,T-Shirt,Clothing,North,Online,6,49999,299994,Net Banking,C0438
T01109,2026-12-14,T-Shirt,Clothing,West,Online,2,1499,2998,UPI,C0121
T01110,2026-09-21,Sofa,Home,West,Online,7,499,3493,UPI,C0122
T01111,2026-05-04,Oil,Grocery,South,Offline,5,49999,249995,UPI,C0797
T01112,2026-08-26,Bread,Grocery,North,Online,8,1499,11992,UPI,C0085
T01113,2026-03-04,Sugar,Grocery,West,Offline,4,199,796,UPI,C0608
T01114,2026-04-03,Oil,Grocery,South,Online,7,999,6993,Credit Card,C0066
T01115,2026-10-03,Shoes,Clothing,West,Online,1,2499,2499,UPI,C0772
T01116,2026-04-17,Smartphone,Electronics,South,Online,10,49999,499990,Net Banking,C0322
T01117,2026-03-04,Smartphone,Electronics,South,Online,10,799,7990,Credit Card,C0772
T01118,2026-01-18,Laptop,Electronics,East,Online,9,999,8991,Net Banking,C0674
T01119,2026-01-01,Jacket,Clothing,East,Offline,1,9999,9999,Cash,C0591
T01120,2026-09-09,Sofa,Home,South,Online,6,19999,119994,UPI,C0243
T01121,2026-01-19,Jeans,Clothing,South,Online,5,799,3995,Credit Card,C0285
T01122,2026-03-07,Dumbbell,Sports,East,Offline,2,9999,19998,Net Banking,C0666
T01123,2026-03-25,Oil,Grocery,West,Online,2,999,1998,Cash,C0073
T01124,2026-11-19,Microwave,Home,South,Offline,6,19999,119994,Cash,C0324
T01125,2026-08-11,Rice,Grocery,North,Offline,10,799,7990,UPI,C0545
T01126,2026-02-26,Dumbbell,Sports,North,Offline,2,1499,2998,Credit Card,C0797
T01127,2026-05-20,Jeans,Clothing,North,Offline,5,199,995,Cash,C0388
T01128,2026-02-23,Smartphone,Electronics,East,Offline,9,49999,449991,UPI,C0542
T01129,2026-06-28,Yoga Mat,Sports,North,Online,9,999,8991,Cash,C0326
T01130,2026-07-19,Jacket,Clothing,West,Offline,9,9999,89991,Cash,C0266
T01131,2026-01-05,Cricket Bat,Sports,West,Offline,3,499,1497,UPI,C0743
T01132,2026-11-24,Microwave,Home,West,Online,10,2499,24990,Net Banking,C0363
T01133,2026-08-28,Yoga Mat,Sports,South,Offline,5,2499,12495,UPI,C0313
T01134,2026-07-28,Mixer,Home,South,Online,2,299,598,Cash,C0590
T01135,2026-01-30,Headphones,Electronics,North,Offline,9,4999,44991,Cash,C0492
T01136,2026-09-12,Tennis Racket,Sports,North,Online,2,2499,4998,UPI,C0732
T01137,2026-08-06,Yoga Mat,Sports,North,Offline,4,49999,199996,Cash,C0691
T01138,2026-09-26,Jeans,Clothing,South,Offline,2,1499,2998,UPI,C0433
T01139,2026-09-11,Milk,Grocery,East,Online,6,299,1794,UPI,C0298
T01140,2026-06-03,Bread,Grocery,North,Offline,5,799,3995,Cash,C0313
T01141,2026-11-26,Football,Sports,West,Online,8,19999,159992,Credit Card,C0007
T01142,2026-11-12,Bread,Grocery,North,Online,5,1499,7495,Credit Card,C0740
T01143,2026-04-06,Bread,Grocery,West,Offline,1,299,299,Cash,C0087
T01144,2026-09-28,Cricket Bat,Sports,West,Online,7,299,2093,Cash,C0788
T01145,2026-12-03,Microwave,Home,East,Offline,8,2499,19992,Credit Card,C0439
T01146,2026-04-04,Yoga Mat,Sports,West,Online,2,4999,9998,Cash,C0363
T01147,2026-08-11,Headphones,Electronics,South,Offline,4,299,1196,UPI,C0137
T01148,2026-07-22,Bread,Grocery,South,Offline,1,499,499,Credit Card,C0122
T01149,2026-08-04,Sugar,Grocery,South,Offline,8,29999,239992,Net Banking,C0514
T01150,2026-07-19,T-Shirt,Clothing,South,Online,2,199,398,Credit Card,C0513
T01151,2026-01-07,T-Shirt,Clothing,North,Offline,6,2499,14994,Net Banking,C0297
T01152,2026-05-25,Rice,Grocery,South,Online,7,799,5593,Cash,C0288
T01153,2026-02-28,Microwave,Home,West,Online,7,799,5593,Cash,C0194
T01154,2026-10-30,Jeans,Clothing,West,Online,2,499,998,Credit Card,C0197
T01155,2026-03-16,Rice,Grocery,North,Online,10,799,7990,Net Banking,C0418
T01156,2026-09-26,Microwave,Home,West,Offline,4,1499,5996,UPI,C0523
T01157,2026-08-07,Headphones,Electronics,East,Offline,2,999,1998,Credit Card,C0729
T01158,2026-08-03,Jacket,Clothing,North,Online,1,499,499,UPI,C0677
T01159,2026-06-14,Jacket,Clothing,North,Offline,8,999,7992,Cash,C0259
T01160,2026-09-09,Chair,Home,North,Online,5,299,1495,Cash,C0340
T01161,2026-07-04,Sofa,Home,East,Online,9,19999,179991,Credit Card,C0216
T01162,2026-10-27,Rice,Grocery,North,Online,2,499,998,Cash,C0198
T01163,2026-12-27,Rice,Grocery,East,Offline,2,9999,19998,Net Banking,C0780
T01164,2026-04-14,Cricket Bat,Sports,South,Offline,1,499,499,Credit Card,C0778
T01165,2026-10-14,Chair,Home,North,Offline,8,29999,239992,UPI,C0495
T01166,2026-08-03,Tennis Racket,Sports,East,Online,1,499,499,Credit Card,C0047
T01167,2026-10-17,Smartphone,Electronics,North,Online,7,4999,34993,Net Banking,C0769
T01168,2026-09-18,Sugar,Grocery,East,Online,7,2499,17493,Cash,C0004
T01169,2026-03-23,Cricket Bat,Sports,North,Offline,10,49999,499990,Credit Card,C0311
T01170,2026-04-23,Chair,Home,South,Online,9,299,2691,UPI,C0547
T01171,2026-05-02,Mixer,Home,South,Offline,3,999,2997,UPI,C0658
T01172,2026-05-08,Dress,Clothing,East,Offline,2,199,398,Credit Card,C0086
T01173,2026-12-28,Yoga Mat,Sports,East,Offline,3,2499,7497,UPI,C0641
T01174,2026-01-06,Microwave,Home,East,Online,5,499,2495,UPI,C0740
T01175,2026-12-19,Bread,Grocery,South,Offline,10,9999,99990,Cash,C0333
T01176,2026-05-18,Dress,Clothing,West,Online,7,499,3493,Net Banking,C0378
T01177,2026-03-17,Rice,Grocery,West,Online,8,499,3992,Cash,C0194
T01178,2026-10-19,Milk,Grocery,East,Online,5,199,995,Cash,C0404
T01179,2026-12-18,Cricket Bat,Sports,North,Offline,2,499,998,Cash,C0466
T01180,2026-11-27,Rice,Grocery,North,Online,9,499,4491,Net Banking,C0394
T01181,2026-01-11,Laptop,Electronics,South,Online,1,499,499,Credit Card,C0147
T01182,2026-11-18,Football,Sports,East,Online,1,299,299,Cash,C0143
T01183,2026-09-03,Dumbbell,Sports,East,Offline,3,999,2997,Cash,C0250
T01184,2026-01-29,Yoga Mat,Sports,North,Online,9,299,2691,UPI,C0558
T01185,2026-06-01,Tablet,Electronics,North,Online,7,499,3493,UPI,C0233
T01186,2026-08-07,Milk,Grocery,East,Online,6,29999,179994,Net Banking,C0704
T01187,2026-02-27,Milk,Grocery,North,Offline,2,799,1598,Credit Card,C0079
T01188,2026-11-12,Mixer,Home,North,Online,6,299,1794,Cash,C0439
T01189,2026-09-29,Sofa,Home,West,Online,3,29999,89997,Credit Card,C0640
T01190,2026-05-27,Mixer,Home,East,Offline,5,4999,24995,UPI,C0003
T01191,2026-03-18,Jacket,Clothing,West,Offline,3,2499,7497,UPI,C0116
T01192,2026-10-23,Bread,Grocery,East,Online,3,299,897,Cash,C0786
T01193,2026-07-17,Chair,Home,West,Offline,8,2499,19992,Credit Card,C0142
T01194,2026-12-01,Shoes,Clothing,West,Offline,7,9999,69993,Cash,C0394
T01195,2026-02-12,Dumbbell,Sports,South,Online,9,19999,179991,Cash,C0371
T01196,2026-01-02,T-Shirt,Clothing,West,Online,6,9999,59994,UPI,C0062
T01197,2026-06-28,Microwave,Home,South,Offline,5,4999,24995,Cash,C0216
T01198,2026-04-25,Smartphone,Electronics,South,Offline,2,49999,99998,UPI,C0713
T01199,2026-08-06,Mixer,Home,North,Offline,2,29999,59998,Cash,C0031
T01200,2026-03-17,Microwave,Home,North,Online,2,799,1598,Net Banking,C0154
T01201,2026-04-04,Milk,Grocery,East,Offline,9,49999,449991,Net Banking,C0740
T01202,2026-06-22,Rice,Grocery,South,Online,5,299,1495,UPI,C0619
T01203,2026-03-30,Cricket Bat,Sports,West,Offline,1,2499,2499,Credit Card,C0586
T01204,2026-09-14,Microwave,Home,East,Online,7,499,3493,Net Banking,C0129
T01205,2026-04-19,Sugar,Grocery,West,Online,1,799,799,UPI,C0710
T01206,2026-08-28,Bread,Grocery,South,Online,7,2499,17493,Credit Card,C0663
T01207,2026-08-06,Jacket,Clothing,North,Offline,2,299,598,Credit Card,C0029
T01208,2026-05-03,Microwave,Home,North,Online,9,299,2691,UPI,C0775
T01209,2026-06-08,Dress,Clothing,North,Online,4,29999,119996,Credit Card,C0088
T01210,2026-10-19,Football,Sports,North,Online,10,4999,49990,Credit Card,C0096
T01211,2026-06-08,Headphones,Electronics,South,Offline,5,2499,12495,Net Banking,C0744
T01212,2026-07-02,T-Shirt,Clothing,North,Online,6,2499,14994,UPI,C0602
T01213,2026-07-15,Sugar,Grocery,South,Online,1,999,999,Net Banking,C0081
T01214,2026-11-17,Smartphone,Electronics,South,Online,4,29999,119996,Credit Card,C0459
T01215,2026-03-09,Chair,Home,West,Online,6,19999,119994,Net Banking,C0245
T01216,2026-04-17,Tennis Racket,Sports,West,Online,2,499,998,UPI,C0147
T01217,2026-06-08,Football,Sports,West,Offline,8,299,2392,Cash,C0303
T01218,2026-03-24,Headphones,Electronics,East,Online,10,1499,14990,UPI,C0184
T01219,2026-12-30,Bread,Grocery,West,Online,8,999,7992,UPI,C0583
T01220,2026-09-07,Headphones,Electronics,West,Online,5,2499,12495,Net Banking,C0376
T01221,2026-09-20,Yoga Mat,Sports,West,Offline,6,299,1794,Credit Card,C0699
T01222,2026-01-22,Football,Sports,North,Online,4,49999,199996,UPI,C0298
T01223,2026-07-12,Dress,Clothing,South,Offline,7,299,2093,Net Banking,C0686
T01224,2026-02-17,Table,Home,West,Online,8,29999,239992,UPI,C0185
T01225,2026-02-25,Oil,Grocery,East,Online,4,2499,9996,Credit Card,C0351
T01226,2026-11-06,Milk,Grocery,East,Offline,8,299,2392,UPI,C0559
T01227,2026-03-21,Milk,Grocery,North,Offline,4,1499,5996,UPI,C0371
T01228,2026-08-09,Milk,Grocery,North,Offline,1,799,799,Credit Card,C0259
T01229,2026-11-22,T-Shirt,Clothing,East,Offline,3,299,897,UPI,C0306
T01230,2026-12-31,Oil,Grocery,East,Online,9,799,7191,UPI,C0095
T01231,2026-08-08,Chair,Home,East,Offline,3,799,2397,Net Banking,C0487
T01232,2026-10-02,Shoes,Clothing,West,Online,6,49999,299994,Cash,C0080
T01233,2026-12-08,Tennis Racket,Sports,East,Online,3,1499,4497,Cash,C0470
T01234,2026-03-17,Bread,Grocery,West,Offline,2,29999,59998,UPI,C0462
T01235,2026-03-06,Sugar,Grocery,South,Online,2,199,398,Net Banking,C0714
T01236,2026-10-07,Dress,Clothing,East,Online,7,799,5593,Cash,C0696
T01237,2026-10-23,Headphones,Electronics,East,Offline,6,199,1194,UPI,C0717
T01238,2026-09-13,Oil,Grocery,East,Offline,7,1499,10493,Credit Card,C0117
T01239,2026-04-01,Oil,Grocery,South,Offline,6,499,2994,Net Banking,C0292
T01240,2026-12-04,Bread,Grocery,North,Online,10,299,2990,UPI,C0666
T01241,2026-01-09,Dumbbell,Sports,North,Offline,2,4999,9998,UPI,C0684
T01242,2026-05-29,Milk,Grocery,West,Online,4,4999,19996,Cash,C0481
T01243,2026-03-05,Table,Home,West,Online,7,29999,209993,Credit Card,C0230
T01244,2026-09-17,Chair,Home,West,Online,5,999,4995,UPI,C0425
T01245,2026-01-17,Laptop,Electronics,East,Offline,3,1499,4497,Cash,C0586
T01246,2026-08-09,Dress,Clothing,West,Online,7,799,5593,Net Banking,C0132
T01247,2026-11-22,Milk,Grocery,South,Offline,7,1499,10493,Cash,C0102
T01248,2026-12-30,Dress,Clothing,West,Offline,2,29999,59998,Cash,C0331
T01249,2026-04-15,Laptop,Electronics,North,Online,1,2499,2499,UPI,C0633
T01250,2026-12-29,Football,Sports,North,Online,10,2499,24990,Net Banking,C0650
T01251,2026-11-20,Microwave,Home,South,Offline,4,29999,119996,Cash,C0549
T01252,2026-05-06,Bread,Grocery,North,Online,1,999,999,UPI,C0654
T01253,2026-10-24,Laptop,Electronics,North,Online,8,19999,159992,Cash,C0290
T01254,2026-05-15,T-Shirt,Clothing,East,Online,2,4999,9998,Net Banking,C0104
T01255,2026-09-09,Smartwatch,Electronics,North,Online,2,4999,9998,Net Banking,C0385
T01256,2026-06-10,Milk,Grocery,North,Online,3,999,2997,UPI,C0121
T01257,2026-06-25,Table,Home,North,Online,10,19999,199990,Credit Card,C0125
T01258,2026-04-09,Football,Sports,South,Online,9,199,1791,Credit Card,C0118
T01259,2026-04-22,Headphones,Electronics,North,Online,3,799,2397,Credit Card,C0281
T01260,2026-09-04,T-Shirt,Clothing,East,Offline,6,49999,299994,Net Banking,C0447
T01261,2026-09-20,Milk,Grocery,South,Offline,5,499,2495,Net Banking,C0106
T01262,2026-10-26,Yoga Mat,Sports,West,Offline,3,799,2397,Net Banking,C0434
T01263,2026-11-02,Chair,Home,West,Offline,10,299,2990,Cash,C0581
T01264,2026-06-30,Mixer,Home,North,Offline,8,499,3992,Net Banking,C0301
T01265,2026-11-06,Yoga Mat,Sports,North,Online,7,199,1393,Credit Card,C0440
T01266,2026-04-06,Microwave,Home,East,Offline,2,799,1598,Cash,C0799
T01267,2026-06-10,Laptop,Electronics,North,Offline,6,49999,299994,Cash,C0477
T01268,2026-10-18,Microwave,Home,West,Offline,9,299,2691,Cash,C0540
T01269,2026-04-22,Tablet,Electronics,North,Offline,5,49999,249995,Net Banking,C0326
T01270,2026-06-13,Jeans,Clothing,West,Online,1,4999,4999,Credit Card,C0432
T01271,2026-03-03,Smartwatch,Electronics,East,Offline,3,19999,59997,Cash,C0591
T01272,2026-01-11,Mixer,Home,West,Offline,10,199,1990,Cash,C0413
T01273,2026-01-19,Tennis Racket,Sports,North,Online,1,1499,1499,Net Banking,C0098
T01274,2026-08-01,Chair,Home,West,Online,6,1499,8994,Credit Card,C0506
T01275,2026-11-10,Smartwatch,Electronics,West,Offline,5,49999,249995,UPI,C0383
T01276,2026-11-13,Laptop,Electronics,North,Online,4,199,796,UPI,C0331
T01277,2026-12-19,Milk,Grocery,South,Offline,3,299,897,UPI,C0705
T01278,2026-01-27,Mixer,Home,East,Online,2,199,398,Credit Card,C0338
T01279,2026-12-19,Dumbbell,Sports,South,Online,5,49999,249995,Net Banking,C0123
T01280,2026-03-06,Microwave,Home,West,Online,10,2499,24990,Cash,C0592
T01281,2026-09-02,Bread,Grocery,West,Online,6,49999,299994,UPI,C0271
T01282,2026-06-01,Headphones,Electronics,South,Online,9,799,7191,UPI,C0507
T01283,2026-01-31,T-Shirt,Clothing,West,Online,4,4999,19996,Net Banking,C0108
T01284,2026-06-24,Dress,Clothing,East,Offline,9,9999,89991,Net Banking,C0672
T01285,2026-03-20,Football,Sports,East,Offline,3,799,2397,Net Banking,C0636
T01286,2026-09-20,Shoes,Clothing,East,Offline,4,299,1196,Cash,C0703
T01287,2026-06-07,Football,Sports,North,Online,3,4999,14997,Cash,C0017
T01288,2026-08-24,Jacket,Clothing,West,Offline,1,4999,4999,Credit Card,C0122
T01289,2026-10-09,Headphones,Electronics,South,Offline,7,799,5593,Net Banking,C0521
T01290,2026-06-20,Smartwatch,Electronics,North,Online,5,1499,7495,Net Banking,C0750
T01291,2026-08-05,Jacket,Clothing,South,Offline,4,2499,9996,Net Banking,C0532
T01292,2026-08-10,Laptop,Electronics,South,Online,4,299,1196,UPI,C0037
T01293,2026-10-22,Microwave,Home,North,Offline,2,9999,19998,Cash,C0636
T01294,2026-12-25,Oil,Grocery,South,Offline,7,299,2093,Net Banking,C0211
T01295,2026-03-29,Jacket,Clothing,East,Online,5,49999,249995,UPI,C0190
T01296,2026-09-15,Dumbbell,Sports,South,Online,5,49999,249995,Credit Card,C0698
T01297,2026-02-05,Jeans,Clothing,South,Online,6,4999,29994,Net Banking,C0439
T01298,2026-06-21,Smartphone,Electronics,South,Online,5,299,1495,Credit Card,C0486
T01299,2026-10-26,Smartwatch,Electronics,North,Online,4,4999,19996,UPI,C0581
T01300,2026-12-15,Microwave,Home,South,Online,9,9999,89991,UPI,C0103
T01301,2026-06-05,Table,Home,East,Offline,8,49999,399992,Net Banking,C0260
T01302,2026-07-06,Rice,Grocery,East,Offline,6,999,5994,UPI,C0277
T01303,2026-12-18,Football,Sports,South,Online,3,2499,7497,Credit Card,C0510
T01304,2026-01-16,Dress,Clothing,South,Online,7,1499,10493,Cash,C0387
T01305,2026-11-24,Headphones,Electronics,South,Offline,9,4999,44991,Credit Card,C0340
T01306,2026-07-20,Dumbbell,Sports,South,Online,5,999,4995,Credit Card,C0628
T01307,2026-03-04,Oil,Grocery,East,Online,10,1499,14990,UPI,C0511
T01308,2026-12-17,Shoes,Clothing,East,Online,3,9999,29997,Credit Card,C0499
T01309,2026-05-28,Headphones,Electronics,North,Online,1,4999,4999,Credit Card,C0608
T01310,2026-03-05,Smartwatch,Electronics,West,Offline,5,199,995,UPI,C0052
T01311,2026-05-09,Jacket,Clothing,South,Online,5,9999,49995,Credit Card,C0147
T01312,2026-04-11,Sugar,Grocery,South,Online,2,999,1998,Net Banking,C0364
T01313,2026-05-08,Oil,Grocery,East,Offline,7,299,2093,Credit Card,C0178
T01314,2026-10-16,Bread,Grocery,South,Offline,10,499,4990,Cash,C0427
T01315,2026-10-11,Jacket,Clothing,East,Offline,5,299,1495,Cash,C0385
T01316,2026-08-12,Smartphone,Electronics,East,Offline,9,4999,44991,Net Banking,C0363
T01317,2026-08-07,Oil,Grocery,North,Online,7,4999,34993,Net Banking,C0091
T01318,2026-03-13,Yoga Mat,Sports,East,Online,4,19999,79996,Credit Card,C0055
T01319,2026-07-21,Shoes,Clothing,West,Online,1,4999,4999,UPI,C0057
T01320,2026-05-19,Headphones,Electronics,East,Offline,10,299,2990,Credit Card,C0063
T01321,2026-03-04,Tennis Racket,Sports,South,Online,1,49999,49999,Net Banking,C0140
T01322,2026-04-25,Jacket,Clothing,North,Offline,5,49999,249995,Cash,C0118
T01323,2026-02-04,Smartphone,Electronics,North,Online,10,299,2990,Cash,C0107
T01324,2026-08-31,Tablet,Electronics,North,Online,8,2499,19992,Credit Card,C0415
T01325,2026-09-05,Jeans,Clothing,West,Online,9,999,8991,Net Banking,C0150
T01326,2026-11-22,Smartphone,Electronics,South,Online,3,49999,149997,Cash,C0488
T01327,2026-09-03,Chair,Home,West,Offline,2,19999,39998,Credit Card,C0401
T01328,2026-07-17,Smartwatch,Electronics,South,Online,7,2499,17493,Credit Card,C0469
T01329,2026-03-03,Dumbbell,Sports,East,Online,1,19999,19999,Net Banking,C0044
T01330,2026-07-01,Shoes,Clothing,North,Online,8,999,7992,Credit Card,C0513
T01331,2026-09-15,Jacket,Clothing,North,Online,9,2499,22491,Cash,C0361
T01332,2026-12-02,Yoga Mat,Sports,South,Offline,8,49999,399992,Credit Card,C0404
T01333,2026-02-04,Oil,Grocery,South,Offline,8,19999,159992,Cash,C0715
T01334,2026-06-15,Tennis Racket,Sports,West,Online,6,19999,119994,UPI,C0031
T01335,2026-03-23,T-Shirt,Clothing,West,Offline,2,4999,9998,Cash,C0791
T01336,2026-05-02,Smartphone,Electronics,North,Online,7,2499,17493,Credit Card,C0118
T01337,2026-01-20,Smartwatch,Electronics,North,Online,6,19999,119994,Credit Card,C0111
T01338,2026-12-24,Oil,Grocery,South,Online,3,29999,89997,Credit Card,C0503
T01339,2026-08-13,Microwave,Home,South,Offline,4,49999,199996,Cash,C0089
T01340,2026-10-26,Laptop,Electronics,South,Online,4,199,796,Credit Card,C0793
T01341,2026-07-28,Tennis Racket,Sports,South,Offline,2,1499,2998,Cash,C0213
T01342,2026-10-20,Sugar,Grocery,South,Online,6,1499,8994,Net Banking,C0438
T01343,2026-11-17,Rice,Grocery,South,Offline,10,299,2990,UPI,C0121
T01344,2026-09-13,T-Shirt,Clothing,East,Online,10,9999,99990,Cash,C0297
T01345,2026-05-09,Bread,Grocery,East,Online,2,499,998,Cash,C0531
T01346,2026-11-09,Yoga Mat,Sports,North,Online,7,19999,139993,Net Banking,C0270
T01347,2026-12-01,Laptop,Electronics,East,Online,6,2499,14994,Credit Card,C0784
T01348,2026-01-31,Jeans,Clothing,East,Online,9,49999,449991,Cash,C0506
T01349,2026-02-07,Tennis Racket,Sports,North,Offline,1,1499,1499,UPI,C0565
T01350,2026-09-03,Jacket,Clothing,North,Offline,1,299,299,Cash,C0666
T01351,2026-06-29,Oil,Grocery,North,Online,5,799,3995,UPI,C0793
T01352,2026-04-11,Tennis Racket,Sports,North,Offline,7,29999,209993,UPI,C0397
T01353,2026-07-13,Shoes,Clothing,South,Online,7,9999,69993,Net Banking,C0121
T01354,2026-11-12,Chair,Home,West,Online,4,1499,5996,Cash,C0238
T01355,2026-02-17,Football,Sports,North,Online,4,2499,9996,Cash,C0059
T01356,2026-02-09,Smartphone,Electronics,East,Online,8,499,3992,Credit Card,C0359
T01357,2026-11-05,Jacket,Clothing,West,Offline,3,19999,59997,UPI,C0673
T01358,2026-02-09,Headphones,Electronics,West,Offline,9,799,7191,Cash,C0455
T01359,2026-06-04,Sofa,Home,South,Offline,5,29999,149995,Credit Card,C0715
T01360,2026-10-05,Football,Sports,West,Offline,1,1499,1499,Credit Card,C0081
T01361,2026-04-15,Dress,Clothing,South,Online,4,999,3996,Credit Card,C0743
T01362,2026-03-14,Smartphone,Electronics,West,Online,8,29999,239992,UPI,C0511
T01363,2026-01-18,Chair,Home,East,Online,10,2499,24990,UPI,C0286
T01364,2026-11-09,Oil,Grocery,West,Offline,1,2499,2499,UPI,C0230
T01365,2026-04-16,Milk,Grocery,North,Offline,7,9999,69993,UPI,C0555
T01366,2026-06-28,Tablet,Electronics,South,Online,6,999,5994,Credit Card,C0744
T01367,2026-11-15,Oil,Grocery,West,Offline,1,299,299,Net Banking,C0435
T01368,2026-10-21,Tennis Racket,Sports,West,Offline,5,499,2495,Cash,C0136
T01369,2026-01-08,Chair,Home,East,Offline,2,799,1598,Net Banking,C0040
T01370,2026-11-12,Chair,Home,East,Online,5,29999,149995,UPI,C0315
T01371,2026-10-19,Chair,Home,West,Online,3,4999,14997,Net Banking,C0010
T01372,2026-08-27,Headphones,Electronics,South,Offline,8,29999,239992,UPI,C0594
T01373,2026-02-10,Sofa,Home,North,Offline,9,1499,13491,Cash,C0265
T01374,2026-05-22,Table,Home,South,Online,3,799,2397,UPI,C0239
T01375,2026-02-28,Smartphone,Electronics,East,Online,9,4999,44991,Cash,C0063
T01376,2026-05-13,Mixer,Home,North,Online,6,9999,59994,Credit Card,C0112
T01377,2026-02-09,Dumbbell,Sports,North,Online,2,9999,19998,Cash,C0334
T01378,2026-10-20,Table,Home,West,Offline,2,29999,59998,Cash,C0026
T01379,2026-06-17,Yoga Mat,Sports,East,Offline,6,2499,14994,Credit Card,C0637
T01380,2026-01-16,Jacket,Clothing,South,Online,1,999,999,UPI,C0624
T01381,2026-04-19,Sofa,Home,East,Online,9,19999,179991,Net Banking,C0597
T01382,2026-01-17,Shoes,Clothing,South,Offline,2,299,598,UPI,C0541
T01383,2026-01-27,Dumbbell,Sports,West,Offline,9,9999,89991,Credit Card,C0200
T01384,2026-10-22,Microwave,Home,East,Online,6,799,4794,Net Banking,C0323
T01385,2026-03-01,Shoes,Clothing,North,Offline,7,1499,10493,UPI,C0371
T01386,2026-12-01,Sugar,Grocery,West,Online,4,4999,19996,Cash,C0551
T01387,2026-05-06,Sugar,Grocery,East,Offline,3,19999,59997,Credit Card,C0322
T01388,2026-03-02,Smartwatch,Electronics,South,Offline,7,9999,69993,Cash,C0185
T01389,2026-08-21,Smartphone,Electronics,East,Offline,2,2499,4998,UPI,C0130
T01390,2026-01-18,Rice,Grocery,South,Offline,3,299,897,Net Banking,C0363
T01391,2026-03-07,Sugar,Grocery,East,Online,4,49999,199996,Credit Card,C0345
T01392,2026-10-30,Tennis Racket,Sports,North,Online,2,49999,99998,Credit Card,C0460
T01393,2026-07-29,Oil,Grocery,South,Online,5,4999,24995,UPI,C0156
T01394,2026-01-04,Tennis Racket,Sports,West,Offline,6,29999,179994,Credit Card,C0450
T01395,2026-04-01,Tennis Racket,Sports,South,Offline,5,299,1495,Net Banking,C0350
T01396,2026-01-25,Tennis Racket,Sports,West,Offline,9,19999,179991,Credit Card,C0394
T01397,2026-06-13,Jeans,Clothing,South,Offline,1,49999,49999,Credit Card,C0589
T01398,2026-11-12,Mixer,Home,South,Online,6,999,5994,Credit Card,C0281
T01399,2026-09-07,Milk,Grocery,East,Online,3,999,2997,Cash,C0683
T01400,2026-05-23,T-Shirt,Clothing,South,Online,4,9999,39996,UPI,C0553
T01401,2026-10-03,T-Shirt,Clothing,East,Online,8,199,1592,Credit Card,C0585
T01402,2026-08-07,Sugar,Grocery,East,Online,3,4999,14997,UPI,C0456
T01403,2026-08-10,Bread,Grocery,East,Online,2,499,998,Credit Card,C0081
T01404,2026-04-24,Headphones,Electronics,East,Offline,3,9999,29997,Net Banking,C0646
T01405,2026-09-20,Headphones,Electronics,North,Offline,1,2499,2499,Cash,C0572
T01406,2026-12-05,Laptop,Electronics,West,Online,4,499,1996,Cash,C0272
T01407,2026-08-29,Shoes,Clothing,West,Offline,3,49999,149997,Cash,C0204
T01408,2026-11-22,Tablet,Electronics,West,Online,4,199,796,Net Banking,C0572
T01409,2026-11-09,Jeans,Clothing,East,Offline,1,2499,2499,Cash,C0654
T01410,2026-06-28,Sugar,Grocery,South,Offline,3,999,2997,Net Banking,C0502
T01411,2026-11-19,Sugar,Grocery,West,Offline,6,9999,59994,UPI,C0225
T01412,2026-02-27,Table,Home,South,Offline,8,1499,11992,UPI,C0181
T01413,2026-08-26,Mixer,Home,West,Online,6,49999,299994,Net Banking,C0501
T01414,2026-11-04,Milk,Grocery,East,Online,1,999,999,Net Banking,C0063
T01415,2026-10-15,Chair,Home,West,Offline,6,2499,14994,Net Banking,C0409
T01416,2026-05-14,Headphones,Electronics,South,Offline,8,49999,399992,UPI,C0316
T01417,2026-08-18,Milk,Grocery,South,Online,10,499,4990,Credit Card,C0133
T01418,2026-11-06,Football,Sports,North,Offline,1,2499,2499,Credit Card,C0786
T01419,2026-10-11,Laptop,Electronics,East,Online,9,799,7191,Cash,C0549
T01420,2026-07-22,Jacket,Clothing,East,Offline,3,1499,4497,Cash,C0567
T01421,2026-05-08,Laptop,Electronics,North,Offline,1,9999,9999,Net Banking,C0044
T01422,2026-03-22,Chair,Home,South,Online,1,799,799,Credit Card,C0768
T01423,2026-03-05,Oil,Grocery,East,Online,3,49999,149997,UPI,C0076
T01424,2026-09-16,Rice,Grocery,South,Online,1,49999,49999,Net Banking,C0199
T01425,2026-11-07,Chair,Home,North,Offline,7,9999,69993,Credit Card,C0470
T01426,2026-04-14,Headphones,Electronics,West,Offline,10,4999,49990,Net Banking,C0096
T01427,2026-04-24,Sugar,Grocery,East,Online,5,4999,24995,Net Banking,C0018
T01428,2026-09-12,Bread,Grocery,North,Offline,9,49999,449991,Cash,C0592
T01429,2026-01-13,Milk,Grocery,West,Online,8,1499,11992,Credit Card,C0341
T01430,2026-03-15,Laptop,Electronics,South,Offline,9,499,4491,Cash,C0086
T01431,2026-03-14,Sugar,Grocery,South,Online,8,9999,79992,Net Banking,C0259
T01432,2026-07-30,Chair,Home,East,Offline,3,199,597,UPI,C0275
T01433,2026-12-20,Dress,Clothing,West,Offline,8,9999,79992,Cash,C0330
T01434,2026-08-25,Sugar,Grocery,North,Online,9,49999,449991,Net Banking,C0717
T01435,2026-02-09,Milk,Grocery,North,Online,1,499,499,Cash,C0449
T01436,2026-02-28,Smartwatch,Electronics,West,Online,8,499,3992,Net Banking,C0409
T01437,2026-01-05,Mixer,Home,East,Offline,7,999,6993,Credit Card,C0578
T01438,2026-11-29,Jeans,Clothing,South,Offline,5,9999,49995,Credit Card,C0484
T01439,2026-08-25,Jacket,Clothing,West,Online,3,499,1497,Credit Card,C0427
T01440,2026-04-02,Shoes,Clothing,East,Online,2,199,398,Cash,C0711
T01441,2026-02-18,Dumbbell,Sports,North,Offline,6,299,1794,Cash,C0069
T01442,2026-06-29,Cricket Bat,Sports,North,Online,6,29999,179994,Credit Card,C0292
T01443,2026-08-07,Yoga Mat,Sports,West,Offline,6,19999,119994,Cash,C0080
T01444,2026-10-31,T-Shirt,Clothing,South,Offline,4,999,3996,UPI,C0130
T01445,2026-09-25,Dumbbell,Sports,East,Offline,6,19999,119994,Cash,C0173
T01446,2026-01-02,Jeans,Clothing,South,Online,2,19999,39998,Cash,C0487
T01447,2026-01-01,Mixer,Home,West,Offline,1,499,499,Net Banking,C0335
T01448,2026-06-04,Football,Sports,West,Offline,4,9999,39996,Net Banking,C0724
T01449,2026-08-31,Chair,Home,North,Online,9,1499,13491,Cash,C0649
T01450,2026-05-23,Shoes,Clothing,West,Offline,9,4999,44991,UPI,C0572
T01451,2026-08-11,Microwave,Home,West,Offline,1,1499,1499,Net Banking,C0219
T01452,2026-11-12,Cricket Bat,Sports,South,Online,7,1499,10493,Cash,C0453
T01453,2026-07-04,Cricket Bat,Sports,East,Offline,1,19999,19999,UPI,C0378
T01454,2026-05-10,Football,Sports,North,Offline,10,999,9990,Net Banking,C0408
T01455,2026-01-23,Chair,Home,North,Offline,1,19999,19999,Net Banking,C0503
T01456,2026-03-30,Sugar,Grocery,East,Online,2,199,398,Cash,C0723
T01457,2026-04-01,T-Shirt,Clothing,North,Offline,7,299,2093,UPI,C0322
T01458,2026-02-19,Yoga Mat,Sports,North,Offline,4,29999,119996,Credit Card,C0727
T01459,2026-03-28,Yoga Mat,Sports,West,Offline,9,199,1791,UPI,C0067
T01460,2026-04-09,Cricket Bat,Sports,South,Offline,5,299,1495,UPI,C0283
T01461,2026-11-08,Dress,Clothing,North,Offline,7,499,3493,Credit Card,C0575
T01462,2026-06-29,Headphones,Electronics,North,Offline,8,19999,159992,UPI,C0120
T01463,2026-02-16,T-Shirt,Clothing,North,Online,3,1499,4497,UPI,C0223
T01464,2026-11-23,Table,Home,South,Offline,2,49999,99998,Cash,C0766
T01465,2026-03-09,Mixer,Home,East,Online,7,49999,349993,Credit Card,C0144
T01466,2026-10-17,Table,Home,East,Online,4,799,3196,Cash,C0303
T01467,2026-05-13,Bread,Grocery,East,Offline,2,4999,9998,Credit Card,C0791
T01468,2026-11-25,Dumbbell,Sports,West,Online,3,199,597,Cash,C0720
T01469,2026-08-11,Chair,Home,East,Online,4,1499,5996,Cash,C0265
T01470,2026-04-22,Bread,Grocery,South,Offline,1,299,299,Cash,C0479
T01471,2026-10-28,Chair,Home,North,Offline,10,2499,24990,UPI,C0645
T01472,2026-07-03,Smartphone,Electronics,East,Offline,7,4999,34993,UPI,C0192
T01473,2026-07-03,Microwave,Home,South,Online,8,9999,79992,Net Banking,C0632
T01474,2026-08-22,Tennis Racket,Sports,West,Offline,7,49999,349993,Cash,C0259
T01475,2026-07-11,Yoga Mat,Sports,West,Offline,8,29999,239992,UPI,C0240
T01476,2026-09-17,Smartwatch,Electronics,West,Online,7,999,6993,Cash,C0525
T01477,2026-03-27,Sofa,Home,South,Online,9,799,7191,Credit Card,C0056
T01478,2026-02-16,Microwave,Home,West,Online,6,4999,29994,Net Banking,C0001
T01479,2026-12-04,Jeans,Clothing,East,Online,3,999,2997,Cash,C0242
T01480,2026-04-15,Rice,Grocery,East,Online,4,499,1996,Net Banking,C0164
T01481,2026-06-26,Smartwatch,Electronics,West,Online,9,29999,269991,Net Banking,C0685
T01482,2026-07-12,Milk,Grocery,South,Offline,2,2499,4998,Cash,C0410
T01483,2026-06-17,Table,Home,North,Offline,10,2499,24990,Net Banking,C0686
T01484,2026-10-28,Smartphone,Electronics,South,Offline,10,499,4990,Credit Card,C0349
T01485,2026-09-14,Tablet,Electronics,North,Online,10,2499,24990,Cash,C0512
T01486,2026-04-07,Smartphone,Electronics,North,Offline,5,2499,12495,Net Banking,C0670
T01487,2026-04-03,Milk,Grocery,West,Offline,5,999,4995,UPI,C0268
T01488,2026-08-04,Jeans,Clothing,North,Offline,7,29999,209993,UPI,C0355
T01489,2026-12-18,Smartwatch,Electronics,East,Online,1,499,499,Net Banking,C0703
T01490,2026-08-21,Smartwatch,Electronics,North,Offline,7,2499,17493,Net Banking,C0265
T01491,2026-11-21,Tablet,Electronics,East,Offline,8,9999,79992,Credit Card,C0548
T01492,2026-07-06,Smartphone,Electronics,West,Online,7,9999,69993,Cash,C0008
T01493,2026-06-22,Yoga Mat,Sports,West,Offline,4,9999,39996,UPI,C0476
T01494,2026-05-25,Laptop,Electronics,East,Online,8,4999,39992,Credit Card,C0259
T01495,2026-08-06,Chair,Home,East,Online,1,9999,9999,Credit Card,C0366
T01496,2026-08-02,Smartwatch,Electronics,North,Online,6,999,5994,Credit Card,C0750
T01497,2026-01-19,Dumbbell,Sports,North,Online,4,499,1996,Cash,C0745
T01498,2026-03-16,Oil,Grocery,West,Online,5,1499,7495,Net Banking,C0042
T01499,2026-02-09,Chair,Home,North,Offline,1,499,499,UPI,C0346
T01500,2026-11-23,Table,Home,South,Offline,7,199,1393,UPI,C0444
T01501,2026-03-01,Dress,Clothing,South,Online,5,999,4995,Credit Card,C0588
T01502,2026-08-31,Shoes,Clothing,South,Offline,5,49999,249995,UPI,C0620
T01503,2026-07-24,Jacket,Clothing,West,Online,5,199,995,UPI,C0425
T01504,2026-12-03,Jacket,Clothing,East,Online,5,4999,24995,Cash,C0231
T01505,2026-01-10,Microwave,Home,East,Offline,2,19999,39998,Net Banking,C0651
T01506,2026-11-01,Sofa,Home,North,Offline,7,4999,34993,Credit Card,C0328
T01507,2026-06-27,Milk,Grocery,West,Online,8,49999,399992,Cash,C0690
T01508,2026-07-19,Table,Home,North,Offline,1,29999,29999,Credit Card,C0086
T01509,2026-04-17,Yoga Mat,Sports,East,Offline,5,999,4995,Net Banking,C0031
T01510,2026-03-21,Tennis Racket,Sports,East,Offline,3,19999,59997,Net Banking,C0784
T01511,2026-01-12,Sofa,Home,West,Online,8,799,6392,Net Banking,C0622
T01512,2026-03-05,Smartwatch,Electronics,North,Offline,4,799,3196,Cash,C0163
T01513,2026-07-25,Dumbbell,Sports,West,Offline,6,799,4794,Credit Card,C0789
T01514,2026-07-05,Headphones,Electronics,West,Online,9,9999,89991,Net Banking,C0507
T01515,2026-08-26,Table,Home,West,Offline,3,499,1497,UPI,C0546
T01516,2026-06-21,Milk,Grocery,West,Offline,2,2499,4998,Net Banking,C0194
T01517,2026-11-22,Tablet,Electronics,North,Offline,4,499,1996,UPI,C0333
T01518,2026-11-09,Jeans,Clothing,West,Online,10,29999,299990,Credit Card,C0024
T01519,2026-11-04,Sugar,Grocery,South,Offline,9,799,7191,Credit Card,C0741
T01520,2026-05-03,Shoes,Clothing,South,Offline,4,1499,5996,UPI,C0032
T01521,2026-04-16,Dumbbell,Sports,West,Online,8,799,6392,Cash,C0473
T01522,2026-09-14,Tablet,Electronics,South,Offline,6,499,2994,UPI,C0008
T01523,2026-01-17,Sugar,Grocery,North,Offline,8,2499,19992,Credit Card,C0734
T01524,2026-10-03,Tablet,Electronics,North,Offline,9,49999,449991,Net Banking,C0744
T01525,2026-01-31,Table,Home,West,Offline,1,1499,1499,Net Banking,C0128
T01526,2026-02-23,Jacket,Clothing,South,Offline,10,299,2990,Net Banking,C0673
T01527,2026-06-23,Jeans,Clothing,East,Online,8,799,6392,Credit Card,C0658
T01528,2026-12-22,Smartwatch,Electronics,East,Offline,8,799,6392,Credit Card,C0706
T01529,2026-08-16,Table,Home,East,Online,5,19999,99995,Cash,C0152
T01530,2026-09-25,Mixer,Home,East,Offline,4,1499,5996,Credit Card,C0734
T01531,2026-03-23,Yoga Mat,Sports,West,Offline,8,49999,399992,Cash,C0762
T01532,2026-12-22,Jeans,Clothing,West,Offline,10,999,9990,Cash,C0029
T01533,2026-04-19,Yoga Mat,Sports,North,Offline,3,19999,59997,Credit Card,C0739
T01534,2026-09-18,Dumbbell,Sports,South,Offline,8,19999,159992,Cash,C0602
T01535,2026-09-14,Sofa,Home,West,Online,6,2499,14994,Net Banking,C0180
T01536,2026-09-05,Rice,Grocery,South,Offline,2,1499,2998,Cash,C0230
T01537,2026-03-18,Sofa,Home,South,Offline,2,29999,59998,Net Banking,C0471
T01538,2026-10-19,Tablet,Electronics,South,Offline,4,49999,199996,UPI,C0409
T01539,2026-11-17,Headphones,Electronics,East,Online,9,299,2691,UPI,C0458
T01540,2026-10-18,Cricket Bat,Sports,South,Online,4,999,3996,Cash,C0707
T01541,2026-08-22,T-Shirt,Clothing,East,Online,10,999,9990,Cash,C0751
T01542,2026-02-02,Dress,Clothing,South,Online,5,199,995,Cash,C0600
T01543,2026-10-25,Oil,Grocery,North,Offline,2,9999,19998,UPI,C0202
T01544,2026-09-02,Smartwatch,Electronics,South,Online,2,4999,9998,Cash,C0613
T01545,2026-09-07,Sofa,Home,West,Online,1,19999,19999,Net Banking,C0797
T01546,2026-11-26,Dress,Clothing,North,Offline,10,4999,49990,Net Banking,C0616
T01547,2026-05-19,Milk,Grocery,West,Offline,6,9999,59994,Credit Card,C0271
T01548,2026-09-30,Jacket,Clothing,East,Offline,5,29999,149995,UPI,C0775
T01549,2026-04-04,Rice,Grocery,West,Offline,6,9999,59994,Cash,C0184
T01550,2026-02-03,Bread,Grocery,East,Online,2,4999,9998,Cash,C0798
T01551,2026-02-25,Jeans,Clothing,East,Offline,5,9999,49995,Net Banking,C0106
T01552,2026-12-17,Sofa,Home,South,Offline,4,19999,79996,Cash,C0197
T01553,2026-07-22,Jeans,Clothing,South,Offline,10,29999,299990,Net Banking,C0670
T01554,2026-11-01,Bread,Grocery,West,Offline,4,999,3996,Credit Card,C0149
T01555,2026-06-06,Chair,Home,East,Offline,6,4999,29994,Net Banking,C0781
T01556,2026-08-02,Smartwatch,Electronics,East,Online,1,2499,2499,Net Banking,C0786
T01557,2026-05-21,Smartphone,Electronics,East,Offline,4,29999,119996,Credit Card,C0025
T01558,2026-06-14,Oil,Grocery,South,Online,6,9999,59994,Net Banking,C0281
T01559,2026-02-24,Smartphone,Electronics,West,Offline,3,1499,4497,UPI,C0800
T01560,2026-12-04,Oil,Grocery,West,Online,4,999,3996,UPI,C0058
T01561,2026-11-24,Chair,Home,West,Offline,9,1499,13491,UPI,C0484
T01562,2026-03-10,Headphones,Electronics,South,Offline,7,499,3493,Cash,C0576
T01563,2026-02-15,Milk,Grocery,East,Offline,6,19999,119994,UPI,C0144
T01564,2026-02-04,Chair,Home,South,Online,8,49999,399992,Credit Card,C0480
T01565,2026-04-27,Bread,Grocery,East,Offline,6,799,4794,UPI,C0144
T01566,2026-03-03,Oil,Grocery,North,Online,7,4999,34993,Credit Card,C0017
T01567,2026-10-17,Rice,Grocery,West,Offline,9,1499,13491,Credit Card,C0650
T01568,2026-02-04,Tablet,Electronics,North,Online,2,9999,19998,UPI,C0588
T01569,2026-08-28,Cricket Bat,Sports,West,Offline,2,29999,59998,Net Banking,C0463
T01570,2026-03-19,Mixer,Home,East,Offline,3,29999,89997,Net Banking,C0022
T01571,2026-07-25,Yoga Mat,Sports,West,Online,1,19999,19999,UPI,C0231
T01572,2026-06-15,Milk,Grocery,East,Offline,5,799,3995,Cash,C0789
T01573,2026-10-22,Sofa,Home,South,Online,3,799,2397,Credit Card,C0186
T01574,2026-02-21,Tablet,Electronics,South,Offline,10,199,1990,UPI,C0336
T01575,2026-06-11,Jeans,Clothing,South,Offline,4,999,3996,Credit Card,C0239
T01576,2026-04-22,Mixer,Home,North,Offline,3,4999,14997,UPI,C0455
T01577,2026-04-17,Rice,Grocery,West,Online,8,4999,39992,Cash,C0790
T01578,2026-07-14,Football,Sports,North,Online,2,499,998,Cash,C0124
T01579,2026-09-08,Yoga Mat,Sports,South,Online,6,2499,14994,UPI,C0520
T01580,2026-07-04,Bread,Grocery,West,Online,9,299,2691,UPI,C0390
T01581,2026-08-04,Rice,Grocery,East,Online,6,1499,8994,Net Banking,C0668
T01582,2026-06-03,T-Shirt,Clothing,North,Offline,7,4999,34993,Credit Card,C0047
T01583,2026-03-14,Jeans,Clothing,South,Online,10,199,1990,Cash,C0712
T01584,2026-08-29,Laptop,Electronics,East,Offline,10,799,7990,Net Banking,C0162
T01585,2026-08-03,Jeans,Clothing,South,Offline,9,499,4491,UPI,C0167
T01586,2026-01-16,Milk,Grocery,East,Offline,5,2499,12495,Credit Card,C0030
T01587,2026-01-14,Mixer,Home,South,Offline,8,199,1592,UPI,C0553
T01588,2026-07-13,Tennis Racket,Sports,North,Online,3,499,1497,Credit Card,C0229
T01589,2026-02-17,Rice,Grocery,West,Offline,2,4999,9998,Net Banking,C0138
T01590,2026-11-05,Headphones,Electronics,East,Online,8,4999,39992,Credit Card,C0673
T01591,2026-10-04,Sofa,Home,West,Online,2,4999,9998,Cash,C0225
T01592,2026-09-21,Jeans,Clothing,North,Online,4,29999,119996,Net Banking,C0290
T01593,2026-11-11,Smartphone,Electronics,South,Offline,4,999,3996,Credit Card,C0728
T01594,2026-08-25,Tennis Racket,Sports,East,Online,9,19999,179991,Credit Card,C0433
T01595,2026-07-11,Dress,Clothing,West,Online,1,49999,49999,Cash,C0187
T01596,2026-01-08,T-Shirt,Clothing,West,Offline,4,499,1996,UPI,C0586
T01597,2026-09-04,Bread,Grocery,West,Offline,4,29999,119996,Cash,C0465
T01598,2026-11-15,Sofa,Home,East,Offline,8,299,2392,Credit Card,C0191
T01599,2026-05-11,Table,Home,North,Offline,9,4999,44991,Credit Card,C0065
T01600,2026-07-07,Rice,Grocery,North,Online,9,499,4491,Net Banking,C0114
T01601,2026-03-03,Yoga Mat,Sports,East,Offline,3,1499,4497,Net Banking,C0567
T01602,2026-02-12,Cricket Bat,Sports,South,Online,7,9999,69993,Cash,C0795
T01603,2026-01-09,Jacket,Clothing,South,Online,9,19999,179991,Credit Card,C0553
T01604,2026-04-28,Cricket Bat,Sports,North,Online,6,499,2994,Cash,C0770
T01605,2026-03-19,Tennis Racket,Sports,East,Online,7,799,5593,Net Banking,C0304
T01606,2026-07-19,Dumbbell,Sports,East,Online,8,4999,39992,Credit Card,C0001
T01607,2026-02-08,Sofa,Home,North,Online,5,799,3995,Net Banking,C0144
T01608,2026-03-15,Milk,Grocery,South,Offline,4,2499,9996,Net Banking,C0606
T01609,2026-04-10,Jacket,Clothing,East,Online,2,799,1598,Net Banking,C0127
T01610,2026-10-27,Jeans,Clothing,East,Offline,8,499,3992,UPI,C0653
T01611,2026-03-02,Yoga Mat,Sports,West,Online,9,299,2691,Net Banking,C0306
T01612,2026-03-05,Tennis Racket,Sports,North,Offline,8,499,3992,Credit Card,C0042
T01613,2026-07-15,Mixer,Home,South,Offline,8,2499,19992,Credit Card,C0231
T01614,2026-09-25,Laptop,Electronics,East,Online,10,19999,199990,Net Banking,C0719
T01615,2026-08-10,Rice,Grocery,East,Offline,2,999,1998,Credit Card,C0430
T01616,2026-12-08,Chair,Home,North,Offline,2,199,398,Cash,C0600
T01617,2026-09-11,Dress,Clothing,East,Online,7,29999,209993,Net Banking,C0575
T01618,2026-11-07,Dumbbell,Sports,West,Online,10,9999,99990,UPI,C0605
T01619,2026-11-26,Tablet,Electronics,South,Offline,2,299,598,Net Banking,C0404
T01620,2026-01-21,Table,Home,North,Offline,8,19999,159992,Net Banking,C0686
T01621,2026-01-14,Dress,Clothing,East,Online,3,199,597,Credit Card,C0423
T01622,2026-01-15,Bread,Grocery,East,Offline,6,29999,179994,Cash,C0284
T01623,2026-08-17,Headphones,Electronics,East,Online,8,49999,399992,Cash,C0572
T01624,2026-10-08,Table,Home,West,Online,6,499,2994,Credit Card,C0361
T01625,2026-11-12,Cricket Bat,Sports,North,Online,6,999,5994,Net Banking,C0321
T01626,2026-11-15,Milk,Grocery,East,Offline,7,799,5593,Credit Card,C0346
T01627,2026-08-13,Microwave,Home,North,Online,3,1499,4497,Cash,C0596
T01628,2026-06-08,Tennis Racket,Sports,South,Offline,5,9999,49995,UPI,C0204
T01629,2026-02-17,Tablet,Electronics,South,Offline,7,999,6993,Credit Card,C0407
T01630,2026-03-10,Rice,Grocery,North,Offline,5,19999,99995,Cash,C0454
T01631,2026-01-21,Dress,Clothing,East,Online,3,29999,89997,Net Banking,C0230
T01632,2026-12-22,Jeans,Clothing,South,Online,4,4999,19996,UPI,C0304
T01633,2026-05-05,Tablet,Electronics,West,Online,8,4999,39992,Net Banking,C0191
T01634,2026-09-23,Dumbbell,Sports,East,Offline,10,2499,24990,Credit Card,C0442
T01635,2026-07-09,Microwave,Home,East,Online,6,9999,59994,Cash,C0330
T01636,2026-12-26,Dress,Clothing,North,Offline,10,499,4990,Credit Card,C0108
T01637,2026-11-06,Jacket,Clothing,West,Offline,9,799,7191,UPI,C0472
T01638,2026-11-13,Oil,Grocery,North,Online,10,2499,24990,UPI,C0574
T01639,2026-08-18,Football,Sports,South,Online,6,4999,29994,Credit Card,C0067
T01640,2026-05-22,Yoga Mat,Sports,West,Offline,1,49999,49999,Cash,C0406
T01641,2026-04-21,Bread,Grocery,East,Offline,9,49999,449991,Cash,C0584
T01642,2026-09-18,Milk,Grocery,East,Online,9,29999,269991,UPI,C0730
T01643,2026-07-03,Football,Sports,North,Offline,2,19999,39998,Cash,C0751
T01644,2026-04-10,Dress,Clothing,North,Offline,3,499,1497,UPI,C0340
T01645,2026-02-15,Smartwatch,Electronics,West,Offline,10,49999,499990,Net Banking,C0714
T01646,2026-08-31,Jacket,Clothing,East,Offline,3,299,897,Cash,C0725
T01647,2026-08-09,Table,Home,East,Offline,2,499,998,Cash,C0233
T01648,2026-06-29,Headphones,Electronics,East,Online,8,299,2392,UPI,C0571
T01649,2026-01-31,Mixer,Home,North,Online,3,199,597,Credit Card,C0394
T01650,2026-06-06,Tablet,Electronics,North,Online,10,1499,14990,Cash,C0652
T01651,2026-11-14,Milk,Grocery,East,Online,9,799,7191,Cash,C0615
T01652,2026-07-11,Cricket Bat,Sports,South,Online,8,49999,399992,Net Banking,C0032
T01653,2026-11-15,Tablet,Electronics,East,Online,2,999,1998,Credit Card,C0700
T01654,2026-04-03,Tennis Racket,Sports,West,Online,3,299,897,Cash,C0628
T01655,2026-06-22,Sugar,Grocery,North,Online,7,4999,34993,Credit Card,C0253
T01656,2026-07-07,Jeans,Clothing,West,Online,8,799,6392,Credit Card,C0061
T01657,2026-09-03,Football,Sports,East,Offline,9,299,2691,Cash,C0290
T01658,2026-06-14,Shoes,Clothing,West,Offline,4,999,3996,Net Banking,C0387
T01659,2026-02-12,Rice,Grocery,East,Offline,8,299,2392,Net Banking,C0314
T01660,2026-09-12,Mixer,Home,South,Online,9,199,1791,Credit Card,C0602
T01661,2026-10-20,Cricket Bat,Sports,North,Online,6,49999,299994,UPI,C0311
T01662,2026-07-17,Jacket,Clothing,West,Online,9,199,1791,Credit Card,C0698
T01663,2026-12-24,Smartphone,Electronics,South,Online,2,4999,9998,Credit Card,C0075
T01664,2026-04-15,Milk,Grocery,North,Online,10,29999,299990,Net Banking,C0211
T01665,2026-12-19,Headphones,Electronics,East,Online,1,799,799,Net Banking,C0234
T01666,2026-07-10,Rice,Grocery,South,Offline,3,499,1497,Net Banking,C0697
T01667,2026-10-20,Microwave,Home,North,Offline,5,2499,12495,Net Banking,C0387
T01668,2026-05-23,Shoes,Clothing,North,Offline,5,19999,99995,UPI,C0713
T01669,2026-08-18,Jeans,Clothing,North,Online,2,29999,59998,Cash,C0501
T01670,2026-02-04,Dress,Clothing,East,Offline,6,499,2994,Credit Card,C0550
T01671,2026-05-27,Sofa,Home,North,Offline,5,299,1495,Cash,C0089
T01672,2026-10-12,Milk,Grocery,North,Offline,3,9999,29997,Net Banking,C0112
T01673,2026-02-27,T-Shirt,Clothing,North,Online,7,499,3493,Cash,C0447
T01674,2026-11-12,Table,Home,North,Online,3,4999,14997,Cash,C0743
T01675,2026-06-12,Tablet,Electronics,East,Offline,1,499,499,Cash,C0359
T01676,2026-08-25,T-Shirt,Clothing,South,Offline,7,2499,17493,UPI,C0231
T01677,2026-04-05,Jacket,Clothing,West,Online,8,199,1592,Cash,C0617
T01678,2026-09-28,Sofa,Home,East,Online,3,499,1497,UPI,C0702
T01679,2026-02-03,Sugar,Grocery,South,Offline,9,199,1791,Credit Card,C0040
T01680,2026-03-15,Smartphone,Electronics,North,Online,1,2499,2499,Net Banking,C0788
T01681,2026-10-18,Smartphone,Electronics,North,Online,1,19999,19999,Net Banking,C0586
T01682,2026-11-27,Bread,Grocery,West,Online,10,2499,24990,Net Banking,C0628
T01683,2026-05-09,Table,Home,West,Offline,8,499,3992,Cash,C0148
T01684,2026-05-27,Shoes,Clothing,East,Online,5,499,2495,Net Banking,C0308
T01685,2026-03-15,Smartwatch,Electronics,South,Offline,7,49999,349993,Cash,C0642
T01686,2026-06-30,Shoes,Clothing,West,Offline,7,2499,17493,Net Banking,C0398
T01687,2026-08-26,Chair,Home,West,Online,6,29999,179994,Cash,C0252
T01688,2026-04-22,Dress,Clothing,East,Offline,4,49999,199996,Net Banking,C0384
T01689,2026-11-26,Microwave,Home,West,Online,7,499,3493,Net Banking,C0308
T01690,2026-11-16,Rice,Grocery,East,Online,4,799,3196,Net Banking,C0530
T01691,2026-08-10,Shoes,Clothing,South,Offline,1,49999,49999,Cash,C0280
T01692,2026-12-15,Cricket Bat,Sports,South,Online,7,19999,139993,Net Banking,C0325
T01693,2026-08-28,Jeans,Clothing,North,Online,8,1499,11992,UPI,C0088
T01694,2026-01-11,Laptop,Electronics,East,Offline,6,299,1794,Cash,C0762
T01695,2026-03-19,Jacket,Clothing,East,Offline,2,1499,2998,Net Banking,C0347
T01696,2026-12-27,Jacket,Clothing,South,Online,5,299,1495,Cash,C0426
T01697,2026-03-02,Tennis Racket,Sports,West,Offline,7,499,3493,Cash,C0117
T01698,2026-12-06,Shoes,Clothing,South,Offline,2,199,398,Net Banking,C0389
T01699,2026-09-02,T-Shirt,Clothing,East,Offline,10,49999,499990,Cash,C0459
T01700,2026-01-11,Sugar,Grocery,North,Offline,6,1499,8994,UPI,C0182
T01701,2026-03-11,Yoga Mat,Sports,North,Online,7,499,3493,Credit Card,C0300
T01702,2026-12-31,Headphones,Electronics,North,Offline,10,4999,49990,Cash,C0374
T01703,2026-05-10,Dress,Clothing,North,Offline,5,9999,49995,Credit Card,C0171
T01704,2026-01-27,Jacket,Clothing,West,Offline,5,4999,24995,UPI,C0280
T01705,2026-12-03,Rice,Grocery,North,Online,6,9999,59994,UPI,C0753
T01706,2026-10-21,Headphones,Electronics,West,Offline,7,799,5593,Net Banking,C0037
T01707,2026-12-22,Table,Home,West,Offline,6,1499,8994,Credit Card,C0136
T01708,2026-06-27,Sofa,Home,East,Offline,4,4999,19996,UPI,C0461
T01709,2026-12-10,Headphones,Electronics,North,Online,9,299,2691,UPI,C0249
T01710,2026-02-08,Jacket,Clothing,South,Online,2,499,998,UPI,C0010
T01711,2026-01-07,Sofa,Home,West,Offline,2,499,998,UPI,C0628
T01712,2026-03-04,Smartphone,Electronics,North,Online,4,49999,199996,UPI,C0736
T01713,2026-02-16,Smartwatch,Electronics,North,Online,4,799,3196,Net Banking,C0329
T01714,2026-11-17,Cricket Bat,Sports,West,Online,8,799,6392,Net Banking,C0295
T01715,2026-12-13,Football,Sports,North,Online,8,499,3992,Cash,C0203
T01716,2026-05-15,Dress,Clothing,North,Online,10,799,7990,Cash,C0192
T01717,2026-06-14,Jeans,Clothing,East,Offline,7,29999,209993,Credit Card,C0224
T01718,2026-08-07,Chair,Home,North,Offline,4,9999,39996,Credit Card,C0773
T01719,2026-03-24,Laptop,Electronics,East,Online,2,4999,9998,Net Banking,C0082
T01720,2026-12-12,Rice,Grocery,East,Online,2,1499,2998,Credit Card,C0745
T01721,2026-06-13,Bread,Grocery,West,Offline,8,1499,11992,Net Banking,C0321
T01722,2026-10-07,Jeans,Clothing,North,Offline,10,499,4990,Net Banking,C0477
T01723,2026-08-25,Table,Home,West,Online,8,4999,39992,Cash,C0756
T01724,2026-07-17,Rice,Grocery,West,Online,3,1499,4497,Net Banking,C0375
T01725,2026-01-08,Milk,Grocery,South,Online,3,19999,59997,UPI,C0017
T01726,2026-07-20,Milk,Grocery,South,Online,5,1499,7495,Net Banking,C0402
T01727,2026-03-23,Sofa,Home,South,Offline,5,799,3995,Net Banking,C0444
T01728,2026-08-11,Shoes,Clothing,North,Online,1,1499,1499,Credit Card,C0723
T01729,2026-09-02,Yoga Mat,Sports,West,Online,3,799,2397,Net Banking,C0503
T01730,2026-01-07,Microwave,Home,East,Offline,6,29999,179994,UPI,C0614
T01731,2026-03-08,Yoga Mat,Sports,East,Online,6,49999,299994,Credit Card,C0579
T01732,2026-08-31,Laptop,Electronics,West,Online,8,1499,11992,Cash,C0335
T01733,2026-12-19,Jacket,Clothing,East,Offline,8,999,7992,Cash,C0131
T01734,2026-06-14,Cricket Bat,Sports,South,Online,10,19999,199990,Net Banking,C0577
T01735,2026-08-29,Headphones,Electronics,West,Online,9,299,2691,Credit Card,C0084
T01736,2026-09-28,Oil,Grocery,East,Online,10,49999,499990,Net Banking,C0399
T01737,2026-04-09,Microwave,Home,West,Online,6,199,1194,Cash,C0649
T01738,2026-01-02,Chair,Home,South,Offline,10,4999,49990,Credit Card,C0497
T01739,2026-06-10,Tennis Racket,Sports,South,Online,4,29999,119996,Credit Card,C0752
T01740,2026-02-01,Dress,Clothing,South,Offline,9,999,8991,Net Banking,C0718
T01741,2026-01-06,Chair,Home,East,Online,4,499,1996,UPI,C0668
T01742,2026-11-26,Rice,Grocery,South,Offline,6,4999,29994,Net Banking,C0569
T01743,2026-03-22,Dumbbell,Sports,East,Offline,6,299,1794,Credit Card,C0203
T01744,2026-12-28,Dumbbell,Sports,South,Offline,5,499,2495,UPI,C0127
T01745,2026-01-27,Sofa,Home,South,Offline,8,1499,11992,Net Banking,C0564
T01746,2026-01-14,Bread,Grocery,East,Online,7,499,3493,Credit Card,C0332
T01747,2026-10-17,Football,Sports,South,Offline,9,199,1791,UPI,C0070
T01748,2026-03-13,T-Shirt,Clothing,South,Online,9,499,4491,Credit Card,C0366
T01749,2026-06-23,Smartwatch,Electronics,West,Offline,6,299,1794,UPI,C0538
T01750,2026-08-02,Milk,Grocery,South,Offline,9,299,2691,Cash,C0119
T01751,2026-05-14,Jeans,Clothing,North,Online,1,29999,29999,Cash,C0491
T01752,2026-01-22,Smartphone,Electronics,South,Offline,4,499,1996,Credit Card,C0397
T01753,2026-11-21,Rice,Grocery,West,Online,9,999,8991,Net Banking,C0564
T01754,2026-02-04,Smartphone,Electronics,South,Online,10,199,1990,Net Banking,C0008
T01755,2026-06-28,Tablet,Electronics,South,Offline,6,9999,59994,Cash,C0156
T01756,2026-10-02,Tablet,Electronics,East,Offline,5,999,4995,Cash,C0207
T01757,2026-11-08,Chair,Home,East,Offline,4,1499,5996,UPI,C0667
T01758,2026-05-27,Rice,Grocery,West,Online,8,19999,159992,Cash,C0116
T01759,2026-01-22,Rice,Grocery,East,Online,4,799,3196,Credit Card,C0370
T01760,2026-08-26,Smartphone,Electronics,South,Online,10,999,9990,Credit Card,C0013
T01761,2026-04-21,Jacket,Clothing,West,Offline,4,4999,19996,Net Banking,C0401
T01762,2026-11-05,Shoes,Clothing,East,Online,8,9999,79992,UPI,C0632
T01763,2026-02-24,Laptop,Electronics,North,Offline,10,199,1990,UPI,C0311
T01764,2026-08-16,Sugar,Grocery,North,Offline,3,299,897,Cash,C0662
T01765,2026-04-08,Bread,Grocery,West,Online,2,999,1998,Credit Card,C0789
T01766,2026-01-18,Headphones,Electronics,West,Online,3,999,2997,UPI,C0652
T01767,2026-12-16,Smartwatch,Electronics,North,Online,3,199,597,Cash,C0467
T01768,2026-10-24,Yoga Mat,Sports,West,Online,5,199,995,Cash,C0221
T01769,2026-02-03,Oil,Grocery,West,Offline,1,199,199,Net Banking,C0423
T01770,2026-03-31,Tablet,Electronics,North,Offline,1,29999,29999,Credit Card,C0737
T01771,2026-09-03,Jacket,Clothing,East,Online,1,29999,29999,Cash,C0707
T01772,2026-08-18,Laptop,Electronics,West,Online,10,2499,24990,UPI,C0294
T01773,2026-07-06,Tablet,Electronics,West,Online,6,4999,29994,Credit Card,C0675
T01774,2026-07-10,Tennis Racket,Sports,East,Offline,3,1499,4497,Cash,C0595
T01775,2026-07-25,Table,Home,South,Offline,6,999,5994,Net Banking,C0369
T01776,2026-08-10,Tablet,Electronics,East,Offline,5,499,2495,Net Banking,C0462
T01777,2026-10-04,T-Shirt,Clothing,South,Offline,6,9999,59994,Cash,C0588
T01778,2026-03-13,Shoes,Clothing,North,Online,2,2499,4998,UPI,C0590
T01779,2026-01-03,Sofa,Home,South,Offline,3,49999,149997,Net Banking,C0120
T01780,2026-06-16,Sofa,Home,West,Online,7,9999,69993,Credit Card,C0768
T01781,2026-07-28,Smartphone,Electronics,South,Online,8,499,3992,UPI,C0508
T01782,2026-03-15,Headphones,Electronics,East,Online,4,2499,9996,UPI,C0196
T01783,2026-01-13,Laptop,Electronics,South,Online,5,299,1495,UPI,C0069
T01784,2026-05-10,Rice,Grocery,West,Online,7,1499,10493,Credit Card,C0352
T01785,2026-07-18,Microwave,Home,West,Online,5,2499,12495,Net Banking,C0033
T01786,2026-09-13,Chair,Home,West,Offline,1,999,999,UPI,C0433
T01787,2026-12-19,Tennis Racket,Sports,West,Online,6,29999,179994,Net Banking,C0040
T01788,2026-09-07,Smartwatch,Electronics,North,Online,5,9999,49995,Cash,C0742
T01789,2026-11-20,Smartwatch,Electronics,East,Online,7,49999,349993,Net Banking,C0036
T01790,2026-06-15,Sofa,Home,West,Online,8,799,6392,UPI,C0701
T01791,2026-03-07,Football,Sports,North,Online,9,4999,44991,Net Banking,C0282
T01792,2026-12-23,Dumbbell,Sports,North,Offline,9,29999,269991,UPI,C0715
T01793,2026-09-22,Milk,Grocery,South,Online,8,999,7992,Credit Card,C0616
T01794,2026-06-19,Rice,Grocery,South,Offline,3,299,897,Net Banking,C0256
T01795,2026-01-03,Milk,Grocery,East,Online,7,199,1393,Cash,C0349
T01796,2026-12-16,Dumbbell,Sports,West,Online,4,49999,199996,UPI,C0169
T01797,2026-03-13,Dress,Clothing,West,Offline,10,199,1990,Credit Card,C0716
T01798,2026-08-09,Tablet,Electronics,North,Offline,6,29999,179994,Net Banking,C0035
T01799,2026-05-23,Sugar,Grocery,North,Online,7,299,2093,Credit Card,C0681
T01800,2026-07-03,Oil,Grocery,South,Online,9,799,7191,UPI,C0166
T01801,2026-02-14,Cricket Bat,Sports,East,Offline,4,4999,19996,Net Banking,C0069
T01802,2026-12-03,Dress,Clothing,North,Online,7,299,2093,Cash,C0151
T01803,2026-06-03,Shoes,Clothing,North,Online,1,1499,1499,UPI,C0538
T01804,2026-12-07,Sofa,Home,East,Online,9,199,1791,Credit Card,C0250
T01805,2026-09-03,Jeans,Clothing,West,Online,8,4999,39992,UPI,C0177
T01806,2026-07-18,Tennis Racket,Sports,South,Online,2,499,998,UPI,C0490
T01807,2026-09-20,Tablet,Electronics,West,Offline,3,799,2397,Cash,C0269
T01808,2026-07-28,Smartwatch,Electronics,West,Online,1,1499,1499,Cash,C0688
T01809,2026-07-11,Oil,Grocery,South,Offline,10,799,7990,Net Banking,C0662
T01810,2026-11-22,Jeans,Clothing,East,Offline,10,9999,99990,UPI,C0444
T01811,2026-11-04,Smartwatch,Electronics,North,Online,2,9999,19998,UPI,C0379
T01812,2026-05-23,Bread,Grocery,East,Offline,8,29999,239992,Credit Card,C0316
T01813,2026-08-29,Dumbbell,Sports,South,Offline,7,49999,349993,Credit Card,C0094
T01814,2026-12-21,Bread,Grocery,North,Offline,9,9999,89991,Credit Card,C0278
T01815,2026-05-28,Tennis Racket,Sports,East,Online,4,1499,5996,Cash,C0357
T01816,2026-06-06,Jacket,Clothing,West,Offline,9,29999,269991,Credit Card,C0613
T01817,2026-08-06,Dress,Clothing,East,Online,3,49999,149997,Credit Card,C0730
T01818,2026-10-05,Yoga Mat,Sports,South,Online,4,4999,19996,Credit Card,C0654
T01819,2026-05-07,Dress,Clothing,West,Offline,6,499,2994,Cash,C0402
T01820,2026-09-05,Sofa,Home,East,Online,8,9999,79992,Credit Card,C0621
T01821,2026-02-06,Mixer,Home,West,Online,7,9999,69993,UPI,C0194
T01822,2026-05-11,Oil,Grocery,East,Offline,9,19999,179991,Cash,C0273
T01823,2026-01-27,Oil,Grocery,West,Offline,10,299,2990,Net Banking,C0321
T01824,2026-03-03,Jeans,Clothing,North,Online,2,1499,2998,UPI,C0285
T01825,2026-02-25,Tennis Racket,Sports,North,Offline,5,499,2495,Cash,C0041
T01826,2026-12-05,Football,Sports,East,Offline,1,299,299,Credit Card,C0441
T01827,2026-05-04,Jeans,Clothing,East,Offline,10,19999,199990,Cash,C0156
T01828,2026-01-12,Tennis Racket,Sports,South,Offline,6,799,4794,Cash,C0555
T01829,2026-11-12,Smartphone,Electronics,East,Offline,2,19999,39998,UPI,C0098
T01830,2026-05-07,Milk,Grocery,South,Online,4,4999,19996,Cash,C0287
T01831,2026-02-24,Smartphone,Electronics,West,Offline,5,2499,12495,Cash,C0238
T01832,2026-02-21,Smartwatch,Electronics,South,Offline,8,4999,39992,Net Banking,C0024
T01833,2026-10-05,Microwave,Home,East,Offline,8,2499,19992,UPI,C0512
T01834,2026-09-17,Dumbbell,Sports,South,Offline,8,19999,159992,Cash,C0721
T01835,2026-02-09,Dumbbell,Sports,South,Online,3,2499,7497,Credit Card,C0362
T01836,2026-07-27,Microwave,Home,West,Offline,5,799,3995,UPI,C0703
T01837,2026-10-16,T-Shirt,Clothing,North,Offline,8,49999,399992,Credit Card,C0369
T01838,2026-07-15,Smartwatch,Electronics,West,Offline,7,49999,349993,UPI,C0448
T01839,2026-05-11,Microwave,Home,East,Offline,5,1499,7495,Cash,C0173
T01840,2026-04-23,Tennis Racket,Sports,South,Online,10,9999,99990,Net Banking,C0374
T01841,2026-01-25,T-Shirt,Clothing,North,Offline,3,299,897,UPI,C0538
T01842,2026-05-11,Milk,Grocery,West,Offline,5,499,2495,Cash,C0235
T01843,2026-07-29,Microwave,Home,South,Online,9,299,2691,UPI,C0587
T01844,2026-12-02,Jacket,Clothing,West,Online,9,4999,44991,Cash,C0018
T01845,2026-04-11,Football,Sports,East,Online,2,299,598,UPI,C0798
T01846,2026-08-25,Yoga Mat,Sports,South,Online,3,499,1497,UPI,C0334
T01847,2026-03-29,Sofa,Home,North,Offline,1,9999,9999,Cash,C0172
T01848,2026-01-25,Milk,Grocery,East,Offline,3,799,2397,Net Banking,C0252
T01849,2026-08-21,T-Shirt,Clothing,North,Online,4,499,1996,Net Banking,C0140
T01850,2026-01-01,Table,Home,West,Offline,9,4999,44991,Net Banking,C0663
T01851,2026-09-24,Sofa,Home,West,Offline,10,49999,499990,Net Banking,C0171
T01852,2026-09-15,Milk,Grocery,North,Offline,1,799,799,Credit Card,C0119
T01853,2026-11-06,Oil,Grocery,East,Online,7,999,6993,Credit Card,C0499
T01854,2026-04-12,Smartphone,Electronics,South,Offline,7,29999,209993,Cash,C0665
T01855,2026-06-04,Milk,Grocery,South,Offline,3,199,597,Credit Card,C0499
T01856,2026-07-24,Oil,Grocery,West,Online,6,799,4794,Net Banking,C0053
T01857,2026-05-06,T-Shirt,Clothing,North,Offline,5,1499,7495,Net Banking,C0396
T01858,2026-12-01,Rice,Grocery,East,Offline,10,999,9990,UPI,C0491
T01859,2026-02-04,Chair,Home,South,Online,4,999,3996,UPI,C0150
T01860,2026-12-31,Yoga Mat,Sports,South,Offline,1,199,199,UPI,C0460
T01861,2026-07-26,Sofa,Home,East,Offline,8,1499,11992,Credit Card,C0053
T01862,2026-09-22,Football,Sports,West,Online,8,4999,39992,UPI,C0158
T01863,2026-07-13,Table,Home,South,Online,5,499,2495,UPI,C0632
T01864,2026-07-16,Table,Home,North,Offline,4,199,796,UPI,C0137
T01865,2026-04-10,Sugar,Grocery,South,Offline,4,2499,9996,Credit Card,C0216
T01866,2026-01-01,Smartphone,Electronics,West,Online,1,999,999,Cash,C0480
T01867,2026-03-26,Rice,Grocery,West,Offline,2,29999,59998,Credit Card,C0481
T01868,2026-05-13,Tennis Racket,Sports,East,Offline,9,49999,449991,Cash,C0684
T01869,2026-12-16,Tennis Racket,Sports,South,Online,5,19999,99995,UPI,C0445
T01870,2026-09-05,Chair,Home,West,Offline,9,999,8991,UPI,C0606
T01871,2026-06-03,Mixer,Home,South,Online,3,9999,29997,Cash,C0476
T01872,2026-03-20,Tablet,Electronics,West,Offline,9,1499,13491,Net Banking,C0581
T01873,2026-06-19,Mixer,Home,West,Online,4,499,1996,Credit Card,C0059
T01874,2026-08-12,Oil,Grocery,West,Online,3,2499,7497,Credit Card,C0380
T01875,2026-03-02,Microwave,Home,West,Online,8,4999,39992,Net Banking,C0441
T01876,2026-05-01,Microwave,Home,East,Online,10,499,4990,Credit Card,C0608
T01877,2026-07-12,Laptop,Electronics,North,Online,2,299,598,Net Banking,C0505
T01878,2026-02-17,T-Shirt,Clothing,South,Online,1,4999,4999,Cash,C0299
T01879,2026-07-07,Sofa,Home,South,Offline,2,199,398,Credit Card,C0103
T01880,2026-01-20,Football,Sports,North,Online,1,19999,19999,Cash,C0401
T01881,2026-09-09,Headphones,Electronics,North,Offline,10,999,9990,Cash,C0067
T01882,2026-08-25,Yoga Mat,Sports,North,Offline,3,29999,89997,Cash,C0706
T01883,2026-05-26,Smartwatch,Electronics,South,Offline,6,29999,179994,Net Banking,C0368
T01884,2026-09-18,Chair,Home,South,Offline,7,2499,17493,Credit Card,C0216
T01885,2026-05-04,Milk,Grocery,North,Online,3,199,597,UPI,C0152
T01886,2026-02-25,Milk,Grocery,North,Offline,3,49999,149997,Credit Card,C0705
T01887,2026-06-13,Cricket Bat,Sports,West,Online,8,2499,19992,Credit Card,C0727
T01888,2026-04-18,Rice,Grocery,West,Online,6,499,2994,Credit Card,C0068
T01889,2026-01-26,Headphones,Electronics,West,Offline,7,499,3493,Net Banking,C0727
T01890,2026-06-15,Milk,Grocery,West,Offline,6,49999,299994,Cash,C0008
T01891,2026-03-26,Table,Home,East,Online,2,4999,9998,UPI,C0144
T01892,2026-05-03,Tennis Racket,Sports,South,Online,8,999,7992,Net Banking,C0040
T01893,2026-01-05,Chair,Home,East,Online,10,1499,14990,UPI,C0495
T01894,2026-09-14,Jeans,Clothing,East,Offline,3,1499,4497,Cash,C0446
T01895,2026-01-21,Sugar,Grocery,West,Online,9,999,8991,Credit Card,C0341
T01896,2026-01-10,Sugar,Grocery,West,Offline,2,4999,9998,Cash,C0323
T01897,2026-10-30,Shoes,Clothing,North,Online,5,999,4995,Credit Card,C0405
T01898,2026-05-16,Tablet,Electronics,South,Offline,4,199,796,Cash,C0407
T01899,2026-01-02,Rice,Grocery,West,Online,2,999,1998,Credit Card,C0788
T01900,2026-11-04,Smartwatch,Electronics,East,Online,10,799,7990,Cash,C0399
T01901,2026-10-15,Microwave,Home,South,Online,9,29999,269991,Net Banking,C0082
T01902,2026-06-18,Shoes,Clothing,South,Offline,1,299,299,Cash,C0674
T01903,2026-05-30,Table,Home,South,Online,3,2499,7497,Credit Card,C0100
T01904,2026-05-28,Sofa,Home,North,Online,9,29999,269991,Cash,C0125
T01905,2026-01-02,T-Shirt,Clothing,North,Offline,5,499,2495,Credit Card,C0125
T01906,2026-09-14,Dumbbell,Sports,West,Offline,9,299,2691,UPI,C0365
T01907,2026-02-17,Microwave,Home,East,Online,7,799,5593,UPI,C0065
T01908,2026-03-25,Jacket,Clothing,South,Offline,3,9999,29997,Credit Card,C0031
T01909,2026-06-24,Oil,Grocery,West,Online,2,9999,19998,Cash,C0195
T01910,2026-11-14,Sugar,Grocery,South,Offline,2,49999,99998,Net Banking,C0397
T01911,2026-06-14,Microwave,Home,West,Online,1,199,199,UPI,C0585
T01912,2026-07-01,Headphones,Electronics,North,Offline,6,2499,14994,Net Banking,C0088
T01913,2026-03-10,Tablet,Electronics,North,Online,9,9999,89991,Net Banking,C0507
T01914,2026-10-11,Yoga Mat,Sports,North,Offline,2,19999,39998,Cash,C0320
T01915,2026-10-02,Bread,Grocery,North,Offline,1,299,299,Cash,C0713
T01916,2026-05-13,Milk,Grocery,West,Online,5,1499,7495,Credit Card,C0077
T01917,2026-09-13,Chair,Home,North,Offline,7,199,1393,Credit Card,C0190
T01918,2026-12-31,Smartphone,Electronics,North,Offline,9,19999,179991,UPI,C0098
T01919,2026-05-16,Chair,Home,South,Online,2,499,998,Cash,C0051
T01920,2026-05-22,Sofa,Home,East,Offline,9,299,2691,UPI,C0414
T01921,2026-01-21,Table,Home,East,Offline,2,29999,59998,UPI,C0141
T01922,2026-02-05,Tablet,Electronics,West,Online,1,299,299,Net Banking,C0370
T01923,2026-07-27,Football,Sports,South,Online,5,499,2495,Credit Card,C0173
T01924,2026-04-05,Football,Sports,South,Online,1,4999,4999,Cash,C0756
T01925,2026-12-16,Cricket Bat,Sports,East,Online,7,199,1393,Net Banking,C0561
T01926,2026-05-02,Smartwatch,Electronics,West,Online,4,19999,79996,Credit Card,C0353
T01927,2026-03-11,Sugar,Grocery,East,Offline,7,19999,139993,Cash,C0632
T01928,2026-03-05,Bread,Grocery,North,Online,10,4999,49990,Net Banking,C0605
T01929,2026-04-08,Microwave,Home,North,Online,10,499,4990,Cash,C0729
T01930,2026-01-21,Jeans,Clothing,North,Offline,1,49999,49999,Cash,C0224
T01931,2026-05-22,Tablet,Electronics,South,Online,1,29999,29999,UPI,C0424
T01932,2026-02-24,Microwave,Home,South,Online,8,499,3992,Credit Card,C0333
T01933,2026-07-30,Sugar,Grocery,South,Online,5,4999,24995,Cash,C0399
T01934,2026-06-30,Jeans,Clothing,East,Offline,8,4999,39992,UPI,C0259
T01935,2026-01-02,Oil,Grocery,North,Offline,3,199,597,Credit Card,C0209
T01936,2026-07-31,Headphones,Electronics,East,Online,3,999,2997,Net Banking,C0788
T01937,2026-01-08,Sugar,Grocery,West,Offline,2,19999,39998,Credit Card,C0660
T01938,2026-04-25,Milk,Grocery,West,Offline,5,4999,24995,Cash,C0492
T01939,2026-04-23,Milk,Grocery,West,Offline,1,799,799,Cash,C0565
T01940,2026-09-18,T-Shirt,Clothing,East,Offline,5,49999,249995,UPI,C0279
T01941,2026-12-04,Yoga Mat,Sports,North,Online,7,199,1393,Cash,C0290
T01942,2026-05-10,Dress,Clothing,South,Offline,10,19999,199990,UPI,C0153
T01943,2026-01-11,Sofa,Home,East,Online,7,19999,139993,Net Banking,C0199
T01944,2026-04-06,Headphones,Electronics,East,Online,7,999,6993,Net Banking,C0686
T01945,2026-11-05,Tennis Racket,Sports,West,Offline,6,299,1794,Cash,C0251
T01946,2026-06-16,Headphones,Electronics,South,Offline,6,4999,29994,Net Banking,C0234
T01947,2026-08-09,Football,Sports,South,Online,2,299,598,Net Banking,C0045
T01948,2026-04-15,Oil,Grocery,North,Online,9,49999,449991,Net Banking,C0736
T01949,2026-03-11,Jeans,Clothing,North,Online,4,1499,5996,Credit Card,C0012
T01950,2026-10-28,Rice,Grocery,West,Online,5,29999,149995,UPI,C0349
T01951,2026-05-02,Football,Sports,South,Online,2,999,1998,Net Banking,C0706
T01952,2026-05-22,Cricket Bat,Sports,South,Offline,1,4999,4999,Credit Card,C0103
T01953,2026-02-15,Tennis Racket,Sports,East,Online,4,19999,79996,Net Banking,C0714
T01954,2026-06-28,Table,Home,South,Online,9,49999,449991,UPI,C0643
T01955,2026-10-20,Headphones,Electronics,South,Online,4,499,1996,UPI,C0751
T01956,2026-04-02,Jeans,Clothing,East,Offline,4,499,1996,UPI,C0678
T01957,2026-08-19,Dress,Clothing,North,Online,3,199,597,Credit Card,C0643
T01958,2026-06-03,Milk,Grocery,West,Offline,2,499,998,UPI,C0176
T01959,2026-07-11,Tablet,Electronics,West,Online,3,29999,89997,UPI,C0783
T01960,2026-03-22,T-Shirt,Clothing,North,Offline,3,2499,7497,Cash,C0717
T01961,2026-03-27,Sofa,Home,East,Offline,9,29999,269991,Cash,C0609
T01962,2026-09-30,Cricket Bat,Sports,South,Offline,8,2499,19992,Credit Card,C0324
T01963,2026-05-14,Cricket Bat,Sports,West,Offline,1,799,799,Net Banking,C0792
T01964,2026-10-02,Rice,Grocery,South,Online,10,299,2990,Cash,C0755
T01965,2026-12-25,Football,Sports,West,Online,9,4999,44991,UPI,C0531
T01966,2026-04-03,Cricket Bat,Sports,North,Online,3,799,2397,Cash,C0552
T01967,2026-10-10,Headphones,Electronics,North,Offline,9,9999,89991,Credit Card,C0341
T01968,2026-10-09,Jeans,Clothing,West,Online,1,2499,2499,Cash,C0226
T01969,2026-12-24,Tablet,Electronics,West,Online,3,19999,59997,Net Banking,C0739
T01970,2026-11-21,Football,Sports,South,Offline,6,4999,29994,Credit Card,C0031
T01971,2026-01-17,Laptop,Electronics,North,Online,1,49999,49999,Credit Card,C0169
T01972,2026-11-23,Football,Sports,South,Offline,2,49999,99998,UPI,C0450
T01973,2026-10-03,Mixer,Home,South,Offline,10,199,1990,Credit Card,C0389
T01974,2026-12-11,Tablet,Electronics,East,Online,5,999,4995,UPI,C0559
T01975,2026-03-17,Tennis Racket,Sports,East,Offline,9,4999,44991,UPI,C0155
T01976,2026-03-31,Sofa,Home,East,Offline,10,199,1990,Net Banking,C0042
T01977,2026-09-17,Oil,Grocery,North,Online,1,199,199,Credit Card,C0252
T01978,2026-07-13,Chair,Home,East,Online,2,1499,2998,Net Banking,C0387
T01979,2026-10-16,Smartphone,Electronics,East,Online,7,499,3493,Credit Card,C0379
T01980,2026-12-05,Headphones,Electronics,West,Online,5,499,2495,UPI,C0641
T01981,2026-08-29,Smartwatch,Electronics,West,Offline,4,799,3196,Credit Card,C0018
T01982,2026-11-16,Cricket Bat,Sports,North,Offline,3,299,897,UPI,C0126
T01983,2026-07-20,Sofa,Home,North,Offline,2,9999,19998,Credit Card,C0660
T01984,2026-04-01,Dumbbell,Sports,South,Offline,8,799,6392,Cash,C0542
T01985,2026-11-28,Smartwatch,Electronics,South,Online,5,799,3995,Cash,C0714
T01986,2026-07-24,Yoga Mat,Sports,East,Offline,3,9999,29997,Credit Card,C0163
T01987,2026-01-11,Shoes,Clothing,West,Online,3,1499,4497,UPI,C0318
T01988,2026-05-09,Smartwatch,Electronics,East,Offline,1,2499,2499,Cash,C0364
T01989,2026-07-11,Mixer,Home,South,Offline,3,2499,7497,Credit Card,C0557
T01990,2026-12-16,Jacket,Clothing,North,Online,4,49999,199996,Net Banking,C0387
T01991,2026-06-07,Bread,Grocery,North,Online,5,9999,49995,UPI,C0378
T01992,2026-05-04,Tennis Racket,Sports,East,Offline,9,499,4491,Cash,C0477
T01993,2026-11-09,Headphones,Electronics,North,Offline,1,999,999,Cash,C0210
T01994,2026-04-21,Jacket,Clothing,East,Offline,4,9999,39996,UPI,C0405
T01995,2026-04-24,T-Shirt,Clothing,West,Offline,2,299,598,UPI,C0558
T01996,2026-01-25,Cricket Bat,Sports,North,Online,4,19999,79996,Net Banking,C0222
T01997,2026-03-10,Bread,Grocery,West,Online,4,199,796,UPI,C0086
T01998,2026-11-10,Dumbbell,Sports,North,Offline,6,2499,14994,Net Banking,C0798
T01999,2026-10-10,Football,Sports,South,Online,1,499,499,UPI,C0601
T02000,2026-02-24,Table,Home,South,Online,2,9999,19998,Cash,C0705
T02001,2026-07-13,Table,Home,East,Online,8,999,7992,Net Banking,C0004
T02002,2026-11-14,Shoes,Clothing,East,Online,6,19999,119994,UPI,C0079
T02003,2026-06-09,Football,Sports,East,Online,2,9999,19998,Credit Card,C0232
T02004,2026-04-29,Sugar,Grocery,North,Online,8,1499,11992,Net Banking,C0200
T02005,2026-03-29,Jeans,Clothing,South,Online,10,19999,199990,Cash,C0463
T02006,2026-05-21,Chair,Home,North,Offline,7,299,2093,UPI,C0713
T02007,2026-05-31,Dress,Clothing,North,Offline,9,2499,22491,UPI,C0797
T02008,2026-06-22,Shoes,Clothing,West,Online,7,2499,17493,UPI,C0120
T02009,2026-03-07,Rice,Grocery,North,Online,1,799,799,Credit Card,C0400
T02010,2026-07-23,Football,Sports,South,Offline,1,2499,2499,UPI,C0329
T02011,2026-04-19,Smartphone,Electronics,East,Offline,4,999,3996,UPI,C0441
T02012,2026-09-18,Cricket Bat,Sports,North,Offline,7,19999,139993,Net Banking,C0435
T02013,2026-10-15,Dress,Clothing,East,Offline,4,9999,39996,UPI,C0119
T02014,2026-05-04,Sofa,Home,West,Online,1,9999,9999,Credit Card,C0306
T02015,2026-05-02,Sugar,Grocery,West,Online,9,499,4491,Cash,C0240
T02016,2026-11-27,Sofa,Home,North,Offline,2,199,398,Net Banking,C0708
T02017,2026-12-22,Tablet,Electronics,East,Online,1,9999,9999,Credit Card,C0293
T02018,2026-10-21,T-Shirt,Clothing,South,Offline,8,999,7992,Net Banking,C0786
T02019,2026-11-16,Dumbbell,Sports,West,Online,5,9999,49995,Credit Card,C0149
T02020,2026-10-02,Sofa,Home,South,Online,7,29999,209993,Credit Card,C0579
T02021,2026-02-22,Mixer,Home,South,Online,9,999,8991,Cash,C0111
T02022,2026-04-05,Jacket,Clothing,West,Online,3,2499,7497,Net Banking,C0638
T02023,2026-12-25,Tablet,Electronics,West,Online,8,499,3992,Net Banking,C0783
T02024,2026-08-02,Smartwatch,Electronics,South,Offline,3,49999,149997,Cash,C0533
T02025,2026-11-07,Jacket,Clothing,South,Online,10,1499,14990,UPI,C0292
T02026,2026-01-02,Table,Home,West,Offline,2,499,998,UPI,C0563
T02027,2026-03-17,Sugar,Grocery,South,Offline,6,9999,59994,Credit Card,C0096
T02028,2026-10-09,Sugar,Grocery,West,Online,7,1499,10493,Cash,C0016
T02029,2026-10-15,Oil,Grocery,South,Online,2,29999,59998,Credit Card,C0586
T02030,2026-06-22,Headphones,Electronics,West,Online,4,999,3996,Cash,C0602
T02031,2026-06-09,Yoga Mat,Sports,South,Offline,1,199,199,Cash,C0002
T02032,2026-01-04,Dumbbell,Sports,West,Online,10,2499,24990,UPI,C0120
T02033,2026-07-18,Cricket Bat,Sports,South,Offline,2,299,598,UPI,C0050
T02034,2026-02-03,Sugar,Grocery,East,Online,1,19999,19999,Credit Card,C0645
T02035,2026-11-07,Headphones,Electronics,West,Online,1,4999,4999,Cash,C0597
T02036,2026-08-15,Milk,Grocery,East,Online,1,49999,49999,Credit Card,C0277
T02037,2026-01-09,Oil,Grocery,East,Offline,8,19999,159992,Cash,C0060
T02038,2026-08-18,Shoes,Clothing,South,Online,7,29999,209993,Credit Card,C0020
T02039,2026-10-12,Smartwatch,Electronics,North,Online,8,2499,19992,UPI,C0788
T02040,2026-05-15,Smartwatch,Electronics,East,Online,9,29999,269991,Cash,C0204
T02041,2026-04-14,Milk,Grocery,East,Offline,2,499,998,Cash,C0208
T02042,2026-06-26,Rice,Grocery,North,Offline,8,9999,79992,UPI,C0210
T02043,2026-03-26,Laptop,Electronics,North,Offline,10,499,4990,UPI,C0225
T02044,2026-08-05,Dress,Clothing,West,Offline,6,499,2994,Credit Card,C0386
T02045,2026-03-04,Jeans,Clothing,East,Offline,8,299,2392,Credit Card,C0607
T02046,2026-01-26,Dress,Clothing,South,Offline,6,199,1194,Credit Card,C0523
T02047,2026-01-23,Smartwatch,Electronics,North,Online,5,999,4995,Net Banking,C0210
T02048,2026-12-16,Mixer,Home,North,Online,7,4999,34993,Net Banking,C0759
T02049,2026-09-13,Cricket Bat,Sports,North,Online,3,299,897,UPI,C0504
T02050,2026-10-29,Cricket Bat,Sports,South,Offline,2,29999,59998,Net Banking,C0176
T02051,2026-10-21,Yoga Mat,Sports,West,Online,8,49999,399992,Net Banking,C0238
T02052,2026-10-04,T-Shirt,Clothing,East,Offline,9,499,4491,UPI,C0347
T02053,2026-04-28,Dumbbell,Sports,West,Offline,1,4999,4999,UPI,C0465
T02054,2026-09-02,Smartwatch,Electronics,West,Online,8,799,6392,UPI,C0374
T02055,2026-01-02,Sugar,Grocery,South,Online,3,299,897,Cash,C0645
T02056,2026-06-28,Microwave,Home,East,Online,2,2499,4998,Credit Card,C0553
T02057,2026-08-18,Headphones,Electronics,South,Online,7,19999,139993,Cash,C0075
T02058,2026-10-20,Jacket,Clothing,West,Online,10,2499,24990,Credit Card,C0241
T02059,2026-08-09,Tennis Racket,Sports,North,Online,9,999,8991,Cash,C0039
T02060,2026-06-19,Tablet,Electronics,West,Offline,4,29999,119996,Credit Card,C0664
T02061,2026-03-08,Sofa,Home,North,Online,6,49999,299994,Credit Card,C0356
T02062,2026-08-20,Tennis Racket,Sports,West,Online,8,199,1592,Credit Card,C0184
T02063,2026-05-01,Dumbbell,Sports,West,Online,8,2499,19992,Cash,C0027
T02064,2026-11-12,Bread,Grocery,North,Offline,7,299,2093,Net Banking,C0626
T02065,2026-09-30,Oil,Grocery,West,Offline,9,499,4491,Cash,C0133
T02066,2026-06-13,Tennis Racket,Sports,North,Offline,4,4999,19996,UPI,C0409
T02067,2026-11-26,Jeans,Clothing,East,Online,6,199,1194,Credit Card,C0774
T02068,2026-07-19,Sugar,Grocery,West,Online,6,29999,179994,UPI,C0690
T02069,2026-03-05,Jacket,Clothing,East,Offline,9,499,4491,Credit Card,C0258
T02070,2026-04-04,Dumbbell,Sports,West,Online,8,19999,159992,Cash,C0362
T02071,2026-11-10,Microwave,Home,South,Offline,4,29999,119996,Net Banking,C0228
T02072,2026-04-10,Tennis Racket,Sports,West,Online,2,1499,2998,Credit Card,C0082
T02073,2026-12-17,Microwave,Home,West,Online,9,1499,13491,Credit Card,C0399
T02074,2026-03-27,Cricket Bat,Sports,South,Online,7,19999,139993,Credit Card,C0543
T02075,2026-11-08,Mixer,Home,North,Offline,4,9999,39996,Credit Card,C0375
T02076,2026-01-14,Sugar,Grocery,East,Online,5,2499,12495,Credit Card,C0775
T02077,2026-09-07,Chair,Home,South,Offline,4,199,796,UPI,C0692
T02078,2026-09-20,Football,Sports,West,Online,2,4999,9998,UPI,C0204
T02079,2026-09-25,Sofa,Home,North,Online,4,999,3996,Credit Card,C0216
T02080,2026-07-21,Mixer,Home,West,Online,6,999,5994,Credit Card,C0336
T02081,2026-04-14,Smartphone,Electronics,South,Offline,3,1499,4497,Net Banking,C0746
T02082,2026-09-26,Smartphone,Electronics,East,Online,7,4999,34993,UPI,C0636
T02083,2026-05-17,T-Shirt,Clothing,North,Offline,5,299,1495,Cash,C0468
T02084,2026-07-16,Tennis Racket,Sports,West,Online,2,49999,99998,Cash,C0776
T02085,2026-09-02,Headphones,Electronics,South,Offline,6,499,2994,Net Banking,C0167
T02086,2026-03-12,Sofa,Home,North,Offline,7,2499,17493,Net Banking,C0773
T02087,2026-08-19,Dumbbell,Sports,South,Online,5,999,4995,Net Banking,C0724
T02088,2026-06-22,Yoga Mat,Sports,East,Offline,5,9999,49995,Credit Card,C0325
T02089,2026-12-31,Yoga Mat,Sports,South,Offline,3,9999,29997,UPI,C0085
T02090,2026-12-21,Bread,Grocery,North,Online,1,499,499,UPI,C0160
T02091,2026-06-07,Microwave,Home,South,Online,10,29999,299990,Cash,C0135
T02092,2026-11-26,Headphones,Electronics,South,Online,6,299,1794,Credit Card,C0349
T02093,2026-09-04,Tablet,Electronics,West,Online,4,29999,119996,UPI,C0291
T02094,2026-06-05,Sofa,Home,West,Offline,9,19999,179991,Net Banking,C0148
T02095,2026-09-13,Shoes,Clothing,West,Offline,8,29999,239992,Net Banking,C0154
T02096,2026-01-04,Jacket,Clothing,South,Offline,9,49999,449991,Credit Card,C0215
T02097,2026-02-05,Cricket Bat,Sports,North,Online,3,49999,149997,Cash,C0065
T02098,2026-03-06,Dress,Clothing,North,Offline,3,29999,89997,UPI,C0061
T02099,2026-07-13,Laptop,Electronics,West,Offline,9,799,7191,Net Banking,C0164
T02100,2026-04-15,Dumbbell,Sports,South,Offline,6,199,1194,Net Banking,C0532
T02101,2026-12-28,Smartwatch,Electronics,East,Offline,3,499,1497,Net Banking,C0329
T02102,2026-05-14,Sofa,Home,South,Offline,5,4999,24995,Cash,C0585
T02103,2026-01-17,Microwave,Home,West,Offline,10,299,2990,Cash,C0748
T02104,2026-02-22,Rice,Grocery,West,Online,9,499,4491,Net Banking,C0180
T02105,2026-02-02,Milk,Grocery,South,Online,4,4999,19996,UPI,C0334
T02106,2026-04-04,Jeans,Clothing,South,Offline,10,19999,199990,Cash,C0104
T02107,2026-08-07,Sofa,Home,East,Online,2,29999,59998,Cash,C0243
T02108,2026-03-27,Chair,Home,South,Offline,4,19999,79996,Credit Card,C0274
T02109,2026-08-02,Smartwatch,Electronics,West,Online,8,49999,399992,Cash,C0403
T02110,2026-05-29,T-Shirt,Clothing,East,Offline,10,1499,14990,Net Banking,C0626
T02111,2026-03-01,Shoes,Clothing,West,Online,10,19999,199990,Cash,C0585
T02112,2026-03-31,Rice,Grocery,East,Online,3,199,597,Net Banking,C0778
T02113,2026-09-27,Rice,Grocery,East,Online,4,4999,19996,Cash,C0134
T02114,2026-03-18,Laptop,Electronics,West,Online,3,1499,4497,Cash,C0178
T02115,2026-01-20,Headphones,Electronics,West,Offline,9,4999,44991,Credit Card,C0701
T02116,2026-04-18,Sofa,Home,South,Offline,6,499,2994,UPI,C0769
T02117,2026-01-21,T-Shirt,Clothing,South,Offline,5,999,4995,UPI,C0587
T02118,2026-10-21,Mixer,Home,East,Online,8,299,2392,Cash,C0746
T02119,2026-10-20,Laptop,Electronics,South,Offline,3,29999,89997,UPI,C0095
T02120,2026-06-05,Shoes,Clothing,South,Online,5,29999,149995,Cash,C0006
T02121,2026-10-23,Oil,Grocery,West,Online,2,799,1598,UPI,C0149
T02122,2026-07-23,Smartphone,Electronics,South,Online,3,299,897,UPI,C0704
T02123,2026-12-25,Oil,Grocery,South,Online,8,29999,239992,UPI,C0621
T02124,2026-12-11,Laptop,Electronics,West,Online,2,2499,4998,Cash,C0186
T02125,2026-01-22,Tablet,Electronics,South,Offline,1,4999,4999,Net Banking,C0255
T02126,2026-04-12,Cricket Bat,Sports,South,Offline,1,999,999,Net Banking,C0346
T02127,2026-04-17,Football,Sports,East,Online,3,4999,14997,Cash,C0783
T02128,2026-05-25,T-Shirt,Clothing,North,Offline,2,999,1998,Cash,C0346
T02129,2026-01-05,Yoga Mat,Sports,East,Offline,3,499,1497,Cash,C0018
T02130,2026-10-30,Jacket,Clothing,West,Online,6,49999,299994,UPI,C0220
T02131,2026-12-08,Tennis Racket,Sports,West,Online,6,499,2994,UPI,C0235
T02132,2026-08-21,Smartphone,Electronics,West,Offline,5,799,3995,Credit Card,C0553
T02133,2026-07-07,Bread,Grocery,North,Offline,3,799,2397,UPI,C0761
T02134,2026-03-21,Smartphone,Electronics,West,Online,8,199,1592,Credit Card,C0629
T02135,2026-03-24,Milk,Grocery,East,Online,9,4999,44991,Cash,C0614
T02136,2026-11-14,Smartwatch,Electronics,West,Online,2,2499,4998,Net Banking,C0234
T02137,2026-03-08,Jacket,Clothing,North,Offline,9,29999,269991,Credit Card,C0268
T02138,2026-03-23,Smartphone,Electronics,South,Online,5,199,995,UPI,C0018
T02139,2026-11-12,Table,Home,West,Offline,8,19999,159992,Net Banking,C0316
T02140,2026-11-15,Headphones,Electronics,East,Offline,8,19999,159992,Credit Card,C0436
T02141,2026-03-30,Jacket,Clothing,South,Offline,8,299,2392,Net Banking,C0445
T02142,2026-01-02,Laptop,Electronics,North,Online,9,199,1791,UPI,C0213
T02143,2026-01-14,Sugar,Grocery,West,Offline,4,299,1196,Credit Card,C0782
T02144,2026-02-16,Milk,Grocery,North,Online,7,9999,69993,UPI,C0745
T02145,2026-12-10,Table,Home,North,Online,2,499,998,Credit Card,C0722
T02146,2026-02-01,Rice,Grocery,North,Offline,4,9999,39996,Net Banking,C0105
T02147,2026-05-07,Smartwatch,Electronics,North,Online,4,1499,5996,Credit Card,C0370
T02148,2026-09-29,Table,Home,West,Online,5,799,3995,UPI,C0721
T02149,2026-04-11,Laptop,Electronics,South,Offline,10,2499,24990,Credit Card,C0458
T02150,2026-08-07,Sugar,Grocery,North,Online,5,4999,24995,UPI,C0575
T02151,2026-01-03,Microwave,Home,West,Online,4,19999,79996,Net Banking,C0261
T02152,2026-08-12,Oil,Grocery,East,Online,3,299,897,Cash,C0142
T02153,2026-12-25,Rice,Grocery,East,Offline,1,199,199,Net Banking,C0436
T02154,2026-02-21,Chair,Home,North,Online,10,199,1990,UPI,C0458
T02155,2026-10-29,Oil,Grocery,North,Online,2,999,1998,Credit Card,C0600
T02156,2026-05-01,Tennis Racket,Sports,East,Online,2,49999,99998,Credit Card,C0256
T02157,2026-12-08,Headphones,Electronics,East,Online,3,199,597,Credit Card,C0663
T02158,2026-11-03,Oil,Grocery,West,Online,10,9999,99990,UPI,C0204
T02159,2026-08-26,Dumbbell,Sports,West,Offline,2,2499,4998,UPI,C0421
T02160,2026-07-15,Smartphone,Electronics,East,Online,4,4999,19996,Net Banking,C0492
T02161,2026-10-20,Microwave,Home,East,Offline,4,499,1996,Cash,C0216
T02162,2026-12-19,Tennis Racket,Sports,North,Offline,10,999,9990,UPI,C0069
T02163,2026-12-31,Microwave,Home,South,Online,7,29999,209993,Cash,C0479
T02164,2026-01-27,Dumbbell,Sports,North,Online,9,499,4491,Net Banking,C0057
T02165,2026-03-23,Headphones,Electronics,North,Online,2,9999,19998,Credit Card,C0701
T02166,2026-12-26,Tennis Racket,Sports,West,Online,9,19999,179991,UPI,C0086
T02167,2026-08-16,Tablet,Electronics,East,Online,9,29999,269991,UPI,C0560
T02168,2026-07-24,Chair,Home,South,Online,9,499,4491,Net Banking,C0365
T02169,2026-09-25,Cricket Bat,Sports,East,Offline,10,4999,49990,UPI,C0553
T02170,2026-03-30,Laptop,Electronics,North,Offline,5,9999,49995,Net Banking,C0328
T02171,2026-08-31,Smartphone,Electronics,North,Offline,4,2499,9996,Net Banking,C0094
T02172,2026-11-28,Smartphone,Electronics,East,Online,9,4999,44991,Net Banking,C0574
T02173,2026-09-16,Shoes,Clothing,West,Online,7,19999,139993,Credit Card,C0045
T02174,2026-10-29,Microwave,Home,North,Offline,2,999,1998,UPI,C0364
T02175,2026-08-07,Smartwatch,Electronics,South,Online,9,29999,269991,Net Banking,C0291
T02176,2026-12-12,Tennis Racket,Sports,West,Offline,4,1499,5996,UPI,C0798
T02177,2026-08-24,Dumbbell,Sports,North,Offline,3,999,2997,Credit Card,C0625
T02178,2026-07-12,Sugar,Grocery,East,Offline,4,49999,199996,UPI,C0273
T02179,2026-08-20,Yoga Mat,Sports,West,Online,3,299,897,Cash,C0575
T02180,2026-06-23,Smartwatch,Electronics,East,Online,3,499,1497,Net Banking,C0282
T02181,2026-10-05,Cricket Bat,Sports,South,Offline,1,9999,9999,Net Banking,C0546
T02182,2026-12-23,Cricket Bat,Sports,West,Online,10,199,1990,Credit Card,C0405
T02183,2026-09-03,Dress,Clothing,North,Offline,8,19999,159992,UPI,C0639
T02184,2026-02-02,Headphones,Electronics,North,Online,2,799,1598,Credit Card,C0678
T02185,2026-11-04,Jeans,Clothing,South,Online,7,299,2093,Net Banking,C0737
T02186,2026-07-28,Headphones,Electronics,North,Offline,3,799,2397,Credit Card,C0570
T02187,2026-09-19,Smartwatch,Electronics,North,Online,6,49999,299994,Credit Card,C0286
T02188,2026-06-04,Milk,Grocery,North,Offline,5,299,1495,Credit Card,C0666
T02189,2026-01-17,Jacket,Clothing,West,Offline,5,199,995,UPI,C0482
T02190,2026-09-05,Tablet,Electronics,East,Online,3,49999,149997,UPI,C0411
T02191,2026-08-25,Cricket Bat,Sports,North,Offline,2,999,1998,Credit Card,C0424
T02192,2026-09-22,Smartphone,Electronics,South,Offline,6,19999,119994,Net Banking,C0272
T02193,2026-10-07,Sugar,Grocery,South,Offline,9,19999,179991,Net Banking,C0320
T02194,2026-09-17,Sugar,Grocery,North,Offline,5,49999,249995,Credit Card,C0603
T02195,2026-05-14,Mixer,Home,South,Online,2,299,598,UPI,C0704
T02196,2026-09-02,Microwave,Home,North,Offline,7,49999,349993,UPI,C0073
T02197,2026-08-31,Smartwatch,Electronics,West,Online,1,799,799,Net Banking,C0322
T02198,2026-05-08,Milk,Grocery,East,Offline,2,9999,19998,Credit Card,C0614
T02199,2026-01-29,Oil,Grocery,North,Offline,1,199,199,Cash,C0306
T02200,2026-09-29,Yoga Mat,Sports,East,Offline,3,199,597,Net Banking,C0699
T02201,2026-05-21,Tennis Racket,Sports,West,Offline,7,2499,17493,UPI,C0335
T02202,2026-08-12,Microwave,Home,East,Offline,1,999,999,Credit Card,C0502
T02203,2026-08-15,Sofa,Home,West,Offline,1,19999,19999,Credit Card,C0227
T02204,2026-04-09,Tennis Racket,Sports,South,Online,1,2499,2499,Credit Card,C0265
T02205,2026-07-27,Milk,Grocery,East,Offline,3,2499,7497,UPI,C0112
T02206,2026-07-23,Sofa,Home,South,Online,10,1499,14990,UPI,C0712
T02207,2026-12-12,Milk,Grocery,South,Online,3,299,897,Credit Card,C0186
T02208,2026-08-20,Oil,Grocery,West,Online,8,999,7992,Credit Card,C0628
T02209,2026-02-04,Rice,Grocery,South,Offline,2,299,598,UPI,C0095
T02210,2026-07-10,Yoga Mat,Sports,West,Online,9,9999,89991,UPI,C0779
T02211,2026-10-02,Laptop,Electronics,West,Offline,8,19999,159992,Net Banking,C0573
T02212,2026-03-07,T-Shirt,Clothing,East,Offline,3,19999,59997,UPI,C0280
T02213,2026-08-17,Shoes,Clothing,West,Online,5,499,2495,Cash,C0748
T02214,2026-02-26,T-Shirt,Clothing,East,Online,4,9999,39996,Net Banking,C0351
T02215,2026-04-27,Bread,Grocery,West,Online,10,49999,499990,Net Banking,C0568
T02216,2026-06-29,Jacket,Clothing,South,Offline,5,9999,49995,Cash,C0127
T02217,2026-12-10,Cricket Bat,Sports,East,Offline,9,1499,13491,Credit Card,C0049
T02218,2026-01-17,Bread,Grocery,East,Offline,5,29999,149995,Net Banking,C0347
T02219,2026-03-16,T-Shirt,Clothing,South,Online,2,499,998,Net Banking,C0293
T02220,2026-10-03,Dumbbell,Sports,North,Offline,10,49999,499990,Net Banking,C0793
T02221,2026-07-23,Jeans,Clothing,South,Offline,5,29999,149995,Cash,C0032
T02222,2026-04-09,Tennis Racket,Sports,South,Online,7,29999,209993,Net Banking,C0363
T02223,2026-01-07,Football,Sports,West,Online,2,19999,39998,UPI,C0262
T02224,2026-06-18,T-Shirt,Clothing,South,Offline,7,19999,139993,Cash,C0274
T02225,2026-11-16,Jacket,Clothing,North,Online,4,999,3996,UPI,C0528
T02226,2026-02-05,Oil,Grocery,East,Online,8,9999,79992,Net Banking,C0354
T02227,2026-03-30,Chair,Home,East,Offline,5,29999,149995,Credit Card,C0438
T02228,2026-01-28,Cricket Bat,Sports,North,Offline,9,1499,13491,Cash,C0462
T02229,2026-12-27,Football,Sports,East,Online,1,29999,29999,UPI,C0151
T02230,2026-10-02,Sugar,Grocery,East,Offline,9,29999,269991,Net Banking,C0601
T02231,2026-09-28,Cricket Bat,Sports,East,Offline,10,199,1990,Net Banking,C0593
T02232,2026-12-26,Shoes,Clothing,West,Online,2,999,1998,Credit Card,C0386
T02233,2026-04-30,Laptop,Electronics,West,Offline,10,9999,99990,Cash,C0275
T02234,2026-03-09,Dress,Clothing,West,Online,4,19999,79996,Cash,C0244
T02235,2026-10-18,Smartphone,Electronics,West,Online,2,29999,59998,Net Banking,C0161
T02236,2026-10-18,Jeans,Clothing,North,Online,9,9999,89991,Cash,C0150
T02237,2026-03-04,Laptop,Electronics,South,Online,1,499,499,UPI,C0017
T02238,2026-02-02,Dumbbell,Sports,West,Online,8,2499,19992,UPI,C0031
T02239,2026-09-18,Tennis Racket,Sports,West,Online,8,49999,399992,UPI,C0561
T02240,2026-02-12,Microwave,Home,North,Offline,6,2499,14994,UPI,C0742
T02241,2026-05-01,Yoga Mat,Sports,South,Online,6,29999,179994,UPI,C0495
T02242,2026-05-22,Sugar,Grocery,East,Offline,3,799,2397,Net Banking,C0603
T02243,2026-06-11,Laptop,Electronics,North,Offline,1,799,799,Net Banking,C0187
T02244,2026-01-02,Chair,Home,West,Offline,6,49999,299994,UPI,C0340
T02245,2026-01-11,Smartwatch,Electronics,West,Offline,7,29999,209993,Credit Card,C0095
T02246,2026-02-07,Smartwatch,Electronics,North,Online,6,999,5994,Cash,C0289
T02247,2026-01-01,Sugar,Grocery,West,Offline,6,299,1794,Net Banking,C0043
T02248,2026-09-25,Football,Sports,South,Offline,6,9999,59994,Net Banking,C0562
T02249,2026-04-14,Sofa,Home,West,Online,3,2499,7497,Net Banking,C0622
T02250,2026-08-24,Tablet,Electronics,West,Online,4,9999,39996,Net Banking,C0542
T02251,2026-12-16,Sugar,Grocery,North,Offline,2,1499,2998,Net Banking,C0185
T02252,2026-07-05,Rice,Grocery,West,Online,10,4999,49990,Cash,C0130
T02253,2026-01-12,Smartphone,Electronics,East,Offline,7,49999,349993,Cash,C0390
T02254,2026-01-08,Mixer,Home,East,Online,9,199,1791,UPI,C0473
T02255,2026-07-04,Sofa,Home,West,Offline,6,299,1794,Net Banking,C0298
T02256,2026-12-28,Smartphone,Electronics,West,Online,8,999,7992,UPI,C0099
T02257,2026-10-05,Cricket Bat,Sports,West,Online,5,299,1495,Net Banking,C0273
T02258,2026-04-01,Jeans,Clothing,East,Online,10,4999,49990,Net Banking,C0055
T02259,2026-12-29,Chair,Home,North,Offline,5,499,2495,Credit Card,C0382
T02260,2026-09-06,Headphones,Electronics,South,Online,7,9999,69993,Cash,C0130
T02261,2026-07-07,Rice,Grocery,North,Online,10,199,1990,Net Banking,C0225
T02262,2026-12-27,Table,Home,West,Online,5,199,995,Cash,C0140
T02263,2026-05-23,Milk,Grocery,East,Offline,9,499,4491,UPI,C0060
T02264,2026-02-15,Sugar,Grocery,South,Offline,9,499,4491,Net Banking,C0247
T02265,2026-02-16,Shoes,Clothing,East,Online,2,2499,4998,Net Banking,C0068
T02266,2026-01-31,Sofa,Home,North,Offline,1,299,299,UPI,C0626
T02267,2026-04-02,Rice,Grocery,South,Offline,2,1499,2998,UPI,C0766
T02268,2026-01-23,Microwave,Home,South,Online,8,199,1592,UPI,C0034
T02269,2026-08-25,Smartwatch,Electronics,North,Online,10,1499,14990,Net Banking,C0263
T02270,2026-12-25,Tablet,Electronics,East,Offline,10,999,9990,Cash,C0662
T02271,2026-03-14,Tennis Racket,Sports,South,Offline,8,2499,19992,Credit Card,C0135
T02272,2026-11-01,Chair,Home,West,Online,8,299,2392,Cash,C0486
T02273,2026-04-14,Sofa,Home,North,Online,2,799,1598,Credit Card,C0341
T02274,2026-01-24,Jacket,Clothing,West,Online,9,29999,269991,Cash,C0071
T02275,2026-08-28,Microwave,Home,East,Online,6,4999,29994,Credit Card,C0156
T02276,2026-08-04,Football,Sports,West,Online,7,999,6993,Net Banking,C0459
T02277,2026-04-10,Tennis Racket,Sports,East,Offline,4,49999,199996,Cash,C0561
T02278,2026-06-05,Jacket,Clothing,East,Offline,4,2499,9996,Cash,C0554
T02279,2026-01-25,Chair,Home,West,Offline,1,4999,4999,UPI,C0403
T02280,2026-07-04,Sugar,Grocery,North,Offline,6,1499,8994,Net Banking,C0164
T02281,2026-04-16,Cricket Bat,Sports,North,Offline,1,19999,19999,Credit Card,C0110
T02282,2026-01-22,Bread,Grocery,North,Online,1,29999,29999,UPI,C0086
T02283,2026-02-21,Sugar,Grocery,North,Online,7,299,2093,Credit Card,C0303
T02284,2026-12-27,Oil,Grocery,South,Online,1,29999,29999,UPI,C0416
T02285,2026-11-14,Microwave,Home,North,Online,6,999,5994,UPI,C0085
T02286,2026-12-08,Jeans,Clothing,East,Online,8,1499,11992,UPI,C0162
T02287,2026-08-02,Laptop,Electronics,East,Online,6,299,1794,Cash,C0356
T02288,2026-12-02,Yoga Mat,Sports,East,Online,8,29999,239992,Net Banking,C0290
T02289,2026-01-23,Rice,Grocery,South,Online,8,49999,399992,Net Banking,C0610
T02290,2026-10-09,Headphones,Electronics,East,Online,10,29999,299990,Cash,C0683
T02291,2026-02-03,Laptop,Electronics,South,Offline,7,999,6993,UPI,C0209
T02292,2026-12-20,Football,Sports,East,Online,1,999,999,UPI,C0220
T02293,2026-08-08,Tablet,Electronics,East,Online,10,49999,499990,UPI,C0556
T02294,2026-06-03,Football,Sports,East,Online,4,29999,119996,Credit Card,C0355
T02295,2026-05-05,Sofa,Home,North,Offline,6,499,2994,Net Banking,C0073
T02296,2026-01-18,Smartwatch,Electronics,North,Online,8,19999,159992,Net Banking,C0585
T02297,2026-08-08,Football,Sports,West,Offline,2,9999,19998,Net Banking,C0270
T02298,2026-01-23,Shoes,Clothing,South,Online,9,999,8991,Cash,C0584
T02299,2026-05-28,Sofa,Home,North,Online,6,799,4794,Net Banking,C0503
T02300,2026-08-23,Milk,Grocery,North,Online,6,1499,8994,Cash,C0649
T02301,2026-06-28,Laptop,Electronics,West,Offline,8,799,6392,Credit Card,C0134
T02302,2026-07-20,Jacket,Clothing,East,Online,2,4999,9998,UPI,C0643
T02303,2026-04-06,Cricket Bat,Sports,East,Offline,4,799,3196,UPI,C0072
T02304,2026-01-08,Tablet,Electronics,West,Online,1,29999,29999,Credit Card,C0251
T02305,2026-01-03,Tennis Racket,Sports,East,Online,7,9999,69993,UPI,C0156
T02306,2026-03-01,Smartwatch,Electronics,South,Online,7,4999,34993,UPI,C0289
T02307,2026-12-14,Table,Home,West,Offline,6,19999,119994,Cash,C0090
T02308,2026-03-29,Tennis Racket,Sports,South,Offline,7,999,6993,UPI,C0237
T02309,2026-05-04,Milk,Grocery,South,Offline,1,49999,49999,Credit Card,C0363
T02310,2026-09-24,T-Shirt,Clothing,West,Online,5,4999,24995,Cash,C0002
T02311,2026-08-16,Laptop,Electronics,South,Online,6,499,2994,Cash,C0194
T02312,2026-08-09,T-Shirt,Clothing,South,Online,10,49999,499990,Credit Card,C0538
T02313,2026-03-05,Tennis Racket,Sports,North,Offline,8,49999,399992,UPI,C0445
T02314,2026-02-24,Tablet,Electronics,East,Offline,7,799,5593,UPI,C0748
T02315,2026-10-29,Sofa,Home,West,Online,8,49999,399992,UPI,C0391
T02316,2026-10-12,Football,Sports,South,Offline,1,1499,1499,Cash,C0069
T02317,2026-10-08,Sugar,Grocery,West,Online,3,9999,29997,Credit Card,C0340
T02318,2026-06-09,Laptop,Electronics,South,Offline,9,499,4491,Cash,C0002
T02319,2026-01-28,Dress,Clothing,East,Online,4,19999,79996,Cash,C0139
T02320,2026-12-06,T-Shirt,Clothing,East,Offline,5,299,1495,Net Banking,C0286
T02321,2026-12-02,Jeans,Clothing,North,Online,9,49999,449991,Net Banking,C0369
T02322,2026-10-23,Cricket Bat,Sports,South,Online,1,29999,29999,Cash,C0037
T02323,2026-11-21,T-Shirt,Clothing,South,Online,5,49999,249995,Cash,C0134
T02324,2026-08-13,Bread,Grocery,North,Online,3,49999,149997,Credit Card,C0736
T02325,2026-04-10,Smartphone,Electronics,West,Offline,9,299,2691,UPI,C0417
T02326,2026-05-10,Milk,Grocery,North,Offline,1,29999,29999,Cash,C0451
T02327,2026-08-22,Bread,Grocery,North,Online,7,19999,139993,Cash,C0787
T02328,2026-02-06,Smartphone,Electronics,West,Online,10,299,2990,Net Banking,C0306
T02329,2026-07-13,Football,Sports,South,Online,3,19999,59997,UPI,C0270
T02330,2026-05-07,Yoga Mat,Sports,West,Offline,2,19999,39998,Cash,C0155
T02331,2026-10-18,Smartphone,Electronics,West,Online,2,2499,4998,UPI,C0376
T02332,2026-07-27,Yoga Mat,Sports,West,Online,7,2499,17493,Net Banking,C0240
T02333,2026-12-25,Milk,Grocery,West,Offline,2,19999,39998,Credit Card,C0062
T02334,2026-06-05,Yoga Mat,Sports,North,Offline,5,999,4995,Net Banking,C0401
T02335,2026-04-11,Sofa,Home,South,Offline,4,49999,199996,Credit Card,C0009
T02336,2026-06-04,Dumbbell,Sports,South,Online,3,4999,14997,Cash,C0395
T02337,2026-03-10,Rice,Grocery,South,Offline,2,999,1998,Cash,C0421
T02338,2026-12-07,Jacket,Clothing,East,Offline,9,49999,449991,Cash,C0104
T02339,2026-12-14,Tennis Racket,Sports,West,Online,1,9999,9999,Net Banking,C0152
T02340,2026-11-24,Jacket,Clothing,West,Offline,2,29999,59998,Cash,C0206
T02341,2026-10-14,Microwave,Home,East,Offline,3,49999,149997,Cash,C0375
T02342,2026-12-08,Headphones,Electronics,South,Online,9,799,7191,Credit Card,C0208
T02343,2026-01-18,T-Shirt,Clothing,East,Offline,2,49999,99998,Net Banking,C0029
T02344,2026-07-11,Chair,Home,West,Offline,8,49999,399992,Net Banking,C0339
T02345,2026-08-21,Sugar,Grocery,East,Online,5,49999,249995,Credit Card,C0246
T02346,2026-08-12,Sofa,Home,West,Offline,8,999,7992,Net Banking,C0066
T02347,2026-08-09,Jacket,Clothing,South,Offline,3,299,897,Credit Card,C0379
T02348,2026-01-12,Football,Sports,East,Online,10,1499,14990,Credit Card,C0190
T02349,2026-07-24,Cricket Bat,Sports,West,Offline,6,1499,8994,Credit Card,C0458
T02350,2026-04-04,Smartphone,Electronics,East,Online,1,4999,4999,Cash,C0377
T02351,2026-10-29,Headphones,Electronics,North,Offline,3,2499,7497,UPI,C0684
T02352,2026-05-16,Tennis Racket,Sports,South,Offline,4,799,3196,UPI,C0309
T02353,2026-06-12,Microwave,Home,West,Online,1,4999,4999,Net Banking,C0232
T02354,2026-02-23,Laptop,Electronics,North,Offline,9,29999,269991,Credit Card,C0172
T02355,2026-03-14,Laptop,Electronics,West,Online,6,49999,299994,Credit Card,C0326
T02356,2026-03-22,Jacket,Clothing,South,Offline,5,49999,249995,Net Banking,C0266
T02357,2026-05-17,Rice,Grocery,South,Online,2,4999,9998,UPI,C0709
T02358,2026-09-28,Bread,Grocery,West,Offline,3,799,2397,Net Banking,C0136
T02359,2026-10-23,Oil,Grocery,South,Online,6,2499,14994,Net Banking,C0004
T02360,2026-02-27,Mixer,Home,East,Online,1,29999,29999,Net Banking,C0550
T02361,2026-02-02,Headphones,Electronics,North,Online,6,29999,179994,UPI,C0156
T02362,2026-09-05,Jeans,Clothing,South,Offline,2,999,1998,Net Banking,C0679
T02363,2026-04-10,Smartwatch,Electronics,East,Online,1,19999,19999,UPI,C0788
T02364,2026-04-22,Sugar,Grocery,South,Online,2,4999,9998,Cash,C0125
T02365,2026-04-12,Sugar,Grocery,South,Offline,6,1499,8994,Cash,C0739
T02366,2026-01-14,Cricket Bat,Sports,West,Online,10,49999,499990,Credit Card,C0131
T02367,2026-07-11,Yoga Mat,Sports,South,Online,4,799,3196,Cash,C0656
T02368,2026-12-21,Milk,Grocery,South,Online,10,799,7990,Credit Card,C0373
T02369,2026-08-31,Jacket,Clothing,South,Offline,4,499,1996,Net Banking,C0090
T02370,2026-09-17,Mixer,Home,North,Online,8,2499,19992,Net Banking,C0047
T02371,2026-09-19,Shoes,Clothing,North,Online,10,4999,49990,Cash,C0391
T02372,2026-01-20,Laptop,Electronics,South,Offline,8,299,2392,UPI,C0363
T02373,2026-11-27,Cricket Bat,Sports,South,Online,9,29999,269991,Net Banking,C0683
T02374,2026-11-19,Bread,Grocery,West,Offline,9,999,8991,Cash,C0333
T02375,2026-08-15,Microwave,Home,South,Online,3,799,2397,Cash,C0166
T02376,2026-12-31,Football,Sports,East,Offline,2,19999,39998,Cash,C0355
T02377,2026-10-14,Cricket Bat,Sports,East,Offline,3,499,1497,UPI,C0387
T02378,2026-04-04,Yoga Mat,Sports,North,Offline,4,1499,5996,Cash,C0651
T02379,2026-09-03,T-Shirt,Clothing,North,Offline,2,9999,19998,Net Banking,C0701
T02380,2026-09-09,Mixer,Home,West,Offline,4,199,796,Cash,C0573
T02381,2026-06-06,Tablet,Electronics,North,Online,6,499,2994,Cash,C0794
T02382,2026-07-17,Shoes,Clothing,East,Offline,1,9999,9999,Cash,C0585
T02383,2026-08-31,Table,Home,East,Offline,2,1499,2998,UPI,C0371
T02384,2026-06-13,Sofa,Home,North,Offline,2,499,998,UPI,C0439
T02385,2026-05-18,Laptop,Electronics,East,Offline,10,29999,299990,Net Banking,C0279
T02386,2026-01-09,Football,Sports,West,Online,10,49999,499990,Credit Card,C0462
T02387,2026-10-08,Bread,Grocery,West,Online,3,199,597,Cash,C0019
T02388,2026-05-10,Shoes,Clothing,North,Online,3,29999,89997,Net Banking,C0099
T02389,2026-03-11,Smartphone,Electronics,South,Online,5,299,1495,Net Banking,C0636
T02390,2026-07-26,Sugar,Grocery,West,Offline,10,29999,299990,UPI,C0580
T02391,2026-09-25,Milk,Grocery,West,Offline,2,499,998,Net Banking,C0237
T02392,2026-02-10,Cricket Bat,Sports,West,Online,3,4999,14997,Net Banking,C0348
T02393,2026-12-23,Tennis Racket,Sports,West,Offline,9,19999,179991,Credit Card,C0243
T02394,2026-11-23,Dress,Clothing,North,Online,5,799,3995,Net Banking,C0337
T02395,2026-06-08,T-Shirt,Clothing,East,Online,9,29999,269991,Cash,C0128
T02396,2026-03-16,Smartphone,Electronics,North,Offline,2,19999,39998,UPI,C0794
T02397,2026-06-28,Oil,Grocery,West,Offline,5,999,4995,Net Banking,C0008
T02398,2026-12-31,Laptop,Electronics,West,Offline,3,2499,7497,Credit Card,C0317
T02399,2026-10-06,Oil,Grocery,West,Offline,7,999,6993,Credit Card,C0092
T02400,2026-08-03,Shoes,Clothing,North,Offline,6,2499,14994,Credit Card,C0034
T02401,2026-01-12,Milk,Grocery,South,Offline,6,1499,8994,Cash,C0039
T02402,2026-10-29,Bread,Grocery,South,Offline,10,2499,24990,Net Banking,C0081
T02403,2026-02-26,Yoga Mat,Sports,West,Online,3,19999,59997,Credit Card,C0211
T02404,2026-01-26,Sofa,Home,North,Online,8,49999,399992,Credit Card,C0359
T02405,2026-02-26,Dress,Clothing,West,Online,3,4999,14997,Net Banking,C0307
T02406,2026-05-01,Headphones,Electronics,East,Offline,10,999,9990,Credit Card,C0289
T02407,2026-07-31,Milk,Grocery,East,Offline,5,1499,7495,Cash,C0315
T02408,2026-12-30,Mixer,Home,North,Offline,5,19999,99995,Cash,C0772
T02409,2026-11-08,Jacket,Clothing,West,Offline,5,19999,99995,Cash,C0589
T02410,2026-05-19,Bread,Grocery,South,Online,1,9999,9999,Cash,C0049
T02411,2026-10-31,Sofa,Home,West,Online,7,499,3493,Credit Card,C0103
T02412,2026-05-08,T-Shirt,Clothing,West,Online,1,19999,19999,UPI,C0708
T02413,2026-03-30,Smartwatch,Electronics,East,Offline,1,4999,4999,Credit Card,C0198
T02414,2026-05-27,Bread,Grocery,South,Online,6,4999,29994,UPI,C0251
T02415,2026-01-06,Headphones,Electronics,West,Offline,5,19999,99995,Net Banking,C0066
T02416,2026-03-17,Cricket Bat,Sports,North,Online,10,199,1990,Credit Card,C0110
T02417,2026-03-11,Smartphone,Electronics,West,Offline,8,1499,11992,Net Banking,C0195
T02418,2026-06-19,Yoga Mat,Sports,West,Online,8,199,1592,Cash,C0071
T02419,2026-05-14,Sofa,Home,East,Offline,5,799,3995,Net Banking,C0398
T02420,2026-04-24,Laptop,Electronics,East,Online,4,9999,39996,Cash,C0304
T02421,2026-04-04,Shoes,Clothing,South,Online,3,29999,89997,Cash,C0200
T02422,2026-06-08,Bread,Grocery,West,Online,3,999,2997,UPI,C0020
T02423,2026-06-04,Shoes,Clothing,West,Online,10,2499,24990,UPI,C0566
T02424,2026-11-30,Microwave,Home,West,Online,10,999,9990,Cash,C0670
T02425,2026-02-15,Oil,Grocery,West,Offline,5,299,1495,Cash,C0039
T02426,2026-06-04,Jacket,Clothing,South,Offline,1,499,499,UPI,C0168
T02427,2026-03-24,Tennis Racket,Sports,West,Offline,5,2499,12495,Cash,C0460
T02428,2026-06-22,Jeans,Clothing,South,Online,4,499,1996,UPI,C0140
T02429,2026-01-09,Jacket,Clothing,North,Online,7,19999,139993,Cash,C0011
T02430,2026-04-28,Smartphone,Electronics,West,Offline,4,999,3996,Net Banking,C0070
T02431,2026-12-21,Smartwatch,Electronics,North,Offline,8,1499,11992,Net Banking,C0146
T02432,2026-09-02,Tennis Racket,Sports,South,Online,6,1499,8994,Cash,C0285
T02433,2026-11-25,Microwave,Home,South,Online,1,299,299,Credit Card,C0500
T02434,2026-03-29,T-Shirt,Clothing,South,Online,4,999,3996,Cash,C0554
T02435,2026-06-01,Rice,Grocery,North,Online,10,49999,499990,Net Banking,C0735
T02436,2026-03-25,Jeans,Clothing,East,Online,5,199,995,Net Banking,C0740
T02437,2026-07-31,Sofa,Home,North,Offline,8,49999,399992,Net Banking,C0329
T02438,2026-05-14,Rice,Grocery,South,Offline,10,19999,199990,UPI,C0396
T02439,2026-07-04,Cricket Bat,Sports,South,Offline,9,4999,44991,Cash,C0348
T02440,2026-09-16,Smartphone,Electronics,North,Offline,3,1499,4497,Net Banking,C0404
T02441,2026-10-01,Chair,Home,South,Online,9,49999,449991,Net Banking,C0256
T02442,2026-11-18,Shoes,Clothing,South,Online,10,299,2990,Cash,C0087
T02443,2026-02-14,Laptop,Electronics,North,Online,9,4999,44991,Credit Card,C0705
T02444,2026-10-11,Sugar,Grocery,North,Offline,1,29999,29999,UPI,C0497
T02445,2026-05-30,Smartphone,Electronics,East,Online,10,499,4990,Credit Card,C0712
T02446,2026-07-01,Dress,Clothing,North,Offline,6,49999,299994,UPI,C0177
T02447,2026-03-31,Shoes,Clothing,East,Online,7,49999,349993,Cash,C0571
T02448,2026-08-21,Jeans,Clothing,East,Online,1,1499,1499,Cash,C0116
T02449,2026-07-12,Shoes,Clothing,East,Offline,6,29999,179994,Cash,C0200
T02450,2026-01-01,Cricket Bat,Sports,East,Offline,4,999,3996,Net Banking,C0019
T02451,2026-06-06,Tennis Racket,Sports,East,Online,8,9999,79992,Credit Card,C0476
T02452,2026-01-11,T-Shirt,Clothing,West,Offline,6,19999,119994,UPI,C0627
T02453,2026-06-10,Shoes,Clothing,South,Offline,8,999,7992,Net Banking,C0650
T02454,2026-12-03,Jeans,Clothing,East,Offline,10,49999,499990,Cash,C0275
T02455,2026-04-05,Oil,Grocery,South,Online,8,1499,11992,Credit Card,C0581
T02456,2026-03-20,Smartwatch,Electronics,East,Online,2,2499,4998,Cash,C0620
T02457,2026-03-10,Headphones,Electronics,South,Online,10,49999,499990,Credit Card,C0120
T02458,2026-02-06,Table,Home,South,Offline,4,199,796,Credit Card,C0776
T02459,2026-12-07,Dumbbell,Sports,South,Offline,4,2499,9996,Cash,C0662
T02460,2026-07-29,Dress,Clothing,South,Online,5,29999,149995,Net Banking,C0387
T02461,2026-02-08,Chair,Home,North,Offline,10,9999,99990,UPI,C0200
T02462,2026-04-15,Smartphone,Electronics,North,Offline,9,199,1791,Cash,C0722
T02463,2026-03-22,Laptop,Electronics,North,Online,3,499,1497,UPI,C0382
T02464,2026-06-01,Football,Sports,South,Offline,6,9999,59994,Net Banking,C0549
T02465,2026-09-13,Bread,Grocery,North,Offline,1,299,299,Credit Card,C0570
T02466,2026-10-03,Smartwatch,Electronics,South,Online,5,999,4995,UPI,C0398
T02467,2026-04-01,Tennis Racket,Sports,West,Online,8,4999,39992,Credit Card,C0534
T02468,2026-06-17,Oil,Grocery,East,Online,5,2499,12495,Net Banking,C0742
T02469,2026-03-08,Jacket,Clothing,South,Offline,3,299,897,Cash,C0184
T02470,2026-02-08,Jeans,Clothing,North,Online,1,999,999,Credit Card,C0168
T02471,2026-11-10,Sofa,Home,East,Offline,4,299,1196,UPI,C0093
T02472,2026-08-30,Dumbbell,Sports,East,Online,3,2499,7497,Cash,C0527
T02473,2026-12-24,T-Shirt,Clothing,North,Online,9,199,1791,Net Banking,C0433
T02474,2026-07-29,Smartphone,Electronics,North,Offline,1,199,199,Cash,C0766
T02475,2026-03-24,Yoga Mat,Sports,West,Online,4,9999,39996,UPI,C0004
T02476,2026-06-14,Headphones,Electronics,South,Online,3,999,2997,UPI,C0364
T02477,2026-10-11,Shoes,Clothing,North,Online,10,499,4990,Net Banking,C0408
T02478,2026-10-01,Milk,Grocery,South,Online,8,2499,19992,Cash,C0570
T02479,2026-04-16,Tennis Racket,Sports,South,Online,7,29999,209993,Net Banking,C0418
T02480,2026-02-12,Yoga Mat,Sports,West,Online,2,29999,59998,Net Banking,C0466
T02481,2026-02-23,Shoes,Clothing,North,Online,9,999,8991,UPI,C0195
T02482,2026-03-21,Cricket Bat,Sports,South,Online,4,799,3196,Cash,C0358
T02483,2026-04-06,Sugar,Grocery,West,Offline,2,9999,19998,UPI,C0416
T02484,2026-09-04,Oil,Grocery,North,Offline,2,29999,59998,Credit Card,C0596
T02485,2026-03-27,Tablet,Electronics,East,Online,9,299,2691,UPI,C0637
T02486,2026-03-07,Sugar,Grocery,North,Offline,8,2499,19992,UPI,C0361
T02487,2026-10-31,Sugar,Grocery,South,Offline,9,29999,269991,Credit Card,C0677
T02488,2026-09-12,T-Shirt,Clothing,West,Offline,3,49999,149997,Credit Card,C0713
T02489,2026-07-24,Dumbbell,Sports,East,Online,3,19999,59997,Cash,C0332
T02490,2026-08-18,Jacket,Clothing,South,Offline,10,9999,99990,Credit Card,C0229
T02491,2026-11-05,Table,Home,East,Online,1,4999,4999,UPI,C0456
T02492,2026-05-18,Milk,Grocery,West,Offline,10,2499,24990,UPI,C0783
T02493,2026-08-13,Tennis Racket,Sports,North,Online,7,4999,34993,Net Banking,C0315
T02494,2026-12-18,Bread,Grocery,East,Offline,9,1499,13491,Credit Card,C0078
T02495,2026-09-18,Dress,Clothing,North,Offline,9,999,8991,Net Banking,C0249
T02496,2026-05-28,Sugar,Grocery,West,Online,6,799,4794,Net Banking,C0300
T02497,2026-10-27,Football,Sports,East,Online,5,999,4995,Cash,C0679
T02498,2026-11-24,Dumbbell,Sports,South,Online,1,1499,1499,UPI,C0168
T02499,2026-07-24,Shoes,Clothing,West,Offline,1,2499,2499,UPI,C0019
T02500,2026-10-06,Jacket,Clothing,East,Online,9,999,8991,Cash,C0001
T02501,2026-10-12,Tennis Racket,Sports,North,Offline,9,799,7191,Net Banking,C0313
T02502,2026-12-08,Tennis Racket,Sports,West,Offline,4,19999,79996,UPI,C0567
T02503,2026-06-27,Milk,Grocery,West,Offline,1,499,499,UPI,C0049
T02504,2026-01-01,T-Shirt,Clothing,West,Offline,6,49999,299994,UPI,C0607
T02505,2026-11-02,Microwave,Home,West,Offline,1,1499,1499,UPI,C0572
T02506,2026-05-14,Cricket Bat,Sports,East,Offline,8,9999,79992,Net Banking,C0584
T02507,2026-01-27,Dumbbell,Sports,North,Offline,1,29999,29999,Cash,C0425
T02508,2026-11-26,Laptop,Electronics,South,Offline,2,29999,59998,Credit Card,C0705
T02509,2026-03-04,Smartphone,Electronics,East,Offline,5,999,4995,Cash,C0616
T02510,2026-11-01,Smartwatch,Electronics,East,Offline,8,999,7992,Net Banking,C0384
T02511,2026-03-26,Mixer,Home,South,Online,7,499,3493,Credit Card,C0353
T02512,2026-11-09,Dumbbell,Sports,East,Offline,8,499,3992,Cash,C0189
T02513,2026-04-03,Tablet,Electronics,South,Online,1,1499,1499,Credit Card,C0451
T02514,2026-01-16,Table,Home,West,Offline,5,4999,24995,Credit Card,C0702
T02515,2026-06-16,Sofa,Home,West,Offline,4,19999,79996,Cash,C0099
T02516,2026-04-29,Cricket Bat,Sports,West,Online,6,199,1194,Cash,C0295
T02517,2026-06-20,Microwave,Home,North,Online,2,499,998,Cash,C0404
T02518,2026-03-07,T-Shirt,Clothing,West,Online,2,49999,99998,Cash,C0649
T02519,2026-08-26,Milk,Grocery,South,Offline,7,999,6993,Credit Card,C0730
T02520,2026-12-12,Sofa,Home,South,Offline,6,499,2994,Cash,C0698
T02521,2026-06-27,Jacket,Clothing,North,Offline,2,2499,4998,Net Banking,C0378
T02522,2026-11-11,Smartwatch,Electronics,East,Online,2,199,398,UPI,C0372
T02523,2026-06-07,Football,Sports,West,Offline,5,4999,24995,Credit Card,C0483
T02524,2026-04-28,Microwave,Home,East,Offline,6,499,2994,Credit Card,C0115
T02525,2026-08-25,Headphones,Electronics,West,Online,10,999,9990,Credit Card,C0297
T02526,2026-11-05,T-Shirt,Clothing,West,Online,6,799,4794,Cash,C0200
T02527,2026-03-05,Cricket Bat,Sports,North,Online,7,299,2093,Cash,C0660
T02528,2026-09-24,Cricket Bat,Sports,West,Online,7,199,1393,UPI,C0362
T02529,2026-03-31,Sugar,Grocery,North,Offline,8,799,6392,Net Banking,C0189
T02530,2026-06-11,Headphones,Electronics,West,Offline,3,299,897,Net Banking,C0335
T02531,2026-12-05,Jacket,Clothing,North,Online,4,4999,19996,UPI,C0365
T02532,2026-08-06,Milk,Grocery,West,Offline,5,999,4995,UPI,C0753
T02533,2026-09-03,Oil,Grocery,West,Online,3,19999,59997,Credit Card,C0230
T02534,2026-04-18,Milk,Grocery,East,Offline,10,19999,199990,Net Banking,C0269
T02535,2026-06-24,Tablet,Electronics,North,Online,10,19999,199990,UPI,C0050
T02536,2026-09-30,Tennis Racket,Sports,South,Online,6,4999,29994,Cash,C0701
T02537,2026-12-29,Microwave,Home,North,Offline,2,49999,99998,Credit Card,C0295
T02538,2026-03-29,Table,Home,East,Offline,5,49999,249995,Credit Card,C0449
T02539,2026-03-29,Yoga Mat,Sports,East,Online,8,1499,11992,UPI,C0607
T02540,2026-01-27,Jeans,Clothing,West,Online,2,4999,9998,Cash,C0307
T02541,2026-09-28,Cricket Bat,Sports,North,Offline,10,4999,49990,UPI,C0337
T02542,2026-10-25,Yoga Mat,Sports,North,Offline,5,1499,7495,Cash,C0436
T02543,2026-09-12,Dress,Clothing,North,Online,7,9999,69993,Cash,C0744
T02544,2026-04-22,Smartphone,Electronics,East,Offline,9,9999,89991,UPI,C0794
T02545,2026-02-11,Cricket Bat,Sports,North,Offline,10,4999,49990,Credit Card,C0591
T02546,2026-01-06,Tablet,Electronics,South,Online,10,29999,299990,Net Banking,C0480
T02547,2026-10-23,Headphones,Electronics,West,Offline,6,499,2994,Cash,C0227
T02548,2026-07-11,Headphones,Electronics,North,Offline,9,9999,89991,UPI,C0788
T02549,2026-12-09,Microwave,Home,West,Online,3,29999,89997,UPI,C0125
T02550,2026-10-22,Dress,Clothing,South,Online,2,199,398,Net Banking,C0315
T02551,2026-03-10,Chair,Home,West,Online,2,799,1598,UPI,C0707
T02552,2026-09-29,Sofa,Home,North,Online,2,9999,19998,Credit Card,C0336
T02553,2026-02-01,Jacket,Clothing,West,Online,4,49999,199996,Net Banking,C0072
T02554,2026-06-25,Dumbbell,Sports,West,Online,4,2499,9996,Net Banking,C0081
T02555,2026-04-22,Sofa,Home,South,Online,10,2499,24990,Credit Card,C0248
T02556,2026-11-13,Laptop,Electronics,East,Offline,6,9999,59994,UPI,C0376
T02557,2026-11-21,Table,Home,East,Offline,4,299,1196,Net Banking,C0246
T02558,2026-10-27,Sugar,Grocery,East,Online,3,1499,4497,UPI,C0389
T02559,2026-05-29,Shoes,Clothing,South,Online,10,199,1990,Net Banking,C0498
T02560,2026-04-04,Rice,Grocery,West,Offline,3,9999,29997,Net Banking,C0005
T02561,2026-06-25,Jacket,Clothing,North,Offline,3,9999,29997,Credit Card,C0263
T02562,2026-02-05,Rice,Grocery,West,Offline,1,299,299,Cash,C0343
T02563,2026-10-02,Table,Home,East,Online,5,199,995,UPI,C0194
T02564,2026-12-09,Tennis Racket,Sports,West,Online,1,499,499,UPI,C0271
T02565,2026-03-15,Oil,Grocery,South,Online,4,2499,9996,Credit Card,C0649
T02566,2026-05-13,Table,Home,South,Offline,2,9999,19998,Cash,C0023
T02567,2026-10-22,Sugar,Grocery,West,Offline,1,2499,2499,Credit Card,C0712
T02568,2026-12-04,Football,Sports,South,Offline,10,499,4990,Net Banking,C0784
T02569,2026-05-19,Chair,Home,South,Offline,2,49999,99998,Net Banking,C0140
T02570,2026-09-09,Smartwatch,Electronics,North,Offline,5,799,3995,UPI,C0109
T02571,2026-07-16,Mixer,Home,South,Online,4,999,3996,Net Banking,C0211
T02572,2026-10-08,Oil,Grocery,South,Online,6,9999,59994,Cash,C0415
T02573,2026-05-26,Oil,Grocery,North,Online,1,999,999,UPI,C0620
T02574,2026-01-07,Football,Sports,West,Online,6,799,4794,Cash,C0559
T02575,2026-03-07,Milk,Grocery,South,Online,6,999,5994,Credit Card,C0070
T02576,2026-12-02,Jeans,Clothing,North,Offline,2,19999,39998,Net Banking,C0473
T02577,2026-03-10,Headphones,Electronics,North,Online,5,299,1495,Net Banking,C0707
T02578,2026-10-30,Mixer,Home,South,Offline,10,799,7990,Credit Card,C0800
T02579,2026-05-03,Football,Sports,West,Offline,1,19999,19999,UPI,C0650
T02580,2026-03-15,Jacket,Clothing,North,Offline,9,4999,44991,Cash,C0763
T02581,2026-07-19,Sofa,Home,South,Online,7,799,5593,Credit Card,C0081
T02582,2026-09-11,Microwave,Home,North,Offline,3,999,2997,Cash,C0177
T02583,2026-08-03,Laptop,Electronics,North,Online,9,19999,179991,Cash,C0313
T02584,2026-07-15,Dumbbell,Sports,West,Online,2,49999,99998,UPI,C0487
T02585,2026-01-07,Dress,Clothing,South,Online,7,4999,34993,Cash,C0798
T02586,2026-01-18,Tablet,Electronics,West,Offline,6,799,4794,Cash,C0072
T02587,2026-10-20,Microwave,Home,North,Online,7,9999,69993,Credit Card,C0477
T02588,2026-09-01,Yoga Mat,Sports,North,Offline,1,199,199,Cash,C0140
T02589,2026-06-20,Football,Sports,South,Offline,1,4999,4999,UPI,C0195
T02590,2026-01-18,Milk,Grocery,North,Online,3,299,897,Net Banking,C0580
T02591,2026-01-22,Dumbbell,Sports,West,Offline,2,29999,59998,Cash,C0191
T02592,2026-03-03,Headphones,Electronics,East,Offline,6,49999,299994,UPI,C0508
T02593,2026-02-26,Cricket Bat,Sports,West,Online,9,299,2691,Net Banking,C0263
T02594,2026-06-06,Shoes,Clothing,South,Offline,1,499,499,Credit Card,C0135
T02595,2026-04-05,Microwave,Home,West,Online,2,29999,59998,Cash,C0351
T02596,2026-04-03,Dress,Clothing,South,Online,5,299,1495,Credit Card,C0313
T02597,2026-08-17,Milk,Grocery,North,Online,7,19999,139993,Cash,C0431
T02598,2026-11-25,Chair,Home,South,Offline,2,799,1598,Net Banking,C0081
T02599,2026-11-30,Sugar,Grocery,North,Online,5,49999,249995,Credit Card,C0354
T02600,2026-12-21,Sofa,Home,North,Offline,9,1499,13491,UPI,C0135
T02601,2026-02-24,Tablet,Electronics,North,Online,2,1499,2998,Net Banking,C0554
T02602,2026-07-27,Sofa,Home,East,Offline,9,2499,22491,Net Banking,C0527
T02603,2026-12-12,Milk,Grocery,West,Online,4,4999,19996,UPI,C0513
T02604,2026-09-27,Chair,Home,North,Online,8,999,7992,Net Banking,C0674
T02605,2026-10-13,Tablet,Electronics,North,Offline,2,19999,39998,Credit Card,C0635
T02606,2026-10-18,T-Shirt,Clothing,North,Online,7,999,6993,Net Banking,C0585
T02607,2026-09-28,Shoes,Clothing,South,Online,10,49999,499990,Credit Card,C0236
T02608,2026-05-23,Yoga Mat,Sports,East,Offline,9,2499,22491,UPI,C0517
T02609,2026-03-22,Smartphone,Electronics,West,Offline,10,9999,99990,Credit Card,C0443
T02610,2026-04-06,T-Shirt,Clothing,South,Online,3,299,897,Net Banking,C0703
T02611,2026-03-17,Headphones,Electronics,South,Online,6,199,1194,UPI,C0063
T02612,2026-01-11,Tablet,Electronics,South,Offline,9,2499,22491,Net Banking,C0465
T02613,2026-05-03,Football,Sports,North,Online,10,199,1990,UPI,C0259
T02614,2026-03-02,Rice,Grocery,North,Offline,1,19999,19999,Cash,C0241
T02615,2026-03-13,Milk,Grocery,West,Online,8,49999,399992,Net Banking,C0010
T02616,2026-10-05,Chair,Home,West,Offline,9,299,2691,Credit Card,C0398
T02617,2026-05-06,Laptop,Electronics,East,Online,1,19999,19999,Cash,C0445
T02618,2026-03-02,Smartphone,Electronics,North,Online,8,299,2392,Credit Card,C0095
T02619,2026-12-06,Tennis Racket,Sports,East,Offline,6,49999,299994,Cash,C0778
T02620,2026-10-21,Microwave,Home,East,Online,1,799,799,UPI,C0372
T02621,2026-04-15,Microwave,Home,West,Online,5,2499,12495,Net Banking,C0330
T02622,2026-07-12,Tennis Racket,Sports,East,Offline,10,999,9990,Net Banking,C0443
T02623,2026-08-15,T-Shirt,Clothing,South,Offline,2,199,398,UPI,C0143
T02624,2026-12-28,Football,Sports,South,Online,9,499,4491,Net Banking,C0611
T02625,2026-05-28,Smartphone,Electronics,North,Offline,7,499,3493,UPI,C0509
T02626,2026-05-15,Microwave,Home,East,Online,8,799,6392,Net Banking,C0320
T02627,2026-03-23,Jacket,Clothing,North,Offline,8,199,1592,UPI,C0164
T02628,2026-11-14,Tablet,Electronics,East,Online,3,9999,29997,UPI,C0704
T02629,2026-08-03,Smartphone,Electronics,North,Offline,6,1499,8994,Net Banking,C0118
T02630,2026-01-17,Smartwatch,Electronics,South,Online,10,499,4990,Credit Card,C0437
T02631,2026-07-29,Laptop,Electronics,South,Online,2,499,998,Net Banking,C0089
T02632,2026-01-16,Smartphone,Electronics,West,Online,4,499,1996,Credit Card,C0092
T02633,2026-03-06,Headphones,Electronics,East,Online,9,49999,449991,Net Banking,C0754
T02634,2026-08-08,Bread,Grocery,East,Offline,4,49999,199996,Net Banking,C0743
T02635,2026-01-24,Microwave,Home,West,Online,3,4999,14997,Credit Card,C0393
T02636,2026-01-13,Tablet,Electronics,South,Online,2,1499,2998,Credit Card,C0512
T02637,2026-11-17,Jacket,Clothing,East,Online,8,499,3992,Credit Card,C0572
T02638,2026-08-04,Smartwatch,Electronics,South,Online,7,9999,69993,Credit Card,C0776
T02639,2026-02-21,Shoes,Clothing,West,Online,3,2499,7497,Net Banking,C0429
T02640,2026-12-27,Bread,Grocery,South,Offline,7,499,3493,UPI,C0637
T02641,2026-08-15,Sugar,Grocery,East,Offline,8,9999,79992,Net Banking,C0479
T02642,2026-02-11,Dress,Clothing,South,Offline,1,29999,29999,UPI,C0038
T02643,2026-07-31,Tablet,Electronics,West,Offline,5,9999,49995,Cash,C0129
T02644,2026-05-01,Chair,Home,North,Offline,4,999,3996,Net Banking,C0757
T02645,2026-07-13,Cricket Bat,Sports,North,Offline,2,499,998,Net Banking,C0259
T02646,2026-11-06,Microwave,Home,South,Online,6,999,5994,Net Banking,C0676
T02647,2026-12-20,Chair,Home,North,Offline,2,299,598,Cash,C0560
T02648,2026-10-09,Tablet,Electronics,South,Online,3,4999,14997,Net Banking,C0240
T02649,2026-06-07,Jacket,Clothing,South,Online,10,999,9990,Credit Card,C0601
T02650,2026-08-03,Football,Sports,East,Online,7,2499,17493,Credit Card,C0101
T02651,2026-02-21,Smartphone,Electronics,East,Offline,2,499,998,Cash,C0673
T02652,2026-05-23,Smartphone,Electronics,North,Offline,4,199,796,UPI,C0319
T02653,2026-11-09,Dumbbell,Sports,West,Online,1,799,799,UPI,C0731
T02654,2026-11-25,Dumbbell,Sports,South,Online,1,199,199,UPI,C0716
T02655,2026-04-14,Tablet,Electronics,North,Online,8,9999,79992,UPI,C0283
T02656,2026-01-17,Smartphone,Electronics,North,Online,5,4999,24995,UPI,C0769
T02657,2026-12-20,Rice,Grocery,West,Online,10,4999,49990,UPI,C0646
T02658,2026-07-18,Jacket,Clothing,East,Online,10,199,1990,Credit Card,C0652
T02659,2026-08-27,Yoga Mat,Sports,North,Online,6,199,1194,Cash,C0449
T02660,2026-06-24,Jacket,Clothing,North,Online,9,499,4491,Net Banking,C0171
T02661,2026-10-13,Dumbbell,Sports,North,Offline,9,49999,449991,Cash,C0799
T02662,2026-08-28,Football,Sports,North,Offline,4,4999,19996,UPI,C0437
T02663,2026-01-15,Tennis Racket,Sports,West,Online,2,19999,39998,Cash,C0208
T02664,2026-12-13,Tennis Racket,Sports,West,Offline,7,999,6993,UPI,C0549
T02665,2026-04-12,Bread,Grocery,West,Offline,4,199,796,UPI,C0008
T02666,2026-04-04,Sofa,Home,East,Offline,1,29999,29999,Net Banking,C0513
T02667,2026-01-17,Smartphone,Electronics,East,Online,5,29999,149995,Cash,C0219
T02668,2026-07-22,Jeans,Clothing,North,Offline,2,2499,4998,Net Banking,C0565
T02669,2026-06-30,Bread,Grocery,West,Online,7,29999,209993,Net Banking,C0454
T02670,2026-12-16,Mixer,Home,North,Online,7,19999,139993,Credit Card,C0714
T02671,2026-03-14,Headphones,Electronics,North,Offline,1,49999,49999,Credit Card,C0149
T02672,2026-07-18,Laptop,Electronics,South,Online,8,199,1592,Credit Card,C0048
T02673,2026-11-29,Yoga Mat,Sports,South,Online,3,999,2997,Cash,C0592
T02674,2026-03-12,Sofa,Home,North,Online,5,9999,49995,UPI,C0011
T02675,2026-06-04,Smartwatch,Electronics,North,Offline,10,299,2990,Cash,C0048
T02676,2026-03-17,Headphones,Electronics,West,Offline,2,2499,4998,Net Banking,C0716
T02677,2026-05-29,Milk,Grocery,East,Online,4,29999,119996,Credit Card,C0564
T02678,2026-02-16,Laptop,Electronics,North,Offline,6,199,1194,Net Banking,C0431
T02679,2026-05-13,Shoes,Clothing,West,Online,9,19999,179991,Credit Card,C0484
T02680,2026-05-07,Yoga Mat,Sports,North,Online,6,49999,299994,UPI,C0460
T02681,2026-09-10,Mixer,Home,East,Offline,3,799,2397,UPI,C0350
T02682,2026-07-05,Microwave,Home,North,Offline,7,29999,209993,Cash,C0233
T02683,2026-07-16,Smartphone,Electronics,West,Offline,5,999,4995,Credit Card,C0433
T02684,2026-08-25,Milk,Grocery,North,Offline,1,1499,1499,UPI,C0028
T02685,2026-08-24,T-Shirt,Clothing,North,Offline,9,4999,44991,Net Banking,C0270
T02686,2026-11-30,Sugar,Grocery,North,Online,4,4999,19996,UPI,C0499
T02687,2026-06-12,Microwave,Home,South,Offline,9,199,1791,Credit Card,C0075
T02688,2026-06-04,Yoga Mat,Sports,South,Offline,8,29999,239992,UPI,C0166
T02689,2026-10-16,Jacket,Clothing,West,Online,5,2499,12495,Net Banking,C0191
T02690,2026-10-12,Yoga Mat,Sports,West,Offline,1,4999,4999,Credit Card,C0140
T02691,2026-01-06,Oil,Grocery,West,Online,4,499,1996,Cash,C0347
T02692,2026-04-17,Dumbbell,Sports,South,Offline,8,2499,19992,Cash,C0224
T02693,2026-09-28,Sugar,Grocery,North,Offline,8,19999,159992,UPI,C0270
T02694,2026-09-22,Dumbbell,Sports,South,Online,10,29999,299990,UPI,C0711
T02695,2026-06-21,Microwave,Home,East,Online,5,199,995,Cash,C0486
T02696,2026-04-13,Dumbbell,Sports,West,Offline,2,1499,2998,Credit Card,C0796
T02697,2026-01-05,Microwave,Home,West,Online,6,2499,14994,Net Banking,C0513
T02698,2026-11-01,Oil,Grocery,East,Online,6,1499,8994,Net Banking,C0079
T02699,2026-10-28,Smartphone,Electronics,South,Online,9,999,8991,Net Banking,C0216
T02700,2026-07-26,Shoes,Clothing,North,Online,4,499,1996,Cash,C0659
T02701,2026-03-17,Rice,Grocery,West,Offline,2,299,598,Net Banking,C0437
T02702,2026-11-07,Smartwatch,Electronics,South,Online,2,2499,4998,Credit Card,C0162
T02703,2026-11-12,Yoga Mat,Sports,East,Offline,2,999,1998,Cash,C0034
T02704,2026-07-11,T-Shirt,Clothing,North,Online,7,19999,139993,Cash,C0192
T02705,2026-01-16,Shoes,Clothing,North,Online,10,9999,99990,Credit Card,C0189
T02706,2026-12-14,Bread,Grocery,North,Offline,8,299,2392,UPI,C0074
T02707,2026-08-19,Rice,Grocery,West,Online,4,299,1196,Net Banking,C0798
T02708,2026-01-21,Mixer,Home,South,Online,1,999,999,Cash,C0424
T02709,2026-08-23,Jacket,Clothing,South,Online,5,2499,12495,Net Banking,C0164
T02710,2026-10-16,Table,Home,North,Online,7,799,5593,UPI,C0760
T02711,2026-07-23,Chair,Home,East,Offline,1,499,499,UPI,C0716
T02712,2026-11-06,Dress,Clothing,West,Online,4,499,1996,Net Banking,C0185
T02713,2026-10-04,Smartphone,Electronics,West,Online,10,299,2990,Credit Card,C0668
T02714,2026-01-25,Sofa,Home,South,Offline,7,199,1393,Net Banking,C0464
T02715,2026-07-22,Microwave,Home,East,Offline,8,499,3992,Cash,C0603
T02716,2026-09-08,Sofa,Home,North,Offline,10,1499,14990,UPI,C0518
T02717,2026-10-07,Bread,Grocery,West,Offline,1,2499,2499,Net Banking,C0023
T02718,2026-03-28,Tablet,Electronics,North,Online,1,29999,29999,UPI,C0170
T02719,2026-04-06,Headphones,Electronics,North,Offline,5,799,3995,Credit Card,C0556
T02720,2026-10-21,Tablet,Electronics,South,Offline,4,499,1996,Cash,C0254
T02721,2026-04-16,T-Shirt,Clothing,East,Online,3,799,2397,UPI,C0158
T02722,2026-07-11,Chair,Home,South,Offline,1,299,299,Credit Card,C0337
T02723,2026-12-16,Smartphone,Electronics,East,Online,7,19999,139993,Cash,C0774
T02724,2026-05-06,Jeans,Clothing,West,Online,5,799,3995,Net Banking,C0136
T02725,2026-01-04,Football,Sports,South,Online,6,19999,119994,Cash,C0276
T02726,2026-05-19,Smartphone,Electronics,West,Offline,10,199,1990,Net Banking,C0321
T02727,2026-11-10,Tennis Racket,Sports,North,Online,3,199,597,Cash,C0509
T02728,2026-07-25,T-Shirt,Clothing,East,Offline,8,4999,39992,Credit Card,C0164
T02729,2026-02-03,Smartwatch,Electronics,East,Online,3,19999,59997,Cash,C0459
T02730,2026-06-25,Football,Sports,South,Offline,10,499,4990,Net Banking,C0078
T02731,2026-12-26,T-Shirt,Clothing,South,Offline,8,1499,11992,Cash,C0434
T02732,2026-05-21,Bread,Grocery,West,Offline,3,29999,89997,Net Banking,C0106
T02733,2026-03-14,Tablet,Electronics,West,Online,7,299,2093,UPI,C0005
T02734,2026-10-20,Cricket Bat,Sports,East,Online,9,999,8991,Credit Card,C0063
T02735,2026-04-08,T-Shirt,Clothing,South,Offline,2,1499,2998,Credit Card,C0011
T02736,2026-06-12,Headphones,Electronics,South,Online,4,49999,199996,UPI,C0307
T02737,2026-05-02,Tablet,Electronics,West,Online,8,4999,39992,Credit Card,C0478
T02738,2026-11-06,Jacket,Clothing,South,Online,5,499,2495,Cash,C0726
T02739,2026-05-11,Sofa,Home,South,Online,2,19999,39998,Credit Card,C0791
T02740,2026-10-05,Oil,Grocery,West,Offline,1,2499,2499,Cash,C0214
T02741,2026-05-01,Dress,Clothing,West,Offline,10,9999,99990,UPI,C0367
T02742,2026-11-13,Smartphone,Electronics,East,Offline,6,4999,29994,Credit Card,C0059
T02743,2026-09-24,Sofa,Home,South,Online,6,49999,299994,Credit Card,C0717
T02744,2026-08-12,Milk,Grocery,North,Offline,7,499,3493,Net Banking,C0494
T02745,2026-03-06,Cricket Bat,Sports,South,Offline,6,999,5994,Credit Card,C0083
T02746,2026-10-27,Milk,Grocery,South,Online,9,499,4491,Credit Card,C0009
T02747,2026-02-24,Cricket Bat,Sports,West,Online,6,49999,299994,Credit Card,C0458
T02748,2026-03-30,Dumbbell,Sports,East,Online,4,19999,79996,UPI,C0093
T02749,2026-03-28,Jeans,Clothing,East,Online,5,299,1495,UPI,C0014
T02750,2026-11-07,Oil,Grocery,West,Online,3,49999,149997,Cash,C0420
T02751,2026-07-24,Headphones,Electronics,East,Offline,6,199,1194,Cash,C0190
T02752,2026-02-04,Bread,Grocery,South,Online,1,199,199,UPI,C0756
T02753,2026-02-13,Cricket Bat,Sports,South,Online,4,1499,5996,Cash,C0165
T02754,2026-06-02,Rice,Grocery,South,Offline,2,19999,39998,UPI,C0712
T02755,2026-01-24,Rice,Grocery,West,Offline,9,499,4491,UPI,C0329
T02756,2026-07-24,Table,Home,West,Online,2,29999,59998,Net Banking,C0447
T02757,2026-03-08,Bread,Grocery,East,Online,4,49999,199996,UPI,C0587
T02758,2026-06-16,Shoes,Clothing,East,Offline,3,799,2397,UPI,C0456
T02759,2026-08-06,Jeans,Clothing,South,Offline,2,799,1598,UPI,C0013
T02760,2026-11-26,Yoga Mat,Sports,North,Offline,5,49999,249995,Credit Card,C0141
T02761,2026-04-13,Smartwatch,Electronics,East,Online,6,999,5994,Cash,C0471
T02762,2026-04-02,Oil,Grocery,East,Offline,7,9999,69993,Net Banking,C0771
T02763,2026-01-17,Milk,Grocery,East,Online,5,19999,99995,UPI,C0285
T02764,2026-08-08,Smartwatch,Electronics,North,Offline,6,1499,8994,UPI,C0089
T02765,2026-09-11,Tennis Racket,Sports,South,Offline,10,799,7990,Cash,C0043
T02766,2026-03-28,Sofa,Home,East,Offline,4,4999,19996,Credit Card,C0080
T02767,2026-09-12,Jeans,Clothing,West,Offline,5,1499,7495,Cash,C0514
T02768,2026-07-19,Yoga Mat,Sports,North,Online,8,19999,159992,Credit Card,C0301
T02769,2026-10-02,Microwave,Home,West,Online,7,499,3493,Credit Card,C0705
T02770,2026-08-28,Jeans,Clothing,East,Online,9,2499,22491,UPI,C0004
T02771,2026-11-01,Microwave,Home,East,Offline,9,1499,13491,Credit Card,C0179
T02772,2026-02-16,Bread,Grocery,North,Online,4,1499,5996,Cash,C0489
T02773,2026-10-01,Headphones,Electronics,East,Offline,7,199,1393,Net Banking,C0755
T02774,2026-02-18,Microwave,Home,East,Offline,8,9999,79992,Cash,C0469
T02775,2026-01-27,Oil,Grocery,West,Offline,2,9999,19998,Net Banking,C0263
T02776,2026-08-01,Milk,Grocery,West,Online,7,799,5593,Credit Card,C0675
T02777,2026-06-02,Tablet,Electronics,North,Online,6,9999,59994,Cash,C0464
T02778,2026-09-01,Dress,Clothing,East,Offline,2,199,398,UPI,C0715
T02779,2026-08-21,Dumbbell,Sports,South,Offline,1,999,999,Net Banking,C0771
T02780,2026-08-08,Headphones,Electronics,South,Offline,1,799,799,Credit Card,C0436
T02781,2026-10-31,Cricket Bat,Sports,West,Offline,4,199,796,Net Banking,C0682
T02782,2026-04-19,Smartwatch,Electronics,North,Online,8,49999,399992,Cash,C0753
T02783,2026-04-04,Oil,Grocery,East,Online,8,19999,159992,UPI,C0790
T02784,2026-09-20,Sugar,Grocery,East,Online,9,2499,22491,Credit Card,C0693
T02785,2026-11-03,Smartwatch,Electronics,West,Online,8,799,6392,Credit Card,C0697
T02786,2026-03-28,Tennis Racket,Sports,West,Online,9,4999,44991,Credit Card,C0653
T02787,2026-06-15,Headphones,Electronics,South,Online,10,499,4990,Net Banking,C0061
T02788,2026-05-15,Dumbbell,Sports,West,Offline,2,9999,19998,UPI,C0417
T02789,2026-07-20,Jeans,Clothing,West,Online,1,299,299,UPI,C0486
T02790,2026-04-09,Tennis Racket,Sports,North,Online,3,9999,29997,Net Banking,C0123
T02791,2026-10-15,Shoes,Clothing,South,Offline,6,799,4794,UPI,C0469
T02792,2026-01-04,Dumbbell,Sports,East,Online,5,19999,99995,Net Banking,C0602
T02793,2026-05-30,T-Shirt,Clothing,South,Online,4,49999,199996,Cash,C0335
T02794,2026-06-04,Football,Sports,East,Offline,2,999,1998,Net Banking,C0028
T02795,2026-07-14,Cricket Bat,Sports,East,Offline,2,19999,39998,Cash,C0003
T02796,2026-07-08,Sofa,Home,East,Online,9,499,4491,Credit Card,C0675
T02797,2026-05-06,Smartphone,Electronics,North,Offline,2,4999,9998,Net Banking,C0515
T02798,2026-01-03,Oil,Grocery,South,Online,5,29999,149995,Credit Card,C0661
T02799,2026-09-28,Football,Sports,East,Online,2,2499,4998,UPI,C0337
T02800,2026-01-01,Shoes,Clothing,West,Online,1,299,299,Cash,C0423
T02801,2026-11-19,Mixer,Home,South,Online,8,199,1592,UPI,C0531
T02802,2026-11-24,Smartwatch,Electronics,South,Online,3,2499,7497,Net Banking,C0564
T02803,2026-03-31,Chair,Home,North,Online,9,1499,13491,Net Banking,C0151
T02804,2026-09-22,Tennis Racket,Sports,South,Offline,6,19999,119994,Credit Card,C0091
T02805,2026-02-08,Sugar,Grocery,North,Offline,1,2499,2499,UPI,C0176
T02806,2026-08-30,Oil,Grocery,North,Online,3,199,597,UPI,C0246
T02807,2026-11-16,Smartwatch,Electronics,South,Offline,1,29999,29999,Cash,C0689
T02808,2026-05-16,Chair,Home,West,Online,4,1499,5996,Credit Card,C0343
T02809,2026-09-25,Rice,Grocery,North,Offline,2,499,998,Cash,C0306
T02810,2026-03-25,Microwave,Home,North,Online,7,19999,139993,Cash,C0229
T02811,2026-08-23,Microwave,Home,East,Offline,1,499,499,Net Banking,C0722
T02812,2026-01-31,Dress,Clothing,West,Online,7,29999,209993,Cash,C0773
T02813,2026-05-31,Shoes,Clothing,East,Online,6,499,2994,Credit Card,C0364
T02814,2026-04-24,Bread,Grocery,West,Offline,9,299,2691,Credit Card,C0696
T02815,2026-01-09,Shoes,Clothing,South,Online,5,9999,49995,Credit Card,C0735
T02816,2026-10-19,Oil,Grocery,East,Offline,4,9999,39996,Net Banking,C0421
T02817,2026-03-19,Jeans,Clothing,North,Offline,4,2499,9996,Net Banking,C0475
T02818,2026-11-06,Tennis Racket,Sports,North,Online,7,999,6993,Credit Card,C0596
T02819,2026-06-08,Dumbbell,Sports,North,Offline,3,499,1497,Cash,C0620
T02820,2026-09-26,Milk,Grocery,South,Online,3,2499,7497,Net Banking,C0427
T02821,2026-07-23,Smartwatch,Electronics,West,Online,10,19999,199990,Cash,C0354
T02822,2026-07-13,Tennis Racket,Sports,South,Online,10,29999,299990,Cash,C0329
T02823,2026-10-11,Oil,Grocery,West,Offline,9,9999,89991,Net Banking,C0626
T02824,2026-04-06,Table,Home,North,Online,1,999,999,Credit Card,C0538
T02825,2026-03-30,Tablet,Electronics,South,Online,5,19999,99995,Credit Card,C0205
T02826,2026-11-05,Cricket Bat,Sports,South,Online,10,299,2990,Net Banking,C0011
T02827,2026-01-16,Laptop,Electronics,North,Offline,5,999,4995,Net Banking,C0151
T02828,2026-11-12,Headphones,Electronics,East,Online,4,199,796,Cash,C0308
T02829,2026-03-02,Smartphone,Electronics,West,Offline,9,19999,179991,Cash,C0651
T02830,2026-10-06,Milk,Grocery,West,Offline,1,19999,19999,Net Banking,C0305
T02831,2026-03-23,Jacket,Clothing,South,Online,1,1499,1499,Cash,C0240
T02832,2026-06-22,T-Shirt,Clothing,West,Offline,10,4999,49990,UPI,C0638
T02833,2026-05-14,Tennis Racket,Sports,North,Offline,7,499,3493,Net Banking,C0547
T02834,2026-03-09,Laptop,Electronics,East,Online,8,29999,239992,UPI,C0460
T02835,2026-11-12,Oil,Grocery,West,Offline,2,9999,19998,Net Banking,C0157
T02836,2026-11-30,Mixer,Home,East,Offline,5,799,3995,Credit Card,C0124
T02837,2026-12-30,Jacket,Clothing,South,Offline,4,299,1196,Credit Card,C0415
T02838,2026-02-19,Laptop,Electronics,West,Online,8,4999,39992,Cash,C0076
T02839,2026-09-12,Mixer,Home,North,Online,4,2499,9996,UPI,C0151
T02840,2026-12-22,Sofa,Home,North,Online,10,19999,199990,Net Banking,C0199
T02841,2026-04-18,Rice,Grocery,South,Offline,4,999,3996,Credit Card,C0282
T02842,2026-08-18,Sofa,Home,East,Offline,10,199,1990,Net Banking,C0027
T02843,2026-08-16,Dumbbell,Sports,East,Online,3,799,2397,UPI,C0709
T02844,2026-08-29,Bread,Grocery,North,Offline,2,19999,39998,UPI,C0705
T02845,2026-10-13,Mixer,Home,South,Online,8,49999,399992,Credit Card,C0081
T02846,2026-05-18,Table,Home,North,Online,4,999,3996,Credit Card,C0522
T02847,2026-01-01,Chair,Home,North,Online,9,49999,449991,Credit Card,C0463
T02848,2026-05-14,Sofa,Home,East,Online,7,29999,209993,UPI,C0408
T02849,2026-01-25,Oil,Grocery,East,Online,1,199,199,Cash,C0013
T02850,2026-06-09,Chair,Home,East,Online,2,9999,19998,Cash,C0619
T02851,2026-12-31,Cricket Bat,Sports,North,Online,3,299,897,Net Banking,C0404
T02852,2026-03-24,Smartphone,Electronics,West,Offline,9,1499,13491,UPI,C0676
T02853,2026-08-16,Tennis Racket,Sports,West,Offline,1,499,499,Cash,C0623
T02854,2026-12-24,Mixer,Home,West,Online,7,999,6993,Cash,C0740
T02855,2026-05-02,Table,Home,North,Online,3,799,2397,Net Banking,C0308
T02856,2026-05-15,Tablet,Electronics,West,Offline,9,199,1791,UPI,C0518
T02857,2026-11-06,Dumbbell,Sports,South,Online,1,19999,19999,UPI,C0614
T02858,2026-12-25,Football,Sports,East,Online,9,49999,449991,UPI,C0095
T02859,2026-04-13,Shoes,Clothing,North,Offline,7,299,2093,Credit Card,C0567
T02860,2026-06-23,Football,Sports,West,Online,6,499,2994,Cash,C0674
T02861,2026-03-03,Tablet,Electronics,East,Offline,7,199,1393,Cash,C0151
T02862,2026-01-10,Microwave,Home,North,Offline,10,4999,49990,Net Banking,C0280
T02863,2026-07-06,Chair,Home,North,Online,8,49999,399992,Cash,C0082
T02864,2026-08-16,Headphones,Electronics,North,Offline,7,49999,349993,Cash,C0591
T02865,2026-05-20,Oil,Grocery,South,Offline,7,2499,17493,Cash,C0255
T02866,2026-06-17,Dumbbell,Sports,South,Online,1,1499,1499,Cash,C0768
T02867,2026-07-16,Tablet,Electronics,South,Offline,5,199,995,Net Banking,C0569
T02868,2026-08-18,Smartphone,Electronics,West,Online,7,9999,69993,Credit Card,C0054
T02869,2026-07-21,T-Shirt,Clothing,South,Offline,7,2499,17493,UPI,C0380
T02870,2026-01-23,Dress,Clothing,West,Offline,2,29999,59998,UPI,C0639
T02871,2026-10-07,Football,Sports,North,Online,1,799,799,Cash,C0061
T02872,2026-05-02,Smartphone,Electronics,North,Offline,6,499,2994,Credit Card,C0162
T02873,2026-12-19,Shoes,Clothing,West,Offline,6,19999,119994,Cash,C0115
T02874,2026-10-22,Shoes,Clothing,West,Online,1,199,199,Cash,C0475
T02875,2026-06-28,Bread,Grocery,East,Online,6,999,5994,UPI,C0327
T02876,2026-05-27,Tennis Racket,Sports,East,Offline,5,49999,249995,Cash,C0527
T02877,2026-02-16,Tablet,Electronics,North,Offline,1,29999,29999,Credit Card,C0645
T02878,2026-06-29,Cricket Bat,Sports,East,Offline,5,999,4995,Net Banking,C0161
T02879,2026-03-27,Yoga Mat,Sports,West,Offline,3,299,897,UPI,C0323
T02880,2026-12-25,Oil,Grocery,West,Online,1,799,799,Net Banking,C0143
T02881,2026-06-08,Dumbbell,Sports,North,Offline,1,4999,4999,Net Banking,C0656
T02882,2026-03-20,Oil,Grocery,South,Offline,1,499,499,UPI,C0375
T02883,2026-09-16,Mixer,Home,South,Online,2,1499,2998,UPI,C0452
T02884,2026-04-28,Smartwatch,Electronics,East,Offline,8,299,2392,UPI,C0356
T02885,2026-09-27,Sugar,Grocery,South,Online,1,1499,1499,Credit Card,C0310
T02886,2026-02-08,Jeans,Clothing,East,Offline,10,1499,14990,Credit Card,C0058
T02887,2026-12-30,Bread,Grocery,North,Offline,6,799,4794,Net Banking,C0598
T02888,2026-01-28,Table,Home,North,Offline,2,19999,39998,Net Banking,C0762
T02889,2026-06-03,Sugar,Grocery,East,Offline,4,2499,9996,UPI,C0568
T02890,2026-05-01,Jacket,Clothing,East,Offline,10,4999,49990,Net Banking,C0561
T02891,2026-01-04,Table,Home,South,Offline,1,499,499,Net Banking,C0749
T02892,2026-02-15,Yoga Mat,Sports,North,Online,4,199,796,Cash,C0027
T02893,2026-11-05,Table,Home,South,Online,8,799,6392,Cash,C0707
T02894,2026-12-28,Dumbbell,Sports,South,Online,4,29999,119996,Net Banking,C0297
T02895,2026-05-13,Smartphone,Electronics,East,Online,9,499,4491,Cash,C0405
T02896,2026-08-24,Sugar,Grocery,South,Offline,10,29999,299990,Cash,C0450
T02897,2026-08-31,Dress,Clothing,East,Online,3,799,2397,UPI,C0140
T02898,2026-05-03,T-Shirt,Clothing,East,Online,10,299,2990,UPI,C0434
T02899,2026-11-12,Jeans,Clothing,East,Offline,3,9999,29997,Cash,C0218
T02900,2026-06-02,Rice,Grocery,South,Online,10,19999,199990,Net Banking,C0340
T02901,2026-06-14,Headphones,Electronics,East,Online,5,49999,249995,Net Banking,C0059
T02902,2026-08-15,Table,Home,North,Online,10,49999,499990,Cash,C0128
T02903,2026-01-16,Smartwatch,Electronics,South,Online,5,799,3995,Cash,C0793
T02904,2026-08-10,Jeans,Clothing,West,Offline,8,4999,39992,Cash,C0209
T02905,2026-02-08,Sugar,Grocery,West,Offline,1,2499,2499,Net Banking,C0029
T02906,2026-08-15,Smartphone,Electronics,North,Online,9,1499,13491,Net Banking,C0036
T02907,2026-06-21,Yoga Mat,Sports,East,Online,3,19999,59997,Credit Card,C0087
T02908,2026-01-20,Bread,Grocery,West,Offline,1,499,499,UPI,C0692
T02909,2026-11-28,Oil,Grocery,South,Offline,6,9999,59994,Net Banking,C0431
T02910,2026-03-12,Sofa,Home,South,Online,1,2499,2499,UPI,C0251
T02911,2026-12-28,Milk,Grocery,East,Offline,9,29999,269991,Credit Card,C0422
T02912,2026-02-06,Sofa,Home,East,Offline,8,999,7992,Cash,C0107
T02913,2026-09-25,Dress,Clothing,West,Offline,10,29999,299990,UPI,C0264
T02914,2026-11-03,Dumbbell,Sports,East,Offline,1,19999,19999,UPI,C0289
T02915,2026-11-02,Jeans,Clothing,East,Online,7,2499,17493,Cash,C0135
T02916,2026-04-24,Yoga Mat,Sports,South,Online,7,299,2093,Cash,C0736
T02917,2026-10-08,Tennis Racket,Sports,North,Offline,2,29999,59998,Credit Card,C0576
T02918,2026-06-23,Jacket,Clothing,North,Online,1,199,199,Net Banking,C0448
T02919,2026-12-24,Jeans,Clothing,East,Offline,4,19999,79996,Credit Card,C0177
T02920,2026-11-23,Jacket,Clothing,West,Offline,7,49999,349993,UPI,C0526
T02921,2026-09-14,Cricket Bat,Sports,West,Offline,3,799,2397,UPI,C0338
T02922,2026-12-03,Yoga Mat,Sports,North,Offline,2,2499,4998,UPI,C0749
T02923,2026-04-13,Sofa,Home,East,Offline,6,2499,14994,Credit Card,C0401
T02924,2026-01-13,Sofa,Home,West,Offline,7,29999,209993,Net Banking,C0198
T02925,2026-12-14,Cricket Bat,Sports,West,Online,1,19999,19999,Cash,C0405
T02926,2026-03-03,Tablet,Electronics,South,Offline,1,19999,19999,UPI,C0394
T02927,2026-07-25,T-Shirt,Clothing,East,Offline,2,2499,4998,Credit Card,C0751
T02928,2026-08-19,Dumbbell,Sports,West,Offline,5,1499,7495,Credit Card,C0336
T02929,2026-07-03,Bread,Grocery,East,Offline,2,499,998,Net Banking,C0282
T02930,2026-01-03,Laptop,Electronics,West,Offline,7,9999,69993,Net Banking,C0544
T02931,2026-03-09,Mixer,Home,West,Offline,6,299,1794,Credit Card,C0262
T02932,2026-06-16,Smartphone,Electronics,East,Offline,3,999,2997,UPI,C0789
T02933,2026-09-20,Tennis Racket,Sports,North,Online,8,999,7992,Cash,C0207
T02934,2026-09-28,Sugar,Grocery,South,Offline,7,199,1393,Net Banking,C0043
T02935,2026-02-02,Rice,Grocery,South,Online,4,2499,9996,Credit Card,C0275
T02936,2026-03-20,Dress,Clothing,South,Online,7,199,1393,Credit Card,C0749
T02937,2026-01-25,Tennis Racket,Sports,North,Offline,9,799,7191,UPI,C0218
T02938,2026-05-18,Football,Sports,North,Offline,10,2499,24990,Net Banking,C0590
T02939,2026-09-07,Jacket,Clothing,East,Online,6,499,2994,Cash,C0372
T02940,2026-07-19,Yoga Mat,Sports,East,Offline,9,199,1791,UPI,C0476
T02941,2026-04-15,Table,Home,North,Offline,8,999,7992,Net Banking,C0656
T02942,2026-11-24,Dress,Clothing,North,Offline,5,29999,149995,UPI,C0144
T02943,2026-12-03,Rice,Grocery,East,Offline,3,49999,149997,Cash,C0667
T02944,2026-01-23,T-Shirt,Clothing,South,Offline,6,9999,59994,Credit Card,C0626
T02945,2026-01-09,Milk,Grocery,North,Online,5,499,2495,UPI,C0578
T02946,2026-08-14,Oil,Grocery,West,Offline,5,9999,49995,Credit Card,C0625
T02947,2026-07-07,Headphones,Electronics,West,Offline,2,9999,19998,Cash,C0207
T02948,2026-01-02,Tennis Racket,Sports,East,Offline,3,19999,59997,Credit Card,C0109
T02949,2026-10-20,Milk,Grocery,South,Online,4,29999,119996,Net Banking,C0032
T02950,2026-11-26,Sofa,Home,East,Online,7,49999,349993,Net Banking,C0431
T02951,2026-09-04,Sofa,Home,West,Online,4,299,1196,UPI,C0394
T02952,2026-07-26,Dress,Clothing,North,Offline,4,29999,119996,UPI,C0543
T02953,2026-02-16,Sugar,Grocery,East,Online,9,499,4491,Net Banking,C0371
T02954,2026-06-24,Yoga Mat,Sports,North,Offline,7,19999,139993,Cash,C0242
T02955,2026-03-10,Milk,Grocery,West,Online,4,29999,119996,Net Banking,C0640
T02956,2026-09-15,Football,Sports,South,Offline,3,499,1497,UPI,C0037
T02957,2026-12-29,Bread,Grocery,West,Online,5,49999,249995,Credit Card,C0478
T02958,2026-08-17,Yoga Mat,Sports,West,Offline,5,299,1495,Net Banking,C0322
T02959,2026-06-10,Dress,Clothing,North,Offline,9,299,2691,Cash,C0474
T02960,2026-09-21,Headphones,Electronics,East,Offline,10,299,2990,UPI,C0572
T02961,2026-10-25,Chair,Home,West,Online,9,19999,179991,Net Banking,C0564
T02962,2026-04-18,Yoga Mat,Sports,West,Offline,9,9999,89991,Cash,C0538
T02963,2026-01-12,T-Shirt,Clothing,North,Online,8,2499,19992,Cash,C0608
T02964,2026-07-24,Smartphone,Electronics,North,Offline,2,29999,59998,UPI,C0561
T02965,2026-10-07,Smartphone,Electronics,West,Online,10,29999,299990,Cash,C0028
T02966,2026-11-29,Rice,Grocery,North,Online,7,2499,17493,UPI,C0466
T02967,2026-10-28,Jeans,Clothing,South,Offline,8,499,3992,Cash,C0230
T02968,2026-05-21,Dumbbell,Sports,West,Online,5,19999,99995,Cash,C0731
T02969,2026-06-11,Smartwatch,Electronics,West,Offline,8,1499,11992,Cash,C0196
T02970,2026-06-23,Table,Home,West,Online,1,4999,4999,UPI,C0785
T02971,2026-03-29,T-Shirt,Clothing,East,Online,6,1499,8994,Credit Card,C0451
T02972,2026-12-13,Headphones,Electronics,North,Offline,3,29999,89997,Cash,C0529
T02973,2026-05-21,Chair,Home,East,Online,1,999,999,UPI,C0079
T02974,2026-06-09,Headphones,Electronics,North,Online,8,199,1592,Cash,C0664
T02975,2026-06-15,Smartphone,Electronics,West,Online,7,9999,69993,Credit Card,C0643
T02976,2026-07-21,Tennis Racket,Sports,North,Offline,2,49999,99998,Net Banking,C0633
T02977,2026-08-17,Football,Sports,East,Offline,3,799,2397,Credit Card,C0437
T02978,2026-09-20,Chair,Home,East,Online,7,4999,34993,Cash,C0791
T02979,2026-08-05,Bread,Grocery,West,Online,1,299,299,Cash,C0628
T02980,2026-06-13,Milk,Grocery,South,Online,8,9999,79992,Credit Card,C0597
T02981,2026-09-13,Table,Home,South,Offline,3,19999,59997,Cash,C0107
T02982,2026-09-18,Sugar,Grocery,North,Online,4,49999,199996,UPI,C0340
T02983,2026-10-14,Chair,Home,South,Online,3,799,2397,Credit Card,C0093
T02984,2026-07-12,Mixer,Home,East,Online,9,1499,13491,Net Banking,C0399
T02985,2026-01-13,Milk,Grocery,West,Offline,5,999,4995,Credit Card,C0399
T02986,2026-04-01,Headphones,Electronics,East,Online,10,1499,14990,Net Banking,C0275
T02987,2026-11-09,Smartwatch,Electronics,North,Offline,2,4999,9998,UPI,C0166
T02988,2026-03-26,Tablet,Electronics,North,Offline,2,2499,4998,UPI,C0234
T02989,2026-06-03,Table,Home,North,Offline,7,49999,349993,Cash,C0711
T02990,2026-09-07,Bread,Grocery,South,Online,1,49999,49999,Net Banking,C0296
T02991,2026-12-07,Jeans,Clothing,West,Offline,1,499,499,UPI,C0589
T02992,2026-11-27,Dumbbell,Sports,South,Offline,3,299,897,Net Banking,C0464
T02993,2026-08-24,Tablet,Electronics,West,Offline,7,2499,17493,UPI,C0002
T02994,2026-03-13,Table,Home,South,Online,4,999,3996,Cash,C0132
T02995,2026-03-10,Jacket,Clothing,North,Online,10,19999,199990,Cash,C0743
T02996,2026-08-13,Sugar,Grocery,West,Offline,4,2499,9996,UPI,C0097
T02997,2026-08-31,Sugar,Grocery,South,Offline,2,1499,2998,Credit Card,C0414
T02998,2026-03-03,Chair,Home,South,Online,1,19999,19999,Cash,C0796
T02999,2026-06-29,Smartwatch,Electronics,East,Offline,5,2499,12495,Credit Card,C0144
T03000,2026-07-12,Laptop,Electronics,South,Offline,9,2499,22491,Cash,C0389
T03001,2026-04-22,Tablet,Electronics,West,Offline,10,1499,14990,Credit Card,C0597
T03002,2026-03-22,Shoes,Clothing,East,Online,8,2499,19992,Credit Card,C0623
T03003,2026-01-24,Smartphone,Electronics,North,Online,9,1499,13491,Credit Card,C0352
T03004,2026-02-02,Jacket,Clothing,East,Offline,5,29999,149995,Net Banking,C0145
T03005,2026-04-03,Tennis Racket,Sports,North,Offline,4,19999,79996,Net Banking,C0774
T03006,2026-05-04,T-Shirt,Clothing,East,Offline,5,1499,7495,UPI,C0383
T03007,2026-12-18,Bread,Grocery,South,Offline,10,799,7990,UPI,C0118
T03008,2026-05-14,Dumbbell,Sports,West,Offline,9,9999,89991,Cash,C0066
T03009,2026-03-10,Headphones,Electronics,East,Offline,1,19999,19999,Cash,C0452
T03010,2026-09-11,Oil,Grocery,South,Online,2,9999,19998,Credit Card,C0515
T03011,2026-01-27,Laptop,Electronics,South,Online,9,4999,44991,Credit Card,C0212
T03012,2026-10-26,Headphones,Electronics,East,Online,2,299,598,Net Banking,C0493
T03013,2026-10-01,Milk,Grocery,West,Online,2,199,398,Net Banking,C0100
T03014,2026-01-24,Dumbbell,Sports,West,Offline,9,1499,13491,Cash,C0339
T03015,2026-08-21,Smartwatch,Electronics,North,Online,9,29999,269991,Net Banking,C0593
T03016,2026-12-03,Jeans,Clothing,East,Online,2,1499,2998,Cash,C0013
T03017,2026-07-26,Laptop,Electronics,North,Online,3,799,2397,Net Banking,C0344
T03018,2026-11-28,Mixer,Home,South,Offline,6,499,2994,UPI,C0099
T03019,2026-05-29,T-Shirt,Clothing,West,Online,7,2499,17493,UPI,C0323
T03020,2026-02-08,Chair,Home,South,Online,10,19999,199990,UPI,C0412
T03021,2026-08-06,Jeans,Clothing,South,Online,9,499,4491,Cash,C0285
T03022,2026-01-20,Headphones,Electronics,South,Online,4,19999,79996,Cash,C0049
T03023,2026-07-10,Milk,Grocery,North,Online,1,299,299,UPI,C0777
T03024,2026-04-17,Sofa,Home,South,Online,5,799,3995,Cash,C0234
T03025,2026-11-25,Jacket,Clothing,West,Online,3,9999,29997,Cash,C0163
T03026,2026-05-05,Yoga Mat,Sports,East,Offline,6,2499,14994,Cash,C0222
T03027,2026-06-05,Dress,Clothing,East,Offline,7,999,6993,Net Banking,C0006
T03028,2026-03-30,Sofa,Home,West,Online,9,2499,22491,Credit Card,C0179
T03029,2026-01-28,Yoga Mat,Sports,West,Offline,4,2499,9996,Cash,C0284
T03030,2026-12-05,Tennis Racket,Sports,West,Online,6,499,2994,Credit Card,C0415
T03031,2026-02-17,Microwave,Home,East,Offline,7,2499,17493,UPI,C0274
T03032,2026-09-07,Milk,Grocery,North,Offline,6,799,4794,Net Banking,C0308
T03033,2026-02-23,Table,Home,South,Offline,6,799,4794,Credit Card,C0164
T03034,2026-05-28,Bread,Grocery,East,Online,7,2499,17493,Credit Card,C0214
T03035,2026-10-15,Dumbbell,Sports,East,Online,3,29999,89997,Cash,C0297
T03036,2026-04-14,Oil,Grocery,East,Online,10,499,4990,Credit Card,C0487
T03037,2026-02-11,Shoes,Clothing,South,Offline,7,799,5593,Credit Card,C0218
T03038,2026-12-04,Table,Home,West,Online,9,1499,13491,UPI,C0423
T03039,2026-02-21,Sugar,Grocery,West,Online,3,999,2997,UPI,C0426
T03040,2026-02-19,Microwave,Home,North,Offline,9,299,2691,Cash,C0712
T03041,2026-08-25,Laptop,Electronics,West,Online,4,199,796,Net Banking,C0134
T03042,2026-07-14,Smartwatch,Electronics,North,Offline,3,199,597,Net Banking,C0494
T03043,2026-10-11,Tablet,Electronics,East,Online,3,2499,7497,UPI,C0135
T03044,2026-03-04,Table,Home,East,Offline,4,19999,79996,Net Banking,C0189
T03045,2026-06-15,Microwave,Home,South,Offline,10,29999,299990,Credit Card,C0353
T03046,2026-07-27,Jeans,Clothing,West,Online,10,299,2990,Credit Card,C0012
T03047,2026-04-21,Sugar,Grocery,North,Online,5,9999,49995,Cash,C0658
T03048,2026-07-31,Bread,Grocery,North,Offline,10,4999,49990,Net Banking,C0689
T03049,2026-01-14,Sugar,Grocery,East,Online,4,799,3196,UPI,C0034
T03050,2026-02-23,Rice,Grocery,North,Online,3,1499,4497,Net Banking,C0795
T03051,2026-05-07,Tennis Racket,Sports,North,Online,5,49999,249995,Cash,C0232
T03052,2026-04-29,Chair,Home,West,Offline,4,4999,19996,Cash,C0703
T03053,2026-05-21,Football,Sports,East,Online,5,199,995,UPI,C0073
T03054,2026-08-11,Sugar,Grocery,North,Offline,4,199,796,UPI,C0107
T03055,2026-07-25,Headphones,Electronics,North,Online,10,29999,299990,UPI,C0320
T03056,2026-12-02,T-Shirt,Clothing,West,Offline,3,9999,29997,UPI,C0414
T03057,2026-10-06,Laptop,Electronics,North,Online,10,19999,199990,Credit Card,C0148
T03058,2026-03-04,Jacket,Clothing,East,Offline,9,49999,449991,Credit Card,C0160
T03059,2026-01-31,Jacket,Clothing,West,Online,4,299,1196,Net Banking,C0580
T03060,2026-12-10,Smartwatch,Electronics,South,Offline,10,299,2990,UPI,C0082
T03061,2026-06-15,Rice,Grocery,North,Online,2,4999,9998,Cash,C0723
T03062,2026-02-20,Yoga Mat,Sports,East,Offline,1,499,499,UPI,C0166
T03063,2026-09-24,Football,Sports,North,Online,5,299,1495,Net Banking,C0648
T03064,2026-06-03,Microwave,Home,North,Online,8,49999,399992,Net Banking,C0488
T03065,2026-09-19,Table,Home,West,Online,7,999,6993,UPI,C0245
T03066,2026-10-11,Laptop,Electronics,North,Offline,8,999,7992,UPI,C0592
T03067,2026-05-27,Jeans,Clothing,East,Offline,3,299,897,UPI,C0078
T03068,2026-12-30,T-Shirt,Clothing,East,Online,6,799,4794,Net Banking,C0612
T03069,2026-12-06,Milk,Grocery,West,Offline,7,299,2093,Credit Card,C0346
T03070,2026-03-27,Microwave,Home,East,Online,8,49999,399992,UPI,C0143
T03071,2026-11-21,Chair,Home,North,Offline,8,49999,399992,Credit Card,C0534
T03072,2026-09-27,Table,Home,East,Online,7,19999,139993,UPI,C0032
T03073,2026-07-09,Tablet,Electronics,West,Offline,6,2499,14994,Net Banking,C0214
T03074,2026-07-07,Sofa,Home,South,Offline,5,499,2495,UPI,C0467
T03075,2026-03-21,Oil,Grocery,East,Offline,3,29999,89997,Credit Card,C0027
T03076,2026-05-13,Rice,Grocery,North,Online,8,199,1592,Credit Card,C0670
T03077,2026-05-21,Smartphone,Electronics,West,Online,1,2499,2499,Credit Card,C0042
T03078,2026-12-25,Dumbbell,Sports,North,Offline,2,199,398,Net Banking,C0555
T03079,2026-11-03,Headphones,Electronics,South,Online,2,4999,9998,UPI,C0484
T03080,2026-07-28,Jeans,Clothing,North,Online,9,49999,449991,Credit Card,C0676
T03081,2026-03-24,Jeans,Clothing,South,Online,3,9999,29997,Cash,C0570
T03082,2026-03-21,Mixer,Home,West,Offline,9,999,8991,Cash,C0539
T03083,2026-04-09,Sofa,Home,East,Online,10,19999,199990,UPI,C0280
T03084,2026-02-17,Tablet,Electronics,North,Online,5,4999,24995,Credit Card,C0105
T03085,2026-12-27,Smartphone,Electronics,North,Offline,6,29999,179994,Cash,C0327
T03086,2026-08-15,Jeans,Clothing,South,Online,9,19999,179991,Net Banking,C0297
T03087,2026-03-02,Table,Home,West,Online,9,199,1791,UPI,C0131
T03088,2026-10-04,Laptop,Electronics,North,Offline,1,999,999,Credit Card,C0249
T03089,2026-06-04,Tablet,Electronics,North,Offline,6,499,2994,Credit Card,C0481
T03090,2026-10-12,Oil,Grocery,South,Online,5,49999,249995,Cash,C0088
T03091,2026-11-25,Tennis Racket,Sports,North,Offline,10,799,7990,Cash,C0775
T03092,2026-06-26,Sugar,Grocery,South,Offline,1,29999,29999,UPI,C0684
T03093,2026-03-16,Smartphone,Electronics,West,Offline,10,49999,499990,Cash,C0738
T03094,2026-07-26,Tennis Racket,Sports,East,Offline,1,1499,1499,Credit Card,C0505
T03095,2026-07-10,Tennis Racket,Sports,North,Offline,5,49999,249995,Cash,C0590
T03096,2026-01-01,Sugar,Grocery,North,Offline,7,19999,139993,Credit Card,C0157
T03097,2026-09-24,Tennis Racket,Sports,West,Online,7,199,1393,UPI,C0398
T03098,2026-06-19,Oil,Grocery,West,Offline,4,799,3196,Credit Card,C0455
T03099,2026-01-23,Smartwatch,Electronics,West,Offline,6,499,2994,UPI,C0229
T03100,2026-08-03,Football,Sports,North,Online,5,19999,99995,Credit Card,C0226
T03101,2026-11-22,Tablet,Electronics,West,Offline,5,799,3995,Cash,C0656
T03102,2026-11-10,Bread,Grocery,West,Offline,5,999,4995,Cash,C0331
T03103,2026-01-05,Yoga Mat,Sports,South,Offline,3,799,2397,Cash,C0218
T03104,2026-06-04,Football,Sports,North,Offline,1,999,999,Cash,C0316
T03105,2026-02-26,Chair,Home,North,Offline,4,2499,9996,Credit Card,C0323
T03106,2026-08-23,Sofa,Home,South,Offline,1,2499,2499,Net Banking,C0016
T03107,2026-03-25,Microwave,Home,North,Online,6,4999,29994,Cash,C0227
T03108,2026-12-03,Dress,Clothing,East,Offline,6,29999,179994,Cash,C0228
T03109,2026-02-12,Sofa,Home,West,Online,3,9999,29997,UPI,C0287
T03110,2026-01-11,Dress,Clothing,South,Online,7,2499,17493,Net Banking,C0162
T03111,2026-02-20,Bread,Grocery,South,Online,3,19999,59997,UPI,C0310
T03112,2026-02-14,Oil,Grocery,North,Offline,9,499,4491,Cash,C0605
T03113,2026-04-01,Oil,Grocery,West,Online,10,799,7990,Net Banking,C0227
T03114,2026-03-06,Mixer,Home,South,Online,4,299,1196,UPI,C0310
T03115,2026-09-30,Mixer,Home,North,Offline,3,499,1497,UPI,C0688
T03116,2026-10-27,Laptop,Electronics,South,Online,10,799,7990,Credit Card,C0634
T03117,2026-04-26,Sugar,Grocery,North,Online,8,299,2392,UPI,C0662
T03118,2026-01-12,Dress,Clothing,North,Offline,6,2499,14994,Cash,C0189
T03119,2026-06-24,Bread,Grocery,East,Offline,8,299,2392,Credit Card,C0003
T03120,2026-08-19,Tennis Racket,Sports,North,Offline,3,799,2397,Credit Card,C0745
T03121,2026-04-22,Jeans,Clothing,West,Offline,2,2499,4998,UPI,C0292
T03122,2026-06-19,Bread,Grocery,East,Online,8,49999,399992,Net Banking,C0014
T03123,2026-03-02,Yoga Mat,Sports,North,Online,6,799,4794,Net Banking,C0511
T03124,2026-08-08,Oil,Grocery,East,Online,6,199,1194,Net Banking,C0664
T03125,2026-08-03,Smartphone,Electronics,South,Online,1,19999,19999,Credit Card,C0489
T03126,2026-10-08,Smartwatch,Electronics,North,Online,2,49999,99998,Cash,C0252
T03127,2026-02-05,Smartwatch,Electronics,West,Online,8,29999,239992,Net Banking,C0645
T03128,2026-09-02,Milk,Grocery,South,Online,6,799,4794,Cash,C0701
T03129,2026-09-06,Tablet,Electronics,South,Online,6,19999,119994,Cash,C0388
T03130,2026-11-22,Yoga Mat,Sports,West,Online,9,1499,13491,Net Banking,C0086
T03131,2026-02-12,Microwave,Home,South,Online,10,999,9990,UPI,C0030
T03132,2026-05-06,Bread,Grocery,South,Online,4,19999,79996,UPI,C0213
T03133,2026-03-15,Table,Home,West,Offline,6,19999,119994,Cash,C0130
T03134,2026-09-03,Yoga Mat,Sports,South,Offline,2,4999,9998,Net Banking,C0351
T03135,2026-10-19,Headphones,Electronics,South,Online,4,9999,39996,UPI,C0101
T03136,2026-05-21,Smartwatch,Electronics,West,Offline,6,499,2994,Credit Card,C0189
T03137,2026-08-09,Milk,Grocery,South,Offline,6,299,1794,Cash,C0287
T03138,2026-06-11,Microwave,Home,East,Offline,4,4999,19996,Credit Card,C0770
T03139,2026-07-17,Dumbbell,Sports,West,Offline,7,999,6993,Net Banking,C0164
T03140,2026-03-26,Sofa,Home,East,Online,5,49999,249995,UPI,C0315
T03141,2026-07-28,Jacket,Clothing,South,Offline,1,2499,2499,Credit Card,C0393
T03142,2026-10-01,Mixer,Home,North,Offline,3,29999,89997,Cash,C0769
T03143,2026-08-18,Oil,Grocery,South,Offline,3,19999,59997,UPI,C0629
T03144,2026-08-14,Cricket Bat,Sports,East,Online,5,29999,149995,UPI,C0135
T03145,2026-10-22,Headphones,Electronics,East,Online,7,29999,209993,Cash,C0151
T03146,2026-04-11,Table,Home,North,Offline,8,9999,79992,Credit Card,C0505
T03147,2026-10-18,Milk,Grocery,East,Online,6,299,1794,Net Banking,C0025
T03148,2026-04-15,Dress,Clothing,North,Offline,9,499,4491,Net Banking,C0569
T03149,2026-12-15,Jeans,Clothing,South,Online,4,4999,19996,Credit Card,C0325
T03150,2026-02-02,Oil,Grocery,West,Online,7,49999,349993,Net Banking,C0202
T03151,2026-07-28,Jeans,Clothing,South,Online,9,2499,22491,UPI,C0069
T03152,2026-03-12,T-Shirt,Clothing,East,Offline,1,49999,49999,Cash,C0398
T03153,2026-05-10,Cricket Bat,Sports,West,Offline,4,799,3196,Net Banking,C0024
T03154,2026-09-18,Dress,Clothing,West,Online,10,2499,24990,Cash,C0391
T03155,2026-01-05,Chair,Home,West,Online,10,999,9990,UPI,C0576
T03156,2026-07-09,Bread,Grocery,North,Online,10,49999,499990,Cash,C0150
T03157,2026-05-14,Yoga Mat,Sports,South,Offline,2,19999,39998,UPI,C0669
T03158,2026-01-01,Laptop,Electronics,West,Online,6,999,5994,Net Banking,C0354
T03159,2026-09-29,Tablet,Electronics,North,Offline,1,799,799,Credit Card,C0654
T03160,2026-02-04,Headphones,Electronics,South,Online,1,999,999,Credit Card,C0416
T03161,2026-07-17,Yoga Mat,Sports,South,Offline,2,29999,59998,Cash,C0535
T03162,2026-11-21,Headphones,Electronics,South,Offline,9,29999,269991,Credit Card,C0470
T03163,2026-06-13,Sofa,Home,North,Online,1,799,799,UPI,C0413
T03164,2026-09-22,Table,Home,North,Offline,5,4999,24995,Net Banking,C0563
T03165,2026-05-15,Laptop,Electronics,South,Offline,10,199,1990,UPI,C0415
T03166,2026-11-07,Tennis Racket,Sports,North,Offline,4,4999,19996,UPI,C0110
T03167,2026-07-07,Dumbbell,Sports,West,Online,7,9999,69993,UPI,C0583
T03168,2026-10-20,Oil,Grocery,South,Online,8,1499,11992,Cash,C0424
T03169,2026-02-03,Rice,Grocery,East,Online,6,199,1194,Credit Card,C0195
T03170,2026-05-11,Sofa,Home,East,Offline,2,19999,39998,Credit Card,C0451
T03171,2026-12-28,Dress,Clothing,East,Online,6,799,4794,Cash,C0593
T03172,2026-12-02,Tennis Racket,Sports,South,Offline,3,999,2997,Net Banking,C0676
T03173,2026-03-14,Smartwatch,Electronics,North,Online,8,1499,11992,Credit Card,C0553
T03174,2026-05-18,Oil,Grocery,South,Online,9,4999,44991,Cash,C0007
T03175,2026-03-19,Yoga Mat,Sports,West,Online,4,499,1996,Net Banking,C0773
T03176,2026-07-16,Sugar,Grocery,South,Offline,9,29999,269991,Credit Card,C0072
T03177,2026-11-23,Mixer,Home,South,Offline,3,1499,4497,Credit Card,C0437
T03178,2026-02-24,T-Shirt,Clothing,South,Online,9,4999,44991,Net Banking,C0129
T03179,2026-01-05,Milk,Grocery,South,Offline,9,49999,449991,Net Banking,C0481
T03180,2026-08-22,Laptop,Electronics,South,Offline,9,999,8991,Cash,C0710
T03181,2026-09-04,Dumbbell,Sports,North,Online,4,199,796,Net Banking,C0085
T03182,2026-03-16,Laptop,Electronics,East,Online,3,49999,149997,Cash,C0303
T03183,2026-12-12,Table,Home,North,Offline,4,29999,119996,Net Banking,C0709
T03184,2026-12-06,Oil,Grocery,West,Online,2,19999,39998,Net Banking,C0111
T03185,2026-07-12,Sofa,Home,West,Offline,7,1499,10493,Net Banking,C0417
T03186,2026-06-01,Tablet,Electronics,West,Online,10,49999,499990,Cash,C0295
T03187,2026-05-17,Laptop,Electronics,East,Online,10,49999,499990,Cash,C0289
T03188,2026-03-12,Bread,Grocery,South,Online,4,4999,19996,Cash,C0091
T03189,2026-10-24,Headphones,Electronics,North,Offline,4,19999,79996,UPI,C0371
T03190,2026-12-21,Table,Home,North,Online,4,2499,9996,Credit Card,C0505
T03191,2026-11-24,Football,Sports,North,Online,2,1499,2998,UPI,C0071
T03192,2026-07-23,Shoes,Clothing,North,Online,1,199,199,Net Banking,C0358
T03193,2026-10-14,Cricket Bat,Sports,East,Offline,5,4999,24995,Cash,C0226
T03194,2026-06-13,Sofa,Home,South,Offline,9,49999,449991,Net Banking,C0092
T03195,2026-11-04,T-Shirt,Clothing,West,Offline,5,19999,99995,UPI,C0259
T03196,2026-07-16,Dress,Clothing,West,Offline,7,29999,209993,Cash,C0160
T03197,2026-01-12,T-Shirt,Clothing,South,Offline,8,49999,399992,Net Banking,C0374
T03198,2026-03-16,Cricket Bat,Sports,East,Offline,5,2499,12495,Cash,C0738
T03199,2026-09-13,Jacket,Clothing,North,Online,1,199,199,UPI,C0560
T03200,2026-07-20,Laptop,Electronics,West,Online,5,29999,149995,Credit Card,C0089
T03201,2026-10-29,Tablet,Electronics,South,Online,6,999,5994,Net Banking,C0118
T03202,2026-07-25,T-Shirt,Clothing,East,Offline,4,799,3196,Cash,C0391
T03203,2026-11-03,T-Shirt,Clothing,North,Online,2,199,398,UPI,C0539
T03204,2026-11-01,Cricket Bat,Sports,West,Online,2,9999,19998,UPI,C0318
T03205,2026-09-30,Smartphone,Electronics,South,Offline,9,29999,269991,Credit Card,C0067
T03206,2026-06-21,Tennis Racket,Sports,North,Online,3,19999,59997,UPI,C0269
T03207,2026-12-28,Shoes,Clothing,North,Online,7,2499,17493,Net Banking,C0404
T03208,2026-03-29,Football,Sports,South,Online,9,299,2691,Net Banking,C0533
T03209,2026-02-04,Sofa,Home,East,Offline,5,4999,24995,UPI,C0356
T03210,2026-04-23,Laptop,Electronics,South,Online,1,1499,1499,UPI,C0628
T03211,2026-08-10,Milk,Grocery,East,Online,10,4999,49990,UPI,C0572
T03212,2026-10-27,Headphones,Electronics,West,Online,3,29999,89997,Net Banking,C0418
T03213,2026-07-02,Laptop,Electronics,West,Offline,7,4999,34993,UPI,C0522
T03214,2026-09-11,Oil,Grocery,South,Offline,3,29999,89997,Cash,C0443
T03215,2026-10-06,Yoga Mat,Sports,West,Online,1,299,299,Net Banking,C0412
T03216,2026-03-30,Cricket Bat,Sports,West,Offline,3,2499,7497,Net Banking,C0528
T03217,2026-12-20,Football,Sports,South,Offline,10,49999,499990,Net Banking,C0088
T03218,2026-07-22,Microwave,Home,North,Offline,3,9999,29997,Credit Card,C0595
T03219,2026-10-26,Jacket,Clothing,North,Online,10,9999,99990,Credit Card,C0350
T03220,2026-11-15,Oil,Grocery,West,Offline,8,499,3992,Net Banking,C0390
T03221,2026-06-01,Tablet,Electronics,East,Online,4,9999,39996,Credit Card,C0031
T03222,2026-02-07,Mixer,Home,West,Offline,8,299,2392,Net Banking,C0565
T03223,2026-10-26,Dress,Clothing,East,Offline,2,499,998,Credit Card,C0096
T03224,2026-10-01,Dumbbell,Sports,North,Offline,2,29999,59998,Net Banking,C0041
T03225,2026-01-29,Mixer,Home,South,Offline,1,49999,49999,Credit Card,C0609
T03226,2026-12-27,Dress,Clothing,West,Offline,8,9999,79992,Net Banking,C0051
T03227,2026-11-17,T-Shirt,Clothing,South,Online,3,19999,59997,UPI,C0105
T03228,2026-03-18,Mixer,Home,West,Online,2,29999,59998,Net Banking,C0282
T03229,2026-03-29,Football,Sports,East,Online,7,29999,209993,Cash,C0166
T03230,2026-04-27,Shoes,Clothing,North,Online,10,799,7990,Net Banking,C0173
T03231,2026-01-22,Smartwatch,Electronics,South,Offline,4,199,796,Cash,C0395
T03232,2026-11-30,Milk,Grocery,West,Offline,5,49999,249995,Cash,C0481
T03233,2026-11-22,Mixer,Home,North,Offline,6,4999,29994,Credit Card,C0401
T03234,2026-12-06,Yoga Mat,Sports,West,Offline,7,29999,209993,UPI,C0738
T03235,2026-07-14,Dumbbell,Sports,East,Offline,4,1499,5996,Credit Card,C0225
T03236,2026-05-11,Mixer,Home,West,Offline,5,2499,12495,Credit Card,C0527
T03237,2026-04-12,Sofa,Home,South,Offline,4,999,3996,Net Banking,C0646
T03238,2026-03-23,Oil,Grocery,West,Offline,4,2499,9996,Credit Card,C0247
T03239,2026-03-20,Smartwatch,Electronics,West,Online,8,1499,11992,Credit Card,C0250
T03240,2026-03-23,Sugar,Grocery,East,Offline,9,799,7191,Cash,C0747
T03241,2026-08-09,Yoga Mat,Sports,East,Online,9,199,1791,Credit Card,C0327
T03242,2026-01-31,Mixer,Home,East,Offline,10,499,4990,Net Banking,C0170
T03243,2026-01-05,Smartwatch,Electronics,South,Online,4,999,3996,UPI,C0714
T03244,2026-08-28,Milk,Grocery,East,Offline,8,499,3992,Credit Card,C0683
T03245,2026-11-18,Smartphone,Electronics,North,Offline,9,199,1791,Cash,C0344
T03246,2026-10-14,Mixer,Home,South,Online,6,199,1194,Credit Card,C0352
T03247,2026-01-12,Dress,Clothing,South,Offline,2,999,1998,Cash,C0067
T03248,2026-03-13,Sugar,Grocery,South,Online,5,29999,149995,Net Banking,C0636
T03249,2026-06-19,T-Shirt,Clothing,South,Online,2,299,598,Credit Card,C0590
T03250,2026-01-15,Microwave,Home,South,Offline,7,1499,10493,Credit Card,C0153
T03251,2026-10-10,Oil,Grocery,East,Online,3,29999,89997,UPI,C0537
T03252,2026-07-06,Milk,Grocery,East,Offline,9,799,7191,Credit Card,C0351
T03253,2026-02-11,Table,Home,North,Online,1,19999,19999,Credit Card,C0097
T03254,2026-02-10,Bread,Grocery,East,Online,6,1499,8994,Net Banking,C0716
T03255,2026-01-17,Milk,Grocery,North,Offline,8,499,3992,Net Banking,C0205
T03256,2026-05-07,Bread,Grocery,South,Online,7,299,2093,Credit Card,C0488
T03257,2026-07-11,Milk,Grocery,North,Online,7,999,6993,Net Banking,C0030
T03258,2026-09-21,Sofa,Home,West,Offline,2,9999,19998,Cash,C0015
T03259,2026-10-29,Football,Sports,South,Online,7,19999,139993,Net Banking,C0247
T03260,2026-01-11,Dress,Clothing,North,Offline,10,1499,14990,Net Banking,C0061
T03261,2026-06-09,Mixer,Home,South,Online,6,49999,299994,Net Banking,C0452
T03262,2026-04-27,Smartphone,Electronics,South,Online,4,999,3996,Credit Card,C0515
T03263,2026-06-26,Headphones,Electronics,South,Offline,3,199,597,Cash,C0411
T03264,2026-06-02,Mixer,Home,South,Online,3,9999,29997,UPI,C0253
T03265,2026-05-11,Shoes,Clothing,West,Offline,6,1499,8994,Net Banking,C0190
T03266,2026-11-07,Football,Sports,East,Offline,2,49999,99998,UPI,C0767
T03267,2026-05-27,Microwave,Home,South,Offline,2,9999,19998,Cash,C0447
T03268,2026-11-11,Microwave,Home,South,Offline,2,199,398,Net Banking,C0122
T03269,2026-12-14,Headphones,Electronics,South,Online,1,2499,2499,Net Banking,C0620
T03270,2026-03-06,Bread,Grocery,South,Online,2,4999,9998,UPI,C0438
T03271,2026-03-14,Football,Sports,West,Online,1,49999,49999,Cash,C0161
T03272,2026-02-20,Tennis Racket,Sports,North,Offline,4,2499,9996,Net Banking,C0224
T03273,2026-12-14,Oil,Grocery,North,Offline,8,299,2392,Cash,C0579
T03274,2026-09-21,Oil,Grocery,East,Offline,1,4999,4999,UPI,C0383
T03275,2026-04-11,Headphones,Electronics,North,Online,5,1499,7495,Cash,C0007
T03276,2026-03-09,Sugar,Grocery,West,Online,4,9999,39996,Cash,C0763
T03277,2026-06-08,Mixer,Home,East,Offline,3,19999,59997,Net Banking,C0780
T03278,2026-07-23,Smartphone,Electronics,North,Online,1,999,999,Credit Card,C0418
T03279,2026-12-17,Bread,Grocery,North,Online,5,29999,149995,Cash,C0435
T03280,2026-10-05,Football,Sports,South,Online,1,299,299,Net Banking,C0177
T03281,2026-02-06,Headphones,Electronics,South,Offline,2,799,1598,Net Banking,C0062
T03282,2026-02-21,Yoga Mat,Sports,North,Online,3,499,1497,Cash,C0549
T03283,2026-12-03,Cricket Bat,Sports,South,Online,6,799,4794,Cash,C0702
T03284,2026-02-09,Sugar,Grocery,West,Online,2,49999,99998,Net Banking,C0010
T03285,2026-05-02,Tennis Racket,Sports,West,Online,2,29999,59998,Net Banking,C0615
T03286,2026-01-07,Sugar,Grocery,East,Offline,10,49999,499990,Net Banking,C0494
T03287,2026-04-05,Laptop,Electronics,South,Online,1,1499,1499,Credit Card,C0716
T03288,2026-02-21,Smartwatch,Electronics,North,Offline,1,4999,4999,Cash,C0276
T03289,2026-10-15,Mixer,Home,East,Online,9,19999,179991,Cash,C0222
T03290,2026-08-23,Tablet,Electronics,North,Online,6,299,1794,Credit Card,C0659
T03291,2026-06-05,Chair,Home,West,Online,6,2499,14994,Net Banking,C0353
T03292,2026-06-23,Rice,Grocery,West,Offline,10,499,4990,Net Banking,C0081
T03293,2026-05-01,Oil,Grocery,West,Online,2,49999,99998,Net Banking,C0247
T03294,2026-10-27,Table,Home,West,Offline,2,499,998,Net Banking,C0557
T03295,2026-04-23,Headphones,Electronics,South,Offline,6,4999,29994,UPI,C0201
T03296,2026-10-06,Dumbbell,Sports,South,Online,5,199,995,Cash,C0704
T03297,2026-12-02,Table,Home,East,Offline,2,999,1998,Net Banking,C0181
T03298,2026-09-11,Milk,Grocery,East,Online,4,199,796,UPI,C0469
T03299,2026-08-02,Headphones,Electronics,North,Offline,3,29999,89997,Cash,C0303
T03300,2026-09-19,T-Shirt,Clothing,West,Online,10,2499,24990,Net Banking,C0269
T03301,2026-09-03,Headphones,Electronics,West,Offline,7,1499,10493,Net Banking,C0023
T03302,2026-04-21,Sugar,Grocery,North,Online,9,799,7191,Credit Card,C0555
T03303,2026-04-23,Sugar,Grocery,South,Online,4,2499,9996,Credit Card,C0591
T03304,2026-04-03,Dress,Clothing,South,Offline,2,29999,59998,UPI,C0393
T03305,2026-06-18,Cricket Bat,Sports,North,Offline,5,299,1495,UPI,C0387
T03306,2026-12-18,Dress,Clothing,West,Online,2,299,598,Cash,C0526
T03307,2026-03-22,Table,Home,South,Online,2,9999,19998,UPI,C0550
T03308,2026-02-28,Sugar,Grocery,North,Offline,7,29999,209993,Credit Card,C0694
T03309,2026-08-18,Tennis Racket,Sports,East,Offline,9,29999,269991,Credit Card,C0596
T03310,2026-11-11,Sugar,Grocery,East,Online,10,199,1990,Cash,C0110
T03311,2026-09-09,Laptop,Electronics,West,Offline,5,9999,49995,Net Banking,C0365
T03312,2026-09-22,Tablet,Electronics,North,Online,10,9999,99990,Net Banking,C0079
T03313,2026-09-10,Jacket,Clothing,North,Offline,7,799,5593,Cash,C0097
T03314,2026-03-28,Dumbbell,Sports,West,Online,6,1499,8994,Net Banking,C0106
T03315,2026-08-03,Yoga Mat,Sports,South,Offline,10,2499,24990,UPI,C0091
T03316,2026-10-21,Dress,Clothing,North,Offline,10,29999,299990,Cash,C0715
T03317,2026-01-25,Smartphone,Electronics,North,Offline,1,4999,4999,Net Banking,C0357
T03318,2026-04-07,T-Shirt,Clothing,South,Offline,7,799,5593,UPI,C0248
T03319,2026-02-09,Sugar,Grocery,East,Online,9,1499,13491,UPI,C0318
T03320,2026-12-19,Football,Sports,South,Offline,4,4999,19996,Credit Card,C0381
T03321,2026-09-22,Sofa,Home,West,Online,4,1499,5996,UPI,C0157
T03322,2026-09-04,Microwave,Home,South,Online,10,29999,299990,Credit Card,C0796
T03323,2026-06-25,Smartwatch,Electronics,South,Offline,5,299,1495,UPI,C0645
T03324,2026-05-11,Oil,Grocery,South,Online,3,299,897,Net Banking,C0039
T03325,2026-03-04,Dumbbell,Sports,East,Offline,4,19999,79996,Credit Card,C0101
T03326,2026-04-17,Yoga Mat,Sports,North,Offline,6,799,4794,Net Banking,C0223
T03327,2026-01-27,Cricket Bat,Sports,West,Offline,1,4999,4999,UPI,C0667
T03328,2026-10-28,Bread,Grocery,West,Online,6,19999,119994,Credit Card,C0747
T03329,2026-01-17,Tennis Racket,Sports,North,Offline,10,499,4990,Net Banking,C0652
T03330,2026-04-07,Mixer,Home,North,Online,7,2499,17493,Cash,C0221
T03331,2026-11-15,Milk,Grocery,North,Offline,7,4999,34993,Cash,C0124
T03332,2026-09-03,Jacket,Clothing,South,Offline,1,49999,49999,Cash,C0667
T03333,2026-03-29,Jacket,Clothing,South,Online,2,49999,99998,Net Banking,C0690
T03334,2026-05-06,Jeans,Clothing,East,Online,7,1499,10493,UPI,C0558
T03335,2026-02-21,Chair,Home,East,Offline,5,499,2495,Cash,C0686
T03336,2026-12-09,Smartphone,Electronics,East,Online,5,799,3995,Credit Card,C0450
T03337,2026-07-30,Mixer,Home,West,Online,2,29999,59998,Credit Card,C0427
T03338,2026-05-21,Tablet,Electronics,North,Offline,10,999,9990,Net Banking,C0360
T03339,2026-04-09,Tennis Racket,Sports,North,Online,10,49999,499990,Net Banking,C0040
T03340,2026-06-13,Microwave,Home,North,Online,5,1499,7495,Cash,C0395
T03341,2026-02-08,Laptop,Electronics,West,Offline,4,1499,5996,Credit Card,C0186
T03342,2026-10-23,Cricket Bat,Sports,South,Online,1,29999,29999,Net Banking,C0392
T03343,2026-12-31,Oil,Grocery,West,Online,10,29999,299990,Cash,C0584
T03344,2026-06-27,Jeans,Clothing,North,Offline,9,2499,22491,UPI,C0067
T03345,2026-11-17,Cricket Bat,Sports,North,Online,10,29999,299990,Credit Card,C0130
T03346,2026-05-24,Jacket,Clothing,West,Online,1,2499,2499,Cash,C0277
T03347,2026-07-29,Jeans,Clothing,South,Online,5,29999,149995,Credit Card,C0214
T03348,2026-08-30,Mixer,Home,West,Offline,9,2499,22491,UPI,C0520
T03349,2026-08-11,Chair,Home,South,Online,3,999,2997,Net Banking,C0636
T03350,2026-03-10,Yoga Mat,Sports,West,Offline,6,199,1194,Cash,C0349
T03351,2026-01-12,Yoga Mat,Sports,East,Offline,3,9999,29997,Net Banking,C0647
T03352,2026-01-05,Dress,Clothing,West,Offline,7,19999,139993,Credit Card,C0215
T03353,2026-06-15,Football,Sports,East,Online,8,2499,19992,Credit Card,C0469
T03354,2026-03-05,Tennis Racket,Sports,North,Offline,4,199,796,Credit Card,C0140
T03355,2026-10-09,Dumbbell,Sports,East,Offline,4,999,3996,Net Banking,C0529
T03356,2026-08-11,Oil,Grocery,East,Offline,10,9999,99990,UPI,C0419
T03357,2026-12-25,Smartwatch,Electronics,North,Online,1,2499,2499,Credit Card,C0637
T03358,2026-08-14,Laptop,Electronics,East,Offline,1,799,799,UPI,C0345
T03359,2026-07-20,Bread,Grocery,East,Online,7,2499,17493,Credit Card,C0079
T03360,2026-10-05,Dumbbell,Sports,North,Offline,1,29999,29999,Net Banking,C0679
T03361,2026-05-30,Sofa,Home,East,Online,3,799,2397,Credit Card,C0626
T03362,2026-11-24,Sugar,Grocery,North,Offline,9,1499,13491,Credit Card,C0778
T03363,2026-01-09,Table,Home,South,Offline,7,49999,349993,Credit Card,C0319
T03364,2026-01-24,Jacket,Clothing,West,Online,3,9999,29997,Net Banking,C0720
T03365,2026-10-02,Cricket Bat,Sports,North,Offline,6,4999,29994,UPI,C0134
T03366,2026-06-19,Smartphone,Electronics,West,Offline,9,1499,13491,Cash,C0774
T03367,2026-07-12,Sofa,Home,West,Online,2,29999,59998,Credit Card,C0587
T03368,2026-05-06,Sugar,Grocery,West,Online,1,29999,29999,Credit Card,C0525
T03369,2026-06-29,T-Shirt,Clothing,North,Online,2,199,398,Net Banking,C0563
T03370,2026-10-23,Sugar,Grocery,South,Online,6,299,1794,Credit Card,C0659
T03371,2026-09-15,Microwave,Home,East,Offline,8,4999,39992,Net Banking,C0050
T03372,2026-04-21,Bread,Grocery,North,Online,7,499,3493,Net Banking,C0221
T03373,2026-05-10,Chair,Home,East,Offline,4,29999,119996,Net Banking,C0766
T03374,2026-05-06,T-Shirt,Clothing,South,Online,9,299,2691,Cash,C0380
T03375,2026-08-14,Rice,Grocery,North,Offline,8,49999,399992,Cash,C0128
T03376,2026-08-17,Chair,Home,West,Offline,6,4999,29994,Cash,C0692
T03377,2026-07-31,Shoes,Clothing,West,Offline,4,2499,9996,UPI,C0522
T03378,2026-11-11,Tennis Racket,Sports,East,Offline,8,4999,39992,Credit Card,C0628
T03379,2026-05-20,Microwave,Home,East,Online,5,9999,49995,Credit Card,C0195
T03380,2026-08-17,Bread,Grocery,West,Offline,1,799,799,Net Banking,C0430
T03381,2026-10-13,Bread,Grocery,South,Online,1,999,999,Net Banking,C0432
T03382,2026-08-28,Mixer,Home,West,Offline,5,19999,99995,Cash,C0306
T03383,2026-02-15,Headphones,Electronics,South,Online,8,799,6392,UPI,C0034
T03384,2026-11-26,Tablet,Electronics,North,Offline,5,49999,249995,Credit Card,C0408
T03385,2026-07-02,Cricket Bat,Sports,East,Offline,4,49999,199996,Credit Card,C0251
T03386,2026-09-26,Table,Home,East,Online,6,799,4794,Cash,C0694
T03387,2026-03-08,Oil,Grocery,North,Online,1,29999,29999,Credit Card,C0478
T03388,2026-01-15,Football,Sports,South,Offline,2,199,398,Credit Card,C0432
T03389,2026-02-09,Tablet,Electronics,West,Offline,10,9999,99990,UPI,C0089
T03390,2026-10-08,Headphones,Electronics,West,Offline,9,799,7191,Net Banking,C0437
T03391,2026-02-09,Chair,Home,West,Online,8,4999,39992,Net Banking,C0524
T03392,2026-09-07,Headphones,Electronics,West,Offline,8,49999,399992,Net Banking,C0561
T03393,2026-03-17,Football,Sports,South,Offline,6,49999,299994,Net Banking,C0352
T03394,2026-11-04,Yoga Mat,Sports,North,Offline,1,9999,9999,Cash,C0719
T03395,2026-04-30,T-Shirt,Clothing,South,Offline,3,19999,59997,Net Banking,C0293
T03396,2026-01-09,Chair,Home,South,Offline,8,29999,239992,Cash,C0160
T03397,2026-02-04,Mixer,Home,South,Online,6,299,1794,Net Banking,C0386
T03398,2026-01-17,Table,Home,South,Online,5,4999,24995,UPI,C0260
T03399,2026-08-21,Yoga Mat,Sports,West,Offline,3,999,2997,Credit Card,C0132
T03400,2026-01-02,Jacket,Clothing,East,Online,10,999,9990,UPI,C0765
T03401,2026-12-11,Jeans,Clothing,South,Offline,9,4999,44991,UPI,C0551
T03402,2026-12-16,Oil,Grocery,West,Offline,5,4999,24995,UPI,C0209
T03403,2026-02-16,Jacket,Clothing,South,Online,2,9999,19998,Cash,C0364
T03404,2026-09-21,Microwave,Home,East,Online,5,2499,12495,Credit Card,C0216
T03405,2026-11-15,Tennis Racket,Sports,South,Online,6,29999,179994,Net Banking,C0564
T03406,2026-11-05,Chair,Home,North,Offline,10,19999,199990,UPI,C0175
T03407,2026-10-11,Bread,Grocery,North,Offline,6,9999,59994,Net Banking,C0354
T03408,2026-11-14,Jeans,Clothing,North,Online,9,799,7191,Credit Card,C0546
T03409,2026-10-20,Tablet,Electronics,North,Online,1,49999,49999,UPI,C0265
T03410,2026-07-17,Jacket,Clothing,South,Offline,3,49999,149997,Cash,C0106
T03411,2026-12-19,Yoga Mat,Sports,South,Online,10,4999,49990,UPI,C0178
T03412,2026-02-02,Yoga Mat,Sports,South,Offline,3,4999,14997,UPI,C0090
T03413,2026-06-01,Rice,Grocery,North,Offline,4,799,3196,Credit Card,C0372
T03414,2026-04-11,Laptop,Electronics,North,Online,6,799,4794,UPI,C0315
T03415,2026-06-01,Smartwatch,Electronics,North,Online,8,9999,79992,UPI,C0632
T03416,2026-07-28,Sofa,Home,East,Offline,9,999,8991,Net Banking,C0417
T03417,2026-12-29,Milk,Grocery,East,Online,5,1499,7495,Cash,C0612
T03418,2026-10-30,Smartphone,Electronics,East,Offline,7,19999,139993,Cash,C0057
T03419,2026-08-02,Mixer,Home,North,Online,10,49999,499990,Net Banking,C0108
T03420,2026-12-22,Oil,Grocery,North,Online,10,299,2990,Cash,C0164
T03421,2026-12-07,Microwave,Home,South,Offline,2,2499,4998,Cash,C0156
T03422,2026-12-18,Smartwatch,Electronics,West,Online,6,29999,179994,Net Banking,C0634
T03423,2026-10-19,Milk,Grocery,South,Offline,1,9999,9999,Net Banking,C0587
T03424,2026-12-29,Laptop,Electronics,South,Online,1,1499,1499,Credit Card,C0505
T03425,2026-03-08,Dress,Clothing,South,Online,8,199,1592,Cash,C0032
T03426,2026-01-24,Bread,Grocery,West,Online,9,1499,13491,Credit Card,C0196
T03427,2026-10-12,Rice,Grocery,East,Online,3,19999,59997,Credit Card,C0343
T03428,2026-04-06,Headphones,Electronics,North,Online,9,29999,269991,Net Banking,C0017
T03429,2026-07-14,Headphones,Electronics,South,Online,9,199,1791,Credit Card,C0014
T03430,2026-08-03,Chair,Home,West,Offline,8,999,7992,Credit Card,C0043
T03431,2026-10-24,Headphones,Electronics,East,Offline,2,29999,59998,Net Banking,C0705
T03432,2026-05-13,T-Shirt,Clothing,East,Offline,2,2499,4998,Net Banking,C0138
T03433,2026-04-23,Tennis Racket,Sports,West,Offline,8,9999,79992,Credit Card,C0436
T03434,2026-12-23,Tennis Racket,Sports,South,Offline,4,299,1196,UPI,C0427
T03435,2026-11-28,Jeans,Clothing,North,Online,10,199,1990,Cash,C0570
T03436,2026-07-15,Headphones,Electronics,East,Offline,8,19999,159992,UPI,C0772
T03437,2026-10-23,Football,Sports,North,Online,4,9999,39996,Credit Card,C0125
T03438,2026-05-12,Tennis Racket,Sports,South,Online,6,49999,299994,Credit Card,C0316
T03439,2026-02-07,Football,Sports,North,Offline,5,4999,24995,Cash,C0316
T03440,2026-08-14,Dress,Clothing,East,Online,4,19999,79996,Net Banking,C0486
T03441,2026-04-21,Tablet,Electronics,South,Online,6,49999,299994,Net Banking,C0506
T03442,2026-01-05,Yoga Mat,Sports,West,Offline,9,9999,89991,Credit Card,C0390
T03443,2026-12-19,Dress,Clothing,South,Online,3,1499,4497,Cash,C0735
T03444,2026-10-02,Laptop,Electronics,South,Online,9,799,7191,Credit Card,C0215
T03445,2026-01-22,Sugar,Grocery,West,Offline,9,1499,13491,Net Banking,C0497
T03446,2026-07-29,Sugar,Grocery,West,Offline,1,19999,19999,Credit Card,C0565
T03447,2026-04-23,Bread,Grocery,East,Offline,5,19999,99995,Credit Card,C0151
T03448,2026-02-10,Jacket,Clothing,West,Offline,4,299,1196,Credit Card,C0701
T03449,2026-12-30,Sofa,Home,West,Offline,3,9999,29997,Net Banking,C0284
T03450,2026-02-14,Headphones,Electronics,South,Offline,9,2499,22491,Net Banking,C0331
T03451,2026-03-03,Tablet,Electronics,West,Offline,10,4999,49990,Credit Card,C0230
T03452,2026-05-18,Dumbbell,Sports,North,Offline,6,1499,8994,Net Banking,C0319
T03453,2026-02-27,Dumbbell,Sports,West,Online,8,9999,79992,UPI,C0052
T03454,2026-10-17,Jacket,Clothing,North,Online,9,499,4491,Net Banking,C0197
T03455,2026-01-20,Headphones,Electronics,South,Online,10,4999,49990,Credit Card,C0149
T03456,2026-03-06,Yoga Mat,Sports,South,Offline,9,49999,449991,Cash,C0492
T03457,2026-07-15,Sugar,Grocery,East,Offline,1,19999,19999,UPI,C0085
T03458,2026-11-21,Football,Sports,South,Online,5,199,995,Credit Card,C0567
T03459,2026-01-03,Headphones,Electronics,South,Offline,4,4999,19996,Net Banking,C0410
T03460,2026-09-06,Headphones,Electronics,East,Offline,6,999,5994,UPI,C0354
T03461,2026-05-06,Cricket Bat,Sports,West,Offline,7,199,1393,Credit Card,C0766
T03462,2026-07-26,Shoes,Clothing,East,Online,3,199,597,Net Banking,C0714
T03463,2026-06-03,Tennis Racket,Sports,South,Offline,2,299,598,Net Banking,C0456
T03464,2026-11-17,Dress,Clothing,North,Online,6,49999,299994,UPI,C0366
T03465,2026-06-14,Dress,Clothing,West,Offline,4,199,796,Credit Card,C0328
T03466,2026-10-09,T-Shirt,Clothing,South,Offline,3,2499,7497,Credit Card,C0223
T03467,2026-11-07,Table,Home,East,Offline,8,29999,239992,Net Banking,C0003
T03468,2026-08-17,Tennis Racket,Sports,East,Online,1,4999,4999,UPI,C0622
T03469,2026-09-16,Smartwatch,Electronics,East,Online,8,1499,11992,Cash,C0587
T03470,2026-12-13,Chair,Home,South,Offline,2,999,1998,Cash,C0689
T03471,2026-02-21,Bread,Grocery,South,Online,10,9999,99990,Credit Card,C0679
T03472,2026-10-20,Bread,Grocery,West,Offline,8,4999,39992,Net Banking,C0799
T03473,2026-06-13,Football,Sports,East,Offline,8,199,1592,Credit Card,C0743
T03474,2026-11-10,Microwave,Home,West,Offline,5,799,3995,Net Banking,C0105
T03475,2026-06-22,Sugar,Grocery,North,Offline,3,499,1497,UPI,C0499
T03476,2026-07-27,Jacket,Clothing,South,Offline,2,1499,2998,Net Banking,C0478
T03477,2026-03-05,Laptop,Electronics,East,Offline,2,299,598,Net Banking,C0466
T03478,2026-04-28,Sofa,Home,North,Offline,5,799,3995,Net Banking,C0137
T03479,2026-03-30,Chair,Home,East,Offline,8,9999,79992,Credit Card,C0107
T03480,2026-04-25,Chair,Home,North,Offline,8,999,7992,Credit Card,C0665
T03481,2026-07-11,Milk,Grocery,East,Online,10,29999,299990,Cash,C0149
T03482,2026-10-02,Chair,Home,North,Offline,6,9999,59994,Net Banking,C0765
T03483,2026-11-03,Table,Home,North,Offline,6,9999,59994,Net Banking,C0046
T03484,2026-03-21,Yoga Mat,Sports,West,Online,2,799,1598,Cash,C0219
T03485,2026-12-02,Table,Home,North,Offline,1,999,999,UPI,C0258
T03486,2026-07-25,Dumbbell,Sports,West,Offline,2,999,1998,Cash,C0298
T03487,2026-03-05,Yoga Mat,Sports,East,Online,6,19999,119994,Cash,C0512
T03488,2026-05-26,Table,Home,West,Online,1,299,299,Cash,C0624
T03489,2026-07-18,Laptop,Electronics,East,Online,2,4999,9998,UPI,C0777
T03490,2026-02-23,Rice,Grocery,East,Online,7,4999,34993,Net Banking,C0557
T03491,2026-08-10,Cricket Bat,Sports,East,Online,9,1499,13491,Net Banking,C0721
T03492,2026-03-21,Headphones,Electronics,West,Offline,10,799,7990,Net Banking,C0694
T03493,2026-05-08,Microwave,Home,South,Offline,7,4999,34993,Credit Card,C0721
T03494,2026-09-27,Dumbbell,Sports,North,Offline,1,4999,4999,Cash,C0137
T03495,2026-10-01,Cricket Bat,Sports,South,Online,5,299,1495,Credit Card,C0110
T03496,2026-04-10,Football,Sports,South,Online,2,999,1998,Net Banking,C0318
T03497,2026-03-26,Bread,Grocery,West,Offline,10,799,7990,Cash,C0322
T03498,2026-09-03,Dumbbell,Sports,East,Online,8,299,2392,Cash,C0721
T03499,2026-12-08,Laptop,Electronics,South,Offline,8,29999,239992,Net Banking,C0374
T03500,2026-10-15,Shoes,Clothing,South,Offline,1,9999,9999,Cash,C0686
T03501,2026-08-01,Shoes,Clothing,North,Online,10,999,9990,Net Banking,C0440
T03502,2026-10-26,Laptop,Electronics,South,Online,3,29999,89997,Cash,C0078
T03503,2026-05-16,Jacket,Clothing,North,Online,3,2499,7497,Net Banking,C0658
T03504,2026-10-07,Cricket Bat,Sports,East,Offline,6,19999,119994,Credit Card,C0463
T03505,2026-05-16,Table,Home,South,Online,6,49999,299994,Credit Card,C0703
T03506,2026-06-12,Chair,Home,North,Offline,2,299,598,UPI,C0219
T03507,2026-07-15,Milk,Grocery,East,Online,9,199,1791,UPI,C0212
T03508,2026-10-10,Football,Sports,West,Offline,10,799,7990,Credit Card,C0800
T03509,2026-02-21,Yoga Mat,Sports,East,Offline,8,299,2392,Cash,C0170
T03510,2026-01-15,Headphones,Electronics,South,Online,9,799,7191,Credit Card,C0274
T03511,2026-01-31,Laptop,Electronics,South,Online,3,4999,14997,Net Banking,C0012
T03512,2026-04-11,Tablet,Electronics,East,Offline,8,2499,19992,Net Banking,C0048
T03513,2026-10-21,Smartwatch,Electronics,North,Online,8,2499,19992,Net Banking,C0387
T03514,2026-03-15,Yoga Mat,Sports,West,Offline,1,4999,4999,UPI,C0652
T03515,2026-08-02,T-Shirt,Clothing,North,Offline,8,499,3992,Net Banking,C0575
T03516,2026-01-26,Mixer,Home,South,Online,9,2499,22491,Cash,C0688
T03517,2026-03-24,Bread,Grocery,East,Offline,6,2499,14994,Net Banking,C0306
T03518,2026-02-25,Tennis Racket,Sports,North,Offline,2,2499,4998,Cash,C0624
T03519,2026-12-16,Smartwatch,Electronics,North,Offline,5,19999,99995,UPI,C0235
T03520,2026-06-02,Jacket,Clothing,West,Online,2,49999,99998,UPI,C0566
T03521,2026-02-05,Sofa,Home,South,Offline,10,299,2990,Cash,C0594
T03522,2026-07-20,Rice,Grocery,South,Online,8,999,7992,Credit Card,C0253
T03523,2026-02-04,Cricket Bat,Sports,South,Offline,7,49999,349993,Cash,C0412
T03524,2026-01-02,Jeans,Clothing,North,Offline,2,2499,4998,Credit Card,C0283
T03525,2026-09-21,Smartphone,Electronics,South,Offline,10,799,7990,Cash,C0775
T03526,2026-09-15,Microwave,Home,North,Online,10,29999,299990,Net Banking,C0371
T03527,2026-08-18,Jacket,Clothing,East,Offline,2,4999,9998,Credit Card,C0387
T03528,2026-10-21,Jacket,Clothing,South,Online,2,199,398,Credit Card,C0049
T03529,2026-02-15,Dress,Clothing,North,Offline,4,799,3196,Credit Card,C0526
T03530,2026-11-22,Dumbbell,Sports,North,Online,10,19999,199990,Credit Card,C0777
T03531,2026-11-05,Rice,Grocery,North,Offline,8,4999,39992,UPI,C0197
T03532,2026-01-17,Table,Home,North,Offline,9,4999,44991,UPI,C0133
T03533,2026-05-10,Rice,Grocery,West,Offline,6,299,1794,Cash,C0780
T03534,2026-11-21,Tennis Racket,Sports,South,Offline,6,799,4794,Net Banking,C0573
T03535,2026-05-13,Tablet,Electronics,West,Offline,8,2499,19992,Net Banking,C0063
T03536,2026-01-05,Bread,Grocery,East,Offline,4,999,3996,Cash,C0082
T03537,2026-11-24,Milk,Grocery,South,Online,1,799,799,Credit Card,C0595
T03538,2026-08-04,Bread,Grocery,East,Online,8,999,7992,UPI,C0310
T03539,2026-10-05,Sofa,Home,East,Offline,1,19999,19999,Cash,C0120
T03540,2026-10-05,Headphones,Electronics,East,Offline,7,199,1393,Cash,C0496
T03541,2026-01-27,Sugar,Grocery,East,Offline,10,1499,14990,Net Banking,C0121
T03542,2026-02-23,Laptop,Electronics,West,Offline,8,19999,159992,Credit Card,C0461
T03543,2026-07-05,Chair,Home,West,Online,7,1499,10493,Net Banking,C0156
T03544,2026-03-27,Sugar,Grocery,East,Offline,4,999,3996,UPI,C0777
T03545,2026-04-15,Football,Sports,East,Offline,10,9999,99990,Credit Card,C0760
T03546,2026-08-02,Smartwatch,Electronics,South,Offline,7,49999,349993,UPI,C0224
T03547,2026-09-23,Shoes,Clothing,North,Offline,9,4999,44991,Net Banking,C0468
T03548,2026-08-13,Yoga Mat,Sports,South,Offline,8,199,1592,Cash,C0386
T03549,2026-04-25,Oil,Grocery,West,Online,10,499,4990,UPI,C0057
T03550,2026-08-13,Jacket,Clothing,West,Online,2,499,998,Cash,C0677
T03551,2026-01-17,Sugar,Grocery,South,Online,3,999,2997,Cash,C0198
T03552,2026-12-17,T-Shirt,Clothing,South,Offline,3,799,2397,Credit Card,C0389
T03553,2026-01-12,Rice,Grocery,East,Online,7,19999,139993,UPI,C0409
T03554,2026-11-10,Microwave,Home,West,Offline,4,1499,5996,Credit Card,C0798
T03555,2026-03-13,Yoga Mat,Sports,East,Online,2,499,998,Net Banking,C0733
T03556,2026-01-25,Smartwatch,Electronics,East,Offline,5,999,4995,Net Banking,C0799
T03557,2026-06-24,T-Shirt,Clothing,North,Offline,2,19999,39998,Cash,C0371
T03558,2026-06-29,Microwave,Home,East,Online,9,199,1791,Net Banking,C0421
T03559,2026-06-04,Jacket,Clothing,West,Offline,6,199,1194,Net Banking,C0558
T03560,2026-07-23,Smartphone,Electronics,South,Online,1,799,799,UPI,C0256
T03561,2026-02-08,Rice,Grocery,East,Offline,2,19999,39998,Net Banking,C0214
T03562,2026-10-31,Cricket Bat,Sports,West,Online,9,4999,44991,Net Banking,C0208
T03563,2026-12-25,Headphones,Electronics,East,Offline,3,999,2997,Cash,C0591
T03564,2026-02-27,Sugar,Grocery,East,Online,7,999,6993,Net Banking,C0009
T03565,2026-05-01,Jeans,Clothing,North,Offline,9,9999,89991,UPI,C0020
T03566,2026-06-15,Laptop,Electronics,West,Offline,3,9999,29997,Credit Card,C0702
T03567,2026-02-10,T-Shirt,Clothing,South,Online,3,29999,89997,UPI,C0741
T03568,2026-09-08,Chair,Home,North,Offline,6,999,5994,Credit Card,C0543
T03569,2026-09-13,Cricket Bat,Sports,East,Offline,2,199,398,Net Banking,C0135
T03570,2026-08-27,Mixer,Home,South,Offline,2,1499,2998,Net Banking,C0259
T03571,2026-05-22,T-Shirt,Clothing,West,Online,4,49999,199996,Net Banking,C0548
T03572,2026-06-24,Sofa,Home,North,Offline,4,799,3196,Net Banking,C0146
T03573,2026-05-02,Cricket Bat,Sports,North,Offline,7,9999,69993,UPI,C0091
T03574,2026-05-13,Table,Home,South,Online,10,499,4990,Net Banking,C0498
T03575,2026-02-08,Sofa,Home,North,Offline,6,9999,59994,UPI,C0098
T03576,2026-07-06,Laptop,Electronics,West,Offline,10,2499,24990,Cash,C0029
T03577,2026-11-13,Jacket,Clothing,South,Online,2,19999,39998,UPI,C0576
T03578,2026-03-21,Yoga Mat,Sports,South,Online,3,799,2397,Net Banking,C0004
T03579,2026-05-18,Cricket Bat,Sports,East,Online,8,19999,159992,UPI,C0352
T03580,2026-10-02,Chair,Home,West,Online,2,299,598,Net Banking,C0086
T03581,2026-05-25,Cricket Bat,Sports,East,Offline,1,4999,4999,Credit Card,C0713
T03582,2026-02-26,Microwave,Home,West,Online,5,9999,49995,Net Banking,C0163
T03583,2026-07-17,Jacket,Clothing,South,Online,10,299,2990,Cash,C0308
T03584,2026-12-01,Dumbbell,Sports,West,Offline,8,799,6392,Net Banking,C0176
T03585,2026-05-13,Microwave,Home,East,Offline,5,799,3995,Net Banking,C0532
T03586,2026-09-11,Dress,Clothing,West,Online,7,1499,10493,Credit Card,C0416
T03587,2026-12-31,Microwave,Home,North,Online,9,29999,269991,UPI,C0782
T03588,2026-04-26,Sofa,Home,East,Online,1,29999,29999,Credit Card,C0483
T03589,2026-10-25,Rice,Grocery,North,Offline,1,49999,49999,UPI,C0616
T03590,2026-02-03,Bread,Grocery,West,Offline,8,799,6392,Cash,C0295
T03591,2026-03-27,Oil,Grocery,East,Offline,3,499,1497,Cash,C0034
T03592,2026-04-24,Sugar,Grocery,North,Offline,4,199,796,UPI,C0103
T03593,2026-12-14,Microwave,Home,North,Online,8,799,6392,Net Banking,C0189
T03594,2026-04-04,Bread,Grocery,West,Offline,2,999,1998,Net Banking,C0586
T03595,2026-01-07,Laptop,Electronics,South,Online,9,999,8991,Cash,C0338
T03596,2026-11-09,Yoga Mat,Sports,South,Online,8,999,7992,Cash,C0780
T03597,2026-11-28,Sofa,Home,West,Offline,7,29999,209993,Net Banking,C0085
T03598,2026-06-30,Dress,Clothing,South,Offline,1,499,499,Cash,C0760
T03599,2026-06-04,Milk,Grocery,North,Online,7,1499,10493,Cash,C0147
T03600,2026-11-06,Football,Sports,North,Offline,10,199,1990,Credit Card,C0465
T03601,2026-07-28,Headphones,Electronics,West,Offline,5,499,2495,Cash,C0756
T03602,2026-12-28,Chair,Home,North,Offline,5,29999,149995,Cash,C0657
T03603,2026-05-08,Smartwatch,Electronics,South,Online,10,4999,49990,Net Banking,C0454
T03604,2026-07-06,Sofa,Home,South,Offline,4,19999,79996,Cash,C0701
T03605,2026-10-22,Sugar,Grocery,East,Online,1,999,999,Cash,C0706
T03606,2026-06-27,Dress,Clothing,South,Offline,8,9999,79992,Net Banking,C0203
T03607,2026-05-08,Football,Sports,North,Offline,4,799,3196,Cash,C0284
T03608,2026-06-24,Jeans,Clothing,South,Offline,1,499,499,Credit Card,C0104
T03609,2026-04-02,Jacket,Clothing,North,Offline,8,999,7992,Cash,C0732
T03610,2026-08-23,T-Shirt,Clothing,East,Online,4,799,3196,Credit Card,C0075
T03611,2026-07-24,Smartphone,Electronics,East,Online,4,499,1996,UPI,C0500
T03612,2026-12-29,Headphones,Electronics,West,Online,6,1499,8994,Credit Card,C0650
T03613,2026-12-24,Headphones,Electronics,East,Offline,3,499,1497,Net Banking,C0313
T03614,2026-02-06,Tablet,Electronics,East,Offline,10,499,4990,UPI,C0135
T03615,2026-06-14,Dress,Clothing,North,Online,1,4999,4999,Cash,C0751
T03616,2026-06-26,Headphones,Electronics,East,Offline,4,49999,199996,UPI,C0632
T03617,2026-08-29,Headphones,Electronics,East,Offline,8,1499,11992,UPI,C0402
T03618,2026-08-10,Jeans,Clothing,South,Offline,9,29999,269991,Net Banking,C0252
T03619,2026-01-09,Rice,Grocery,North,Offline,7,499,3493,Net Banking,C0244
T03620,2026-06-11,T-Shirt,Clothing,West,Online,1,4999,4999,Credit Card,C0043
T03621,2026-05-29,T-Shirt,Clothing,West,Offline,6,19999,119994,Net Banking,C0610
T03622,2026-08-17,Rice,Grocery,South,Offline,5,799,3995,UPI,C0518
T03623,2026-01-22,Football,Sports,North,Offline,2,199,398,Net Banking,C0751
T03624,2026-02-19,Smartphone,Electronics,West,Online,10,499,4990,Cash,C0040
T03625,2026-05-24,Rice,Grocery,North,Offline,7,799,5593,Net Banking,C0725
T03626,2026-10-02,Mixer,Home,East,Offline,9,29999,269991,UPI,C0359
T03627,2026-11-18,Tablet,Electronics,West,Online,7,1499,10493,Net Banking,C0491
T03628,2026-04-01,Football,Sports,South,Offline,1,4999,4999,Cash,C0002
T03629,2026-11-23,Football,Sports,South,Online,5,4999,24995,Net Banking,C0216
T03630,2026-06-30,Bread,Grocery,South,Online,1,4999,4999,Cash,C0051
T03631,2026-07-24,Dumbbell,Sports,East,Online,9,19999,179991,Credit Card,C0355
T03632,2026-05-26,Tennis Racket,Sports,West,Online,4,2499,9996,Credit Card,C0397
T03633,2026-09-04,Sofa,Home,West,Offline,1,2499,2499,Net Banking,C0382
T03634,2026-02-05,Yoga Mat,Sports,North,Offline,8,299,2392,Credit Card,C0363
T03635,2026-08-09,Headphones,Electronics,West,Online,10,1499,14990,Credit Card,C0255
T03636,2026-02-15,Football,Sports,South,Online,8,799,6392,UPI,C0138
T03637,2026-06-28,Yoga Mat,Sports,South,Online,7,1499,10493,Net Banking,C0721
T03638,2026-09-02,Milk,Grocery,South,Online,1,29999,29999,Net Banking,C0508
T03639,2026-12-19,Dumbbell,Sports,South,Offline,2,19999,39998,UPI,C0381
T03640,2026-05-25,Dumbbell,Sports,North,Online,3,199,597,Credit Card,C0681
T03641,2026-01-30,Jacket,Clothing,East,Online,5,1499,7495,UPI,C0351
T03642,2026-06-01,Football,Sports,North,Online,9,49999,449991,Net Banking,C0412
T03643,2026-11-20,Milk,Grocery,West,Online,9,9999,89991,Credit Card,C0387
T03644,2026-02-19,Milk,Grocery,East,Online,1,799,799,Cash,C0791
T03645,2026-12-10,Laptop,Electronics,North,Offline,1,19999,19999,Cash,C0321
T03646,2026-03-22,Yoga Mat,Sports,North,Offline,10,799,7990,Credit Card,C0109
T03647,2026-08-13,Tennis Racket,Sports,East,Offline,7,1499,10493,Net Banking,C0157
T03648,2026-09-20,Dumbbell,Sports,North,Offline,4,1499,5996,Cash,C0149
T03649,2026-06-22,Shoes,Clothing,West,Online,6,29999,179994,UPI,C0170
T03650,2026-03-07,T-Shirt,Clothing,East,Online,3,799,2397,Credit Card,C0392
T03651,2026-08-28,Rice,Grocery,North,Offline,3,1499,4497,UPI,C0269
T03652,2026-02-22,Cricket Bat,Sports,East,Online,9,199,1791,Net Banking,C0413
T03653,2026-08-09,Tablet,Electronics,South,Online,2,499,998,Net Banking,C0540
T03654,2026-10-11,Chair,Home,North,Offline,8,29999,239992,Cash,C0427
T03655,2026-02-12,Microwave,Home,East,Offline,8,2499,19992,Credit Card,C0311
T03656,2026-03-21,Smartphone,Electronics,South,Offline,3,999,2997,Net Banking,C0196
T03657,2026-02-06,Shoes,Clothing,North,Offline,4,4999,19996,Credit Card,C0043
T03658,2026-04-26,Laptop,Electronics,South,Offline,9,199,1791,Net Banking,C0647
T03659,2026-10-28,Headphones,Electronics,South,Offline,2,19999,39998,UPI,C0393
T03660,2026-02-13,Headphones,Electronics,North,Online,8,299,2392,Cash,C0752
T03661,2026-06-11,Sugar,Grocery,West,Offline,3,999,2997,Cash,C0297
T03662,2026-02-02,Smartphone,Electronics,East,Online,5,299,1495,Cash,C0774
T03663,2026-02-05,Football,Sports,North,Offline,2,9999,19998,UPI,C0351
T03664,2026-02-13,Jeans,Clothing,North,Offline,6,29999,179994,UPI,C0318
T03665,2026-06-09,Rice,Grocery,West,Online,9,1499,13491,Credit Card,C0049
T03666,2026-07-17,Rice,Grocery,West,Online,5,29999,149995,UPI,C0023
T03667,2026-04-12,Headphones,Electronics,East,Offline,6,2499,14994,Net Banking,C0129
T03668,2026-03-20,Bread,Grocery,East,Online,8,19999,159992,Net Banking,C0744
T03669,2026-05-18,Smartphone,Electronics,East,Offline,4,4999,19996,Net Banking,C0004
T03670,2026-11-06,Jeans,Clothing,South,Offline,10,299,2990,Credit Card,C0092
T03671,2026-04-06,Bread,Grocery,West,Online,2,199,398,Cash,C0172
T03672,2026-08-07,Bread,Grocery,North,Offline,4,299,1196,Net Banking,C0407
T03673,2026-05-04,Laptop,Electronics,West,Offline,2,199,398,Credit Card,C0417
T03674,2026-02-18,Jacket,Clothing,North,Offline,4,2499,9996,Credit Card,C0022
T03675,2026-02-01,Table,Home,West,Offline,5,9999,49995,Credit Card,C0575
T03676,2026-07-13,Tennis Racket,Sports,East,Online,10,999,9990,Net Banking,C0013
T03677,2026-11-29,Shoes,Clothing,North,Offline,2,199,398,Net Banking,C0005
T03678,2026-02-06,Oil,Grocery,West,Offline,4,29999,119996,Credit Card,C0610
T03679,2026-04-12,T-Shirt,Clothing,North,Online,8,9999,79992,UPI,C0453
T03680,2026-02-24,Dumbbell,Sports,East,Online,1,199,199,Cash,C0096
T03681,2026-05-18,Chair,Home,East,Offline,2,1499,2998,Net Banking,C0287
T03682,2026-04-27,Jeans,Clothing,West,Offline,9,999,8991,Credit Card,C0166
T03683,2026-04-28,Football,Sports,North,Online,8,29999,239992,Cash,C0369
T03684,2026-05-05,Laptop,Electronics,South,Offline,5,19999,99995,Net Banking,C0357
T03685,2026-04-20,Rice,Grocery,West,Online,10,4999,49990,UPI,C0466
T03686,2026-04-21,Yoga Mat,Sports,South,Offline,7,49999,349993,Net Banking,C0735
T03687,2026-03-19,Dress,Clothing,West,Offline,6,9999,59994,Cash,C0637
T03688,2026-03-20,Oil,Grocery,North,Offline,9,4999,44991,UPI,C0248
T03689,2026-05-21,Cricket Bat,Sports,West,Offline,2,4999,9998,UPI,C0441
T03690,2026-01-04,Chair,Home,North,Offline,9,29999,269991,Cash,C0328
T03691,2026-08-25,Cricket Bat,Sports,North,Offline,2,49999,99998,Cash,C0348
T03692,2026-01-13,Sugar,Grocery,South,Offline,9,19999,179991,Credit Card,C0403
T03693,2026-06-04,Milk,Grocery,West,Online,10,9999,99990,UPI,C0304
T03694,2026-12-06,Chair,Home,South,Online,8,199,1592,Credit Card,C0678
T03695,2026-03-09,Rice,Grocery,West,Online,9,2499,22491,Credit Card,C0330
T03696,2026-03-06,Football,Sports,South,Offline,6,199,1194,UPI,C0008
T03697,2026-01-25,Laptop,Electronics,East,Offline,1,299,299,UPI,C0426
T03698,2026-02-06,Dumbbell,Sports,East,Offline,4,9999,39996,UPI,C0143
T03699,2026-02-14,T-Shirt,Clothing,South,Online,1,29999,29999,Credit Card,C0682
T03700,2026-07-12,Tennis Racket,Sports,West,Offline,1,29999,29999,Cash,C0202
T03701,2026-12-12,T-Shirt,Clothing,East,Online,1,999,999,Net Banking,C0693
T03702,2026-08-27,Shoes,Clothing,West,Online,6,1499,8994,Cash,C0130
T03703,2026-02-06,Tennis Racket,Sports,North,Offline,3,499,1497,Cash,C0769
T03704,2026-02-11,Dumbbell,Sports,West,Offline,5,299,1495,UPI,C0654
T03705,2026-11-19,T-Shirt,Clothing,West,Offline,3,799,2397,UPI,C0707
T03706,2026-11-18,Sugar,Grocery,South,Offline,4,2499,9996,UPI,C0424
T03707,2026-08-25,Bread,Grocery,South,Online,1,799,799,UPI,C0731
T03708,2026-10-20,Jeans,Clothing,South,Offline,6,499,2994,Net Banking,C0105
T03709,2026-03-31,Sugar,Grocery,East,Offline,4,4999,19996,Cash,C0191
T03710,2026-06-10,Dress,Clothing,East,Offline,7,999,6993,Credit Card,C0779
T03711,2026-05-08,Sugar,Grocery,North,Online,7,9999,69993,UPI,C0317
T03712,2026-04-24,T-Shirt,Clothing,North,Online,7,999,6993,Credit Card,C0576
T03713,2026-09-13,Rice,Grocery,East,Online,6,1499,8994,Net Banking,C0716
T03714,2026-03-27,Sugar,Grocery,North,Online,8,19999,159992,Credit Card,C0591
T03715,2026-02-20,T-Shirt,Clothing,South,Offline,5,2499,12495,Cash,C0120
T03716,2026-07-31,Shoes,Clothing,North,Online,7,49999,349993,Cash,C0195
T03717,2026-06-15,Yoga Mat,Sports,North,Online,2,9999,19998,Credit Card,C0353
T03718,2026-12-03,Tennis Racket,Sports,West,Online,10,4999,49990,Net Banking,C0585
T03719,2026-04-11,Yoga Mat,Sports,East,Offline,8,19999,159992,UPI,C0578
T03720,2026-11-26,Jacket,Clothing,North,Online,8,999,7992,UPI,C0491
T03721,2026-12-12,Shoes,Clothing,South,Offline,8,199,1592,Cash,C0364
T03722,2026-07-21,Oil,Grocery,South,Offline,2,299,598,Credit Card,C0748
T03723,2026-03-24,Jeans,Clothing,North,Offline,1,199,199,Net Banking,C0256
T03724,2026-01-17,Cricket Bat,Sports,East,Online,10,499,4990,Net Banking,C0229
T03725,2026-03-29,Laptop,Electronics,South,Online,8,29999,239992,Cash,C0652
T03726,2026-08-14,Shoes,Clothing,East,Online,6,999,5994,Cash,C0003
T03727,2026-08-30,T-Shirt,Clothing,West,Online,2,19999,39998,Credit Card,C0142
T03728,2026-10-06,Bread,Grocery,South,Offline,2,2499,4998,Net Banking,C0781
T03729,2026-04-18,Bread,Grocery,East,Offline,2,499,998,Credit Card,C0094
T03730,2026-12-17,Laptop,Electronics,North,Online,6,299,1794,Credit Card,C0706
T03731,2026-10-03,Microwave,Home,South,Online,3,2499,7497,UPI,C0014
T03732,2026-04-18,Rice,Grocery,South,Online,8,499,3992,Credit Card,C0040
T03733,2026-03-20,Cricket Bat,Sports,South,Offline,1,49999,49999,Cash,C0656
T03734,2026-05-21,Shoes,Clothing,North,Offline,6,799,4794,Cash,C0574
T03735,2026-01-16,Football,Sports,West,Online,7,49999,349993,UPI,C0433
T03736,2026-08-07,Dumbbell,Sports,East,Online,9,4999,44991,Cash,C0212
T03737,2026-01-01,Chair,Home,North,Online,5,999,4995,Net Banking,C0102
T03738,2026-08-12,Bread,Grocery,North,Online,10,4999,49990,Credit Card,C0298
T03739,2026-06-19,Football,Sports,North,Offline,2,1499,2998,Net Banking,C0307
T03740,2026-03-15,Dumbbell,Sports,North,Online,3,9999,29997,Credit Card,C0099
T03741,2026-03-02,Mixer,Home,West,Offline,6,199,1194,UPI,C0749
T03742,2026-04-10,Headphones,Electronics,East,Offline,3,49999,149997,Cash,C0715
T03743,2026-05-06,Jeans,Clothing,East,Online,9,199,1791,Net Banking,C0664
T03744,2026-08-16,Microwave,Home,North,Offline,6,999,5994,Net Banking,C0415
T03745,2026-03-31,Microwave,Home,North,Online,10,1499,14990,UPI,C0119
T03746,2026-06-18,Jacket,Clothing,West,Online,6,9999,59994,Net Banking,C0457
T03747,2026-12-27,Tennis Racket,Sports,West,Online,9,499,4491,Cash,C0085
T03748,2026-08-16,Sofa,Home,South,Online,10,199,1990,Credit Card,C0368
T03749,2026-10-01,Football,Sports,North,Offline,10,4999,49990,UPI,C0317
T03750,2026-03-09,Dress,Clothing,East,Offline,4,1499,5996,Credit Card,C0611
T03751,2026-04-03,Headphones,Electronics,West,Offline,6,19999,119994,Credit Card,C0456
T03752,2026-09-11,Tennis Racket,Sports,South,Offline,2,299,598,Cash,C0019
T03753,2026-12-29,Chair,Home,South,Offline,8,2499,19992,Credit Card,C0333
T03754,2026-12-16,Laptop,Electronics,East,Offline,7,199,1393,UPI,C0775
T03755,2026-02-25,Microwave,Home,South,Online,3,299,897,Net Banking,C0727
T03756,2026-09-25,Dumbbell,Sports,South,Offline,1,199,199,Net Banking,C0444
T03757,2026-12-15,Smartphone,Electronics,South,Online,9,29999,269991,Net Banking,C0288
T03758,2026-07-19,Laptop,Electronics,West,Online,4,49999,199996,Net Banking,C0108
T03759,2026-11-21,Table,Home,South,Offline,1,799,799,Credit Card,C0150
T03760,2026-09-20,Sofa,Home,West,Online,10,9999,99990,Credit Card,C0795
T03761,2026-05-01,Dumbbell,Sports,South,Online,7,49999,349993,UPI,C0661
T03762,2026-01-03,Milk,Grocery,East,Offline,8,19999,159992,Credit Card,C0321
T03763,2026-08-25,Chair,Home,North,Offline,5,299,1495,Net Banking,C0596
T03764,2026-03-29,Milk,Grocery,East,Offline,7,29999,209993,Cash,C0305
T03765,2026-08-20,Sofa,Home,West,Online,2,49999,99998,Credit Card,C0256
T03766,2026-06-24,Tennis Racket,Sports,East,Online,4,19999,79996,Net Banking,C0621
T03767,2026-12-27,Dumbbell,Sports,East,Offline,6,9999,59994,Cash,C0689
T03768,2026-09-12,Table,Home,West,Offline,9,299,2691,Credit Card,C0224
T03769,2026-06-06,Smartwatch,Electronics,West,Online,4,199,796,Net Banking,C0477
T03770,2026-07-18,Smartphone,Electronics,North,Online,6,29999,179994,Net Banking,C0521
T03771,2026-10-01,Shoes,Clothing,South,Online,10,499,4990,Cash,C0733
T03772,2026-12-31,Yoga Mat,Sports,South,Online,5,199,995,Net Banking,C0596
T03773,2026-10-28,Yoga Mat,Sports,East,Online,3,9999,29997,Cash,C0230
T03774,2026-02-14,Shoes,Clothing,South,Offline,6,799,4794,Cash,C0322
T03775,2026-12-22,Mixer,Home,West,Online,5,19999,99995,Credit Card,C0609
T03776,2026-12-20,Smartphone,Electronics,South,Offline,3,499,1497,Net Banking,C0499
T03777,2026-02-08,Table,Home,North,Online,10,1499,14990,Credit Card,C0322
T03778,2026-07-08,Table,Home,North,Online,1,499,499,Net Banking,C0117
T03779,2026-08-29,Mixer,Home,East,Offline,4,2499,9996,Credit Card,C0578
T03780,2026-05-21,Oil,Grocery,North,Online,2,499,998,UPI,C0651
T03781,2026-03-17,Rice,Grocery,North,Offline,7,1499,10493,Net Banking,C0106
T03782,2026-03-20,Jeans,Clothing,South,Online,9,29999,269991,Credit Card,C0396
T03783,2026-06-01,Table,Home,East,Online,9,49999,449991,UPI,C0263
T03784,2026-07-09,Chair,Home,East,Online,6,19999,119994,Cash,C0418
T03785,2026-04-19,Table,Home,West,Offline,1,4999,4999,Credit Card,C0222
T03786,2026-04-29,Shoes,Clothing,North,Offline,7,799,5593,Net Banking,C0037
T03787,2026-01-15,Cricket Bat,Sports,West,Online,4,2499,9996,Net Banking,C0577
T03788,2026-01-09,Jeans,Clothing,West,Offline,3,199,597,Credit Card,C0693
T03789,2026-01-12,Rice,Grocery,North,Offline,8,19999,159992,Net Banking,C0025
T03790,2026-02-04,Mixer,Home,North,Online,3,199,597,Cash,C0259
T03791,2026-06-08,Football,Sports,West,Online,8,2499,19992,UPI,C0392
T03792,2026-04-04,Tablet,Electronics,South,Online,4,29999,119996,UPI,C0759
T03793,2026-11-02,Dress,Clothing,South,Online,7,29999,209993,UPI,C0346
T03794,2026-04-25,Smartwatch,Electronics,South,Offline,2,499,998,UPI,C0057
T03795,2026-10-14,Jeans,Clothing,West,Offline,9,799,7191,Credit Card,C0187
T03796,2026-08-21,Headphones,Electronics,East,Offline,5,19999,99995,Net Banking,C0171
T03797,2026-10-08,T-Shirt,Clothing,South,Online,7,799,5593,UPI,C0082
T03798,2026-03-27,Sugar,Grocery,East,Offline,9,199,1791,Net Banking,C0721
T03799,2026-08-03,Sofa,Home,South,Offline,10,1499,14990,Net Banking,C0419
T03800,2026-01-07,Dumbbell,Sports,West,Offline,1,29999,29999,Net Banking,C0160
T03801,2026-12-22,Chair,Home,West,Online,3,1499,4497,Net Banking,C0564
T03802,2026-08-27,Table,Home,East,Online,8,9999,79992,Net Banking,C0004
T03803,2026-12-23,Yoga Mat,Sports,West,Offline,7,1499,10493,Net Banking,C0795
T03804,2026-01-28,Rice,Grocery,West,Online,3,19999,59997,Credit Card,C0159
T03805,2026-07-24,Football,Sports,South,Offline,10,499,4990,UPI,C0725
T03806,2026-11-26,Bread,Grocery,North,Online,2,4999,9998,Credit Card,C0201
T03807,2026-09-10,Tablet,Electronics,East,Offline,7,199,1393,Net Banking,C0556
T03808,2026-09-21,Smartphone,Electronics,West,Offline,2,49999,99998,Credit Card,C0484
T03809,2026-10-23,Mixer,Home,South,Online,3,4999,14997,Cash,C0780
T03810,2026-05-15,Dress,Clothing,East,Offline,6,799,4794,UPI,C0409
T03811,2026-01-10,Tablet,Electronics,East,Online,10,299,2990,Net Banking,C0003
T03812,2026-12-26,Smartwatch,Electronics,West,Offline,1,49999,49999,UPI,C0376
T03813,2026-03-29,Smartwatch,Electronics,North,Online,8,29999,239992,Net Banking,C0293
T03814,2026-01-30,Microwave,Home,East,Offline,4,2499,9996,Net Banking,C0464
T03815,2026-12-25,Jacket,Clothing,North,Offline,7,299,2093,UPI,C0094
T03816,2026-01-18,Football,Sports,West,Online,1,29999,29999,UPI,C0509
T03817,2026-10-12,Mixer,Home,East,Online,3,199,597,Cash,C0357
T03818,2026-12-07,Sofa,Home,South,Online,8,499,3992,UPI,C0084
T03819,2026-01-07,Dress,Clothing,West,Offline,8,1499,11992,Net Banking,C0691
T03820,2026-12-21,Microwave,Home,East,Offline,10,2499,24990,Credit Card,C0261
T03821,2026-03-27,Microwave,Home,East,Online,7,29999,209993,UPI,C0289
T03822,2026-02-12,Bread,Grocery,South,Offline,2,1499,2998,Credit Card,C0041
T03823,2026-12-15,Mixer,Home,West,Online,4,799,3196,Net Banking,C0434
T03824,2026-07-22,Tennis Racket,Sports,North,Offline,8,2499,19992,UPI,C0543
T03825,2026-06-13,Table,Home,East,Online,2,4999,9998,Credit Card,C0534
T03826,2026-06-02,Dumbbell,Sports,North,Offline,9,9999,89991,Credit Card,C0603
T03827,2026-11-10,Tablet,Electronics,East,Offline,1,799,799,Cash,C0291
T03828,2026-01-24,Table,Home,East,Online,5,999,4995,Net Banking,C0215
T03829,2026-04-04,Chair,Home,South,Offline,4,1499,5996,UPI,C0100
T03830,2026-03-01,Laptop,Electronics,North,Offline,9,1499,13491,Net Banking,C0694
T03831,2026-08-06,Tennis Racket,Sports,East,Online,9,29999,269991,Cash,C0079
T03832,2026-05-05,Sofa,Home,South,Online,7,299,2093,Net Banking,C0741
T03833,2026-12-22,Jacket,Clothing,North,Online,9,199,1791,Cash,C0673
T03834,2026-08-03,Microwave,Home,West,Online,6,19999,119994,UPI,C0343
T03835,2026-06-19,Sofa,Home,West,Online,3,19999,59997,Cash,C0066
T03836,2026-05-25,Bread,Grocery,East,Offline,10,49999,499990,Credit Card,C0396
T03837,2026-01-03,Microwave,Home,West,Online,10,799,7990,Net Banking,C0739
T03838,2026-10-08,Table,Home,East,Offline,3,299,897,UPI,C0470
T03839,2026-04-04,Bread,Grocery,East,Offline,9,199,1791,Cash,C0637
T03840,2026-04-03,Oil,Grocery,West,Offline,7,19999,139993,Net Banking,C0339
T03841,2026-05-31,Chair,Home,West,Offline,9,999,8991,UPI,C0242
T03842,2026-05-23,Laptop,Electronics,South,Offline,10,499,4990,UPI,C0708
T03843,2026-06-18,Dumbbell,Sports,West,Offline,3,49999,149997,UPI,C0716
T03844,2026-10-25,Jacket,Clothing,North,Online,7,799,5593,Cash,C0286
T03845,2026-09-28,Chair,Home,South,Offline,8,19999,159992,Credit Card,C0417
T03846,2026-03-02,Headphones,Electronics,West,Online,7,9999,69993,Cash,C0719
T03847,2026-05-03,Smartwatch,Electronics,West,Offline,1,29999,29999,Credit Card,C0531
T03848,2026-01-16,Microwave,Home,North,Online,2,2499,4998,Cash,C0461
T03849,2026-11-22,Microwave,Home,South,Offline,4,199,796,Cash,C0667
T03850,2026-09-09,Tablet,Electronics,South,Offline,7,29999,209993,Credit Card,C0468
T03851,2026-06-30,Milk,Grocery,South,Online,2,299,598,Cash,C0557
T03852,2026-12-24,Smartwatch,Electronics,West,Online,9,499,4491,Net Banking,C0427
T03853,2026-02-09,Chair,Home,East,Offline,6,19999,119994,Net Banking,C0238
T03854,2026-07-01,Bread,Grocery,North,Online,5,299,1495,Cash,C0347
T03855,2026-03-13,Smartphone,Electronics,West,Offline,9,49999,449991,UPI,C0324
T03856,2026-11-11,Table,Home,East,Online,10,49999,499990,Cash,C0710
T03857,2026-09-30,Table,Home,South,Online,1,1499,1499,Cash,C0082
T03858,2026-12-09,Jeans,Clothing,West,Online,10,9999,99990,Cash,C0215
T03859,2026-03-23,Smartphone,Electronics,West,Offline,7,2499,17493,Cash,C0454
T03860,2026-09-04,Dumbbell,Sports,East,Online,3,2499,7497,Net Banking,C0148
T03861,2026-09-28,Oil,Grocery,South,Online,1,49999,49999,UPI,C0518
T03862,2026-09-05,Sugar,Grocery,West,Online,4,999,3996,UPI,C0417
T03863,2026-04-04,Cricket Bat,Sports,East,Offline,4,999,3996,Net Banking,C0249
T03864,2026-06-25,Milk,Grocery,South,Offline,4,29999,119996,Net Banking,C0660
T03865,2026-01-19,Headphones,Electronics,East,Offline,6,799,4794,Net Banking,C0224
T03866,2026-02-01,Shoes,Clothing,South,Online,4,49999,199996,Credit Card,C0459
T03867,2026-01-12,Microwave,Home,South,Offline,5,199,995,Credit Card,C0346
T03868,2026-05-29,Sugar,Grocery,South,Offline,10,49999,499990,Net Banking,C0665
T03869,2026-01-20,Mixer,Home,West,Online,2,2499,4998,Credit Card,C0598
T03870,2026-08-04,Table,Home,West,Offline,8,799,6392,Net Banking,C0624
T03871,2026-01-06,Chair,Home,East,Offline,9,29999,269991,Net Banking,C0765
T03872,2026-04-27,Jeans,Clothing,North,Online,3,19999,59997,Credit Card,C0558
T03873,2026-11-05,Chair,Home,West,Online,9,4999,44991,UPI,C0676
T03874,2026-08-05,Jeans,Clothing,East,Offline,10,999,9990,Cash,C0432
T03875,2026-05-21,Smartwatch,Electronics,East,Online,7,199,1393,UPI,C0088
T03876,2026-03-07,Smartphone,Electronics,North,Online,4,19999,79996,Cash,C0739
T03877,2026-09-16,Rice,Grocery,South,Online,7,499,3493,Credit Card,C0435
T03878,2026-10-09,Football,Sports,North,Online,6,9999,59994,UPI,C0120
T03879,2026-07-07,Jeans,Clothing,South,Offline,8,999,7992,Net Banking,C0470
T03880,2026-01-11,Shoes,Clothing,West,Online,8,499,3992,Credit Card,C0391
T03881,2026-07-07,Dumbbell,Sports,West,Offline,10,1499,14990,Credit Card,C0507
T03882,2026-06-24,Yoga Mat,Sports,East,Offline,10,19999,199990,UPI,C0351
T03883,2026-06-15,Shoes,Clothing,North,Offline,3,19999,59997,UPI,C0308
T03884,2026-09-21,Chair,Home,South,Offline,2,9999,19998,Cash,C0707
T03885,2026-06-10,Jacket,Clothing,West,Online,3,199,597,UPI,C0404
T03886,2026-11-29,Mixer,Home,South,Online,2,19999,39998,Credit Card,C0384
T03887,2026-09-09,Chair,Home,North,Online,6,499,2994,UPI,C0681
T03888,2026-03-11,Oil,Grocery,West,Online,10,999,9990,UPI,C0526
T03889,2026-10-08,Jacket,Clothing,East,Online,1,799,799,Cash,C0741
T03890,2026-02-16,Jacket,Clothing,South,Online,5,199,995,Net Banking,C0240
T03891,2026-05-29,Tablet,Electronics,South,Online,5,299,1495,UPI,C0371
T03892,2026-12-04,Jacket,Clothing,East,Online,8,19999,159992,UPI,C0290
T03893,2026-09-02,Yoga Mat,Sports,South,Online,2,499,998,Credit Card,C0310
T03894,2026-07-28,Laptop,Electronics,North,Online,9,19999,179991,Cash,C0310
T03895,2026-04-30,Sofa,Home,North,Online,6,4999,29994,Cash,C0616
T03896,2026-12-18,Dumbbell,Sports,West,Offline,3,4999,14997,UPI,C0191
T03897,2026-09-10,Jacket,Clothing,North,Online,3,299,897,UPI,C0792
T03898,2026-03-26,Football,Sports,North,Online,4,9999,39996,UPI,C0095
T03899,2026-05-29,Yoga Mat,Sports,South,Online,9,199,1791,UPI,C0593
T03900,2026-07-14,Bread,Grocery,South,Online,6,499,2994,UPI,C0693
T03901,2026-10-22,Football,Sports,North,Online,9,499,4491,Cash,C0329
T03902,2026-07-20,Cricket Bat,Sports,South,Online,2,4999,9998,Net Banking,C0642
T03903,2026-07-24,Rice,Grocery,North,Offline,5,49999,249995,UPI,C0012
T03904,2026-12-02,Dress,Clothing,North,Offline,10,299,2990,Credit Card,C0037
T03905,2026-06-14,Laptop,Electronics,South,Online,4,49999,199996,UPI,C0782
T03906,2026-05-08,Chair,Home,West,Online,10,1499,14990,Net Banking,C0079
T03907,2026-05-12,Dumbbell,Sports,North,Offline,7,1499,10493,Net Banking,C0356
T03908,2026-12-27,Jacket,Clothing,South,Online,8,499,3992,Net Banking,C0775
T03909,2026-04-17,Smartwatch,Electronics,West,Online,1,799,799,UPI,C0668
T03910,2026-12-10,Headphones,Electronics,South,Offline,8,199,1592,Cash,C0062
T03911,2026-08-06,Oil,Grocery,East,Offline,1,199,199,Net Banking,C0612
T03912,2026-07-23,Sugar,Grocery,South,Online,4,49999,199996,Cash,C0707
T03913,2026-08-25,Laptop,Electronics,East,Online,8,299,2392,UPI,C0594
T03914,2026-09-11,Headphones,Electronics,West,Online,1,9999,9999,Cash,C0187
T03915,2026-04-21,Microwave,Home,East,Offline,1,2499,2499,Credit Card,C0293
T03916,2026-12-23,Tennis Racket,Sports,South,Online,9,799,7191,Net Banking,C0344
T03917,2026-11-04,Tablet,Electronics,South,Offline,8,499,3992,Cash,C0703
T03918,2026-07-11,Yoga Mat,Sports,East,Online,5,1499,7495,Cash,C0636
T03919,2026-02-28,Dumbbell,Sports,East,Online,1,799,799,Cash,C0439
T03920,2026-09-11,Tennis Racket,Sports,West,Online,4,9999,39996,Net Banking,C0577
T03921,2026-11-22,Jeans,Clothing,North,Online,4,9999,39996,Credit Card,C0712
T03922,2026-05-01,Bread,Grocery,East,Offline,8,1499,11992,Net Banking,C0281
T03923,2026-09-22,Oil,Grocery,West,Online,5,299,1495,Net Banking,C0786
T03924,2026-02-15,T-Shirt,Clothing,North,Offline,7,799,5593,Credit Card,C0354
T03925,2026-03-28,Dumbbell,Sports,North,Online,8,2499,19992,Credit Card,C0367
T03926,2026-09-20,Mixer,Home,North,Offline,9,299,2691,Credit Card,C0082
T03927,2026-07-09,Milk,Grocery,East,Online,9,299,2691,Net Banking,C0071
T03928,2026-02-07,Sugar,Grocery,North,Offline,7,299,2093,Net Banking,C0032
T03929,2026-04-12,Rice,Grocery,South,Offline,2,9999,19998,UPI,C0341
T03930,2026-06-24,Chair,Home,East,Online,7,1499,10493,Net Banking,C0513
T03931,2026-05-07,Sugar,Grocery,West,Offline,5,799,3995,UPI,C0274
T03932,2026-01-14,Jacket,Clothing,East,Offline,5,29999,149995,Credit Card,C0581
T03933,2026-07-01,Oil,Grocery,South,Online,1,199,199,UPI,C0095
T03934,2026-11-04,Milk,Grocery,South,Online,3,4999,14997,Net Banking,C0602
T03935,2026-08-30,Microwave,Home,West,Online,2,29999,59998,Net Banking,C0544
T03936,2026-04-29,Yoga Mat,Sports,East,Offline,1,19999,19999,UPI,C0600
T03937,2026-04-10,Mixer,Home,North,Offline,10,19999,199990,Credit Card,C0034
T03938,2026-10-06,Laptop,Electronics,East,Online,4,2499,9996,Cash,C0282
T03939,2026-09-28,Sofa,Home,West,Offline,5,799,3995,UPI,C0016
T03940,2026-12-20,Milk,Grocery,East,Offline,8,19999,159992,UPI,C0313
T03941,2026-04-03,Yoga Mat,Sports,West,Offline,5,999,4995,Credit Card,C0301
T03942,2026-03-12,Smartwatch,Electronics,South,Offline,6,2499,14994,Credit Card,C0173
T03943,2026-09-14,Laptop,Electronics,North,Offline,2,2499,4998,Cash,C0278
T03944,2026-06-06,Sugar,Grocery,East,Online,5,49999,249995,Cash,C0321
T03945,2026-12-12,Smartwatch,Electronics,South,Online,4,9999,39996,Net Banking,C0286
T03946,2026-09-21,Dumbbell,Sports,North,Online,2,29999,59998,UPI,C0456
T03947,2026-01-07,Sugar,Grocery,East,Offline,2,499,998,Net Banking,C0415
T03948,2026-02-08,T-Shirt,Clothing,East,Offline,5,19999,99995,UPI,C0716
T03949,2026-05-28,Jeans,Clothing,East,Online,6,49999,299994,Cash,C0656
T03950,2026-04-20,Milk,Grocery,East,Offline,9,4999,44991,Net Banking,C0588
T03951,2026-10-12,Smartphone,Electronics,West,Offline,1,499,499,Net Banking,C0281
T03952,2026-11-23,Oil,Grocery,East,Online,2,299,598,UPI,C0538
T03953,2026-08-28,Tablet,Electronics,North,Online,10,999,9990,Net Banking,C0746
T03954,2026-10-23,Laptop,Electronics,North,Offline,7,299,2093,Net Banking,C0264
T03955,2026-05-11,Rice,Grocery,South,Online,2,19999,39998,Net Banking,C0372
T03956,2026-06-05,Jacket,Clothing,East,Online,8,799,6392,Cash,C0509
T03957,2026-12-09,Bread,Grocery,West,Offline,9,29999,269991,UPI,C0058
T03958,2026-08-29,Tennis Racket,Sports,South,Offline,2,29999,59998,Cash,C0177
T03959,2026-06-21,Smartphone,Electronics,North,Online,2,29999,59998,Cash,C0416
T03960,2026-09-05,Tennis Racket,Sports,West,Offline,1,19999,19999,Net Banking,C0746
T03961,2026-01-10,Dress,Clothing,South,Online,7,1499,10493,Credit Card,C0471
T03962,2026-02-02,Bread,Grocery,South,Online,7,29999,209993,UPI,C0015
T03963,2026-04-07,Rice,Grocery,West,Online,10,199,1990,Cash,C0500
T03964,2026-09-24,Tablet,Electronics,West,Offline,9,49999,449991,Cash,C0169
T03965,2026-01-19,Rice,Grocery,South,Offline,10,9999,99990,Credit Card,C0609
T03966,2026-03-21,Oil,Grocery,West,Offline,5,9999,49995,Cash,C0631
T03967,2026-07-29,Mixer,Home,East,Offline,8,999,7992,Net Banking,C0325
T03968,2026-08-15,Shoes,Clothing,East,Offline,8,2499,19992,UPI,C0792
T03969,2026-11-03,Cricket Bat,Sports,West,Offline,9,299,2691,Net Banking,C0489
T03970,2026-10-23,Mixer,Home,East,Offline,1,799,799,Cash,C0773
T03971,2026-03-18,Smartphone,Electronics,West,Online,7,499,3493,UPI,C0222
T03972,2026-03-06,Bread,Grocery,East,Offline,6,499,2994,Cash,C0248
T03973,2026-01-06,Football,Sports,North,Offline,8,999,7992,Cash,C0344
T03974,2026-02-14,Sugar,Grocery,South,Offline,6,499,2994,Net Banking,C0410
T03975,2026-09-03,Mixer,Home,South,Offline,3,1499,4497,UPI,C0064
T03976,2026-07-03,Shoes,Clothing,South,Online,7,19999,139993,Cash,C0505
T03977,2026-08-11,Jeans,Clothing,South,Offline,5,499,2495,Net Banking,C0164
T03978,2026-09-24,Shoes,Clothing,West,Online,3,799,2397,Cash,C0346
T03979,2026-10-24,T-Shirt,Clothing,South,Offline,1,799,799,UPI,C0008
T03980,2026-10-06,Yoga Mat,Sports,South,Offline,3,29999,89997,UPI,C0210
T03981,2026-08-17,Headphones,Electronics,South,Online,4,799,3196,UPI,C0648
T03982,2026-11-17,Tennis Racket,Sports,East,Offline,4,9999,39996,Net Banking,C0650
T03983,2026-02-12,Jacket,Clothing,North,Offline,8,9999,79992,Net Banking,C0225
T03984,2026-08-14,Tablet,Electronics,East,Online,9,49999,449991,Net Banking,C0432
T03985,2026-10-20,Sugar,Grocery,West,Offline,1,29999,29999,Credit Card,C0723
T03986,2026-07-02,Chair,Home,East,Offline,3,299,897,Cash,C0475
T03987,2026-11-14,Shoes,Clothing,East,Online,5,199,995,Cash,C0645
T03988,2026-08-19,Dress,Clothing,East,Online,7,9999,69993,Credit Card,C0744
T03989,2026-03-09,Tennis Racket,Sports,North,Online,4,29999,119996,Net Banking,C0629
T03990,2026-11-07,Sugar,Grocery,South,Online,4,29999,119996,Credit Card,C0024
T03991,2026-05-02,T-Shirt,Clothing,East,Offline,10,9999,99990,Credit Card,C0372
T03992,2026-02-11,Smartphone,Electronics,West,Offline,6,199,1194,Net Banking,C0755
T03993,2026-11-29,Dumbbell,Sports,West,Online,1,2499,2499,Credit Card,C0507
T03994,2026-08-02,Rice,Grocery,West,Online,5,19999,99995,Cash,C0573
T03995,2026-10-26,Sofa,Home,North,Online,2,49999,99998,Credit Card,C0190
T03996,2026-06-08,Shoes,Clothing,South,Online,7,499,3493,Credit Card,C0361
T03997,2026-10-17,Milk,Grocery,South,Offline,8,999,7992,Cash,C0611
T03998,2026-11-06,Sofa,Home,East,Online,6,19999,119994,Cash,C0570
T03999,2026-10-16,Chair,Home,East,Offline,5,2499,12495,Credit Card,C0204
T04000,2026-02-08,Rice,Grocery,South,Online,9,4999,44991,UPI,C0154
T04001,2026-02-16,Smartphone,Electronics,West,Offline,8,799,6392,Cash,C0700
T04002,2026-03-27,Table,Home,South,Online,8,799,6392,Cash,C0292
T04003,2026-09-16,Bread,Grocery,North,Offline,10,799,7990,Net Banking,C0006
T04004,2026-02-19,Football,Sports,North,Offline,1,19999,19999,Net Banking,C0406
T04005,2026-01-12,Milk,Grocery,East,Offline,3,2499,7497,Net Banking,C0793
T04006,2026-10-13,Cricket Bat,Sports,East,Offline,8,9999,79992,Credit Card,C0094
T04007,2026-09-05,Rice,Grocery,North,Online,10,29999,299990,Net Banking,C0100
T04008,2026-08-01,Chair,Home,North,Offline,9,299,2691,Credit Card,C0770
T04009,2026-09-09,Jacket,Clothing,East,Offline,7,2499,17493,Net Banking,C0219
T04010,2026-12-19,Dress,Clothing,North,Offline,8,9999,79992,Cash,C0514
T04011,2026-10-21,Headphones,Electronics,East,Online,7,2499,17493,Cash,C0454
T04012,2026-10-05,Table,Home,South,Offline,8,299,2392,Credit Card,C0252
T04013,2026-05-16,Mixer,Home,East,Online,10,2499,24990,UPI,C0405
T04014,2026-03-22,Mixer,Home,North,Offline,3,799,2397,Credit Card,C0403
T04015,2026-11-08,Jacket,Clothing,South,Offline,4,999,3996,Credit Card,C0542
T04016,2026-07-27,Yoga Mat,Sports,South,Online,3,299,897,Credit Card,C0399
T04017,2026-01-17,Dress,Clothing,North,Online,8,299,2392,Cash,C0339
T04018,2026-06-08,Sugar,Grocery,West,Online,5,2499,12495,Credit Card,C0602
T04019,2026-01-31,Shoes,Clothing,West,Offline,7,999,6993,Net Banking,C0441
T04020,2026-10-26,Laptop,Electronics,South,Online,7,299,2093,UPI,C0347
T04021,2026-01-23,Dress,Clothing,East,Offline,7,49999,349993,Net Banking,C0728
T04022,2026-09-15,Tablet,Electronics,East,Online,1,199,199,Credit Card,C0534
T04023,2026-11-05,Jeans,Clothing,South,Offline,4,1499,5996,Net Banking,C0002
T04024,2026-02-21,Dress,Clothing,North,Online,6,1499,8994,Cash,C0601
T04025,2026-06-23,Milk,Grocery,North,Online,9,199,1791,UPI,C0189
T04026,2026-05-31,Table,Home,North,Offline,2,9999,19998,UPI,C0395
T04027,2026-12-01,Tablet,Electronics,North,Online,5,19999,99995,Net Banking,C0641
T04028,2026-07-11,Headphones,Electronics,North,Online,6,299,1794,Net Banking,C0546
T04029,2026-08-13,Tablet,Electronics,West,Online,7,29999,209993,Net Banking,C0008
T04030,2026-10-02,Headphones,Electronics,South,Online,10,499,4990,Credit Card,C0018
T04031,2026-09-09,Tablet,Electronics,South,Online,7,299,2093,Cash,C0144
T04032,2026-02-08,Jacket,Clothing,South,Online,10,1499,14990,UPI,C0577
T04033,2026-05-16,Laptop,Electronics,North,Offline,4,4999,19996,Net Banking,C0372
T04034,2026-09-25,Yoga Mat,Sports,West,Offline,7,499,3493,UPI,C0398
T04035,2026-07-24,Laptop,Electronics,South,Online,3,2499,7497,Cash,C0061
T04036,2026-07-18,Yoga Mat,Sports,East,Offline,2,2499,4998,UPI,C0173
T04037,2026-02-26,Tablet,Electronics,North,Online,7,199,1393,UPI,C0684
T04038,2026-03-09,Dress,Clothing,South,Online,10,799,7990,Cash,C0333
T04039,2026-07-02,Tennis Racket,Sports,South,Online,8,19999,159992,Net Banking,C0155
T04040,2026-04-24,Headphones,Electronics,West,Online,6,19999,119994,UPI,C0597
T04041,2026-12-27,Rice,Grocery,North,Offline,10,2499,24990,Credit Card,C0032
T04042,2026-06-26,T-Shirt,Clothing,North,Online,2,499,998,Net Banking,C0007
T04043,2026-09-23,Smartwatch,Electronics,North,Offline,5,299,1495,Credit Card,C0766
T04044,2026-07-28,Tablet,Electronics,West,Online,2,49999,99998,Credit Card,C0040
T04045,2026-10-10,Jacket,Clothing,East,Offline,7,19999,139993,Credit Card,C0580
T04046,2026-06-30,Smartwatch,Electronics,East,Online,1,19999,19999,Net Banking,C0135
T04047,2026-12-21,Bread,Grocery,West,Online,6,2499,14994,Credit Card,C0586
T04048,2026-12-01,Smartwatch,Electronics,East,Online,5,499,2495,Credit Card,C0147
T04049,2026-12-07,Football,Sports,East,Offline,5,19999,99995,Net Banking,C0442
T04050,2026-04-02,Microwave,Home,West,Offline,9,999,8991,Net Banking,C0620
T04051,2026-02-13,Yoga Mat,Sports,North,Offline,4,199,796,Credit Card,C0508
T04052,2026-03-13,Dumbbell,Sports,East,Offline,2,4999,9998,Credit Card,C0597
T04053,2026-01-08,Shoes,Clothing,West,Offline,3,19999,59997,UPI,C0124
T04054,2026-07-19,Milk,Grocery,West,Online,9,2499,22491,Cash,C0316
T04055,2026-11-02,Cricket Bat,Sports,West,Offline,5,2499,12495,UPI,C0128
T04056,2026-07-22,Table,Home,West,Offline,3,4999,14997,UPI,C0162
T04057,2026-02-02,Table,Home,North,Online,3,799,2397,Credit Card,C0152
T04058,2026-05-21,Jeans,Clothing,East,Offline,6,499,2994,UPI,C0001
T04059,2026-09-24,Sofa,Home,West,Online,10,999,9990,Net Banking,C0185
T04060,2026-02-25,Mixer,Home,North,Offline,6,499,2994,Cash,C0339
T04061,2026-04-12,Smartphone,Electronics,East,Offline,2,9999,19998,Net Banking,C0018
T04062,2026-06-18,Tennis Racket,Sports,South,Online,4,999,3996,Cash,C0130
T04063,2026-12-31,Laptop,Electronics,South,Offline,10,299,2990,Credit Card,C0763
T04064,2026-04-26,Headphones,Electronics,North,Offline,2,999,1998,Cash,C0272
T04065,2026-12-22,Shoes,Clothing,South,Offline,8,19999,159992,UPI,C0775
T04066,2026-03-18,Laptop,Electronics,South,Online,7,9999,69993,UPI,C0223
T04067,2026-09-09,Tennis Racket,Sports,North,Online,9,299,2691,UPI,C0698
T04068,2026-10-18,Milk,Grocery,West,Offline,5,499,2495,Net Banking,C0532
T04069,2026-11-12,Milk,Grocery,West,Offline,6,1499,8994,Credit Card,C0795
T04070,2026-06-27,Shoes,Clothing,East,Online,4,49999,199996,Cash,C0767
T04071,2026-09-10,Jacket,Clothing,South,Online,5,999,4995,Credit Card,C0208
T04072,2026-06-17,Laptop,Electronics,South,Online,8,9999,79992,Credit Card,C0048
T04073,2026-05-08,Chair,Home,South,Offline,6,799,4794,Cash,C0008
T04074,2026-05-15,Oil,Grocery,West,Offline,8,2499,19992,UPI,C0546
T04075,2026-03-07,Tennis Racket,Sports,East,Offline,8,999,7992,UPI,C0741
T04076,2026-12-07,T-Shirt,Clothing,South,Online,8,1499,11992,Cash,C0734
T04077,2026-07-19,Yoga Mat,Sports,North,Offline,10,799,7990,Cash,C0406
T04078,2026-03-07,Laptop,Electronics,North,Offline,8,999,7992,Credit Card,C0226
T04079,2026-01-02,Laptop,Electronics,East,Offline,7,299,2093,Credit Card,C0146
T04080,2026-10-30,Dumbbell,Sports,West,Offline,5,1499,7495,Credit Card,C0210
T04081,2026-04-20,Tablet,Electronics,North,Online,10,4999,49990,Credit Card,C0233
T04082,2026-04-27,Jacket,Clothing,South,Offline,10,4999,49990,Net Banking,C0030
T04083,2026-02-17,Laptop,Electronics,East,Online,4,29999,119996,Credit Card,C0309
T04084,2026-11-04,Dumbbell,Sports,East,Offline,6,49999,299994,UPI,C0752
T04085,2026-09-29,Tennis Racket,Sports,West,Online,2,4999,9998,Cash,C0119
T04086,2026-07-07,Tennis Racket,Sports,East,Online,3,4999,14997,Net Banking,C0448
T04087,2026-04-23,Cricket Bat,Sports,North,Online,8,999,7992,Cash,C0121
T04088,2026-03-24,Jeans,Clothing,East,Offline,4,19999,79996,UPI,C0450
T04089,2026-01-08,Table,Home,North,Offline,4,29999,119996,Cash,C0406
T04090,2026-10-12,Bread,Grocery,West,Offline,8,4999,39992,UPI,C0471
T04091,2026-01-10,Shoes,Clothing,East,Offline,7,2499,17493,UPI,C0004
T04092,2026-12-11,Oil,Grocery,South,Online,3,499,1497,Cash,C0704
T04093,2026-11-27,Cricket Bat,Sports,South,Offline,2,19999,39998,Cash,C0493
T04094,2026-10-12,Table,Home,East,Online,3,2499,7497,Cash,C0203
T04095,2026-01-06,Chair,Home,South,Online,10,2499,24990,Net Banking,C0411
T04096,2026-12-04,Rice,Grocery,East,Online,5,9999,49995,UPI,C0187
T04097,2026-04-14,Chair,Home,East,Online,4,1499,5996,UPI,C0534
T04098,2026-12-03,Table,Home,South,Offline,6,299,1794,Cash,C0122
T04099,2026-01-15,Milk,Grocery,North,Offline,8,9999,79992,UPI,C0315
T04100,2026-10-14,Shoes,Clothing,North,Online,5,29999,149995,Net Banking,C0745
T04101,2026-06-23,Yoga Mat,Sports,East,Offline,6,49999,299994,Cash,C0076
T04102,2026-11-15,Shoes,Clothing,North,Online,10,799,7990,Net Banking,C0199
T04103,2026-12-19,Bread,Grocery,South,Offline,10,4999,49990,Net Banking,C0473
T04104,2026-08-07,Dumbbell,Sports,East,Online,8,4999,39992,Credit Card,C0573
T04105,2026-08-06,Smartphone,Electronics,West,Offline,5,299,1495,UPI,C0599
T04106,2026-06-27,Dress,Clothing,East,Online,1,9999,9999,Net Banking,C0504
T04107,2026-03-08,Jeans,Clothing,North,Offline,10,19999,199990,Net Banking,C0118
T04108,2026-07-06,Laptop,Electronics,North,Online,2,299,598,UPI,C0343
T04109,2026-06-07,Football,Sports,South,Online,5,999,4995,Net Banking,C0258
T04110,2026-09-13,Cricket Bat,Sports,North,Online,2,999,1998,UPI,C0744
T04111,2026-09-26,Rice,Grocery,West,Online,7,999,6993,Credit Card,C0644
T04112,2026-12-04,Tennis Racket,Sports,West,Online,2,1499,2998,UPI,C0391
T04113,2026-08-21,Tennis Racket,Sports,South,Offline,7,4999,34993,Net Banking,C0186
T04114,2026-01-19,Dumbbell,Sports,South,Online,2,199,398,Net Banking,C0186
T04115,2026-08-10,Microwave,Home,East,Offline,3,199,597,Net Banking,C0163
T04116,2026-05-17,Sofa,Home,East,Offline,8,299,2392,Net Banking,C0633
T04117,2026-04-11,Shoes,Clothing,North,Online,8,199,1592,Credit Card,C0316
T04118,2026-12-14,Football,Sports,West,Online,8,29999,239992,Cash,C0748
T04119,2026-07-31,Tablet,Electronics,East,Offline,7,9999,69993,Net Banking,C0773
T04120,2026-02-02,Tablet,Electronics,West,Online,6,29999,179994,Credit Card,C0513
T04121,2026-07-13,Sugar,Grocery,South,Offline,5,799,3995,Credit Card,C0279
T04122,2026-09-12,Smartphone,Electronics,South,Offline,7,799,5593,Net Banking,C0505
T04123,2026-12-03,Bread,Grocery,East,Offline,10,2499,24990,Net Banking,C0672
T04124,2026-07-18,Sugar,Grocery,East,Offline,5,19999,99995,UPI,C0358
T04125,2026-07-01,Jacket,Clothing,East,Online,8,999,7992,Cash,C0260
T04126,2026-01-13,Microwave,Home,South,Online,8,4999,39992,Credit Card,C0696
T04127,2026-09-26,Dumbbell,Sports,East,Offline,6,799,4794,UPI,C0243
T04128,2026-08-14,Chair,Home,West,Online,9,199,1791,Credit Card,C0236
T04129,2026-09-30,Jeans,Clothing,West,Online,9,1499,13491,Cash,C0739
T04130,2026-11-07,Smartphone,Electronics,West,Offline,7,19999,139993,UPI,C0714
T04131,2026-05-22,Smartwatch,Electronics,South,Online,4,4999,19996,Credit Card,C0090
T04132,2026-06-30,Smartwatch,Electronics,East,Online,4,499,1996,Credit Card,C0106
T04133,2026-01-24,Shoes,Clothing,South,Offline,6,9999,59994,Net Banking,C0211
T04134,2026-04-14,Table,Home,West,Offline,8,999,7992,Net Banking,C0443
T04135,2026-01-20,Jeans,Clothing,South,Offline,3,4999,14997,Credit Card,C0115
T04136,2026-06-21,Cricket Bat,Sports,East,Online,1,49999,49999,UPI,C0091
T04137,2026-01-11,Shoes,Clothing,West,Online,7,199,1393,Credit Card,C0118
T04138,2026-07-20,Sofa,Home,West,Offline,5,19999,99995,Net Banking,C0208
T04139,2026-09-23,Jeans,Clothing,North,Offline,1,2499,2499,Credit Card,C0221
T04140,2026-06-14,Bread,Grocery,West,Online,5,49999,249995,Credit Card,C0024
T04141,2026-06-26,Shoes,Clothing,West,Online,1,499,499,Net Banking,C0541
T04142,2026-08-29,Table,Home,West,Online,8,199,1592,UPI,C0164
T04143,2026-11-04,Jeans,Clothing,South,Online,7,299,2093,Cash,C0193
T04144,2026-09-09,Bread,Grocery,East,Online,6,19999,119994,Cash,C0255
T04145,2026-09-13,Sugar,Grocery,East,Online,8,199,1592,Net Banking,C0593
T04146,2026-02-03,Smartwatch,Electronics,North,Offline,6,299,1794,Credit Card,C0042
T04147,2026-09-11,Smartwatch,Electronics,East,Offline,9,799,7191,Credit Card,C0525
T04148,2026-04-11,Smartphone,Electronics,East,Offline,5,9999,49995,Cash,C0444
T04149,2026-06-18,Mixer,Home,South,Offline,5,999,4995,Cash,C0527
T04150,2026-01-30,Football,Sports,West,Online,4,299,1196,Net Banking,C0263
T04151,2026-05-06,Smartwatch,Electronics,East,Offline,8,49999,399992,Credit Card,C0274
T04152,2026-01-22,Tennis Racket,Sports,South,Online,10,1499,14990,Cash,C0191
T04153,2026-11-17,Smartwatch,Electronics,North,Offline,6,2499,14994,Cash,C0434
T04154,2026-11-14,Football,Sports,East,Online,2,49999,99998,Cash,C0665
T04155,2026-01-20,Dress,Clothing,West,Offline,10,29999,299990,Cash,C0225
T04156,2026-01-11,Cricket Bat,Sports,West,Offline,4,1499,5996,Credit Card,C0004
T04157,2026-05-06,Smartwatch,Electronics,North,Offline,10,29999,299990,Credit Card,C0062
T04158,2026-04-03,Milk,Grocery,North,Online,3,199,597,Credit Card,C0221
T04159,2026-02-17,Yoga Mat,Sports,East,Online,1,199,199,Cash,C0081
T04160,2026-12-07,Cricket Bat,Sports,West,Online,1,49999,49999,UPI,C0309
T04161,2026-09-28,Laptop,Electronics,North,Offline,10,799,7990,Credit Card,C0544
T04162,2026-05-28,Milk,Grocery,West,Offline,9,1499,13491,Net Banking,C0210
T04163,2026-10-28,Cricket Bat,Sports,East,Offline,5,49999,249995,Cash,C0539
T04164,2026-02-23,Mixer,Home,West,Online,9,499,4491,Cash,C0784
T04165,2026-09-21,Shoes,Clothing,East,Online,5,499,2495,Credit Card,C0190
T04166,2026-07-05,Table,Home,North,Offline,7,9999,69993,Credit Card,C0606
T04167,2026-01-22,T-Shirt,Clothing,West,Offline,9,299,2691,Credit Card,C0269
T04168,2026-09-14,Oil,Grocery,East,Online,2,29999,59998,Credit Card,C0525
T04169,2026-10-11,Sofa,Home,East,Online,2,49999,99998,Cash,C0671
T04170,2026-05-11,Table,Home,South,Offline,5,199,995,UPI,C0455
T04171,2026-07-31,Yoga Mat,Sports,South,Offline,6,1499,8994,Credit Card,C0521
T04172,2026-09-19,Laptop,Electronics,South,Online,9,49999,449991,Net Banking,C0450
T04173,2026-06-18,Table,Home,West,Offline,8,29999,239992,Credit Card,C0382
T04174,2026-10-22,Jacket,Clothing,North,Online,5,49999,249995,Cash,C0527
T04175,2026-08-18,Jacket,Clothing,West,Offline,10,799,7990,UPI,C0018
T04176,2026-09-10,Headphones,Electronics,East,Offline,6,1499,8994,Net Banking,C0473
T04177,2026-05-16,Smartwatch,Electronics,South,Offline,7,499,3493,Net Banking,C0675
T04178,2026-09-08,Smartphone,Electronics,South,Offline,6,1499,8994,UPI,C0173
T04179,2026-08-19,Oil,Grocery,North,Offline,5,19999,99995,Credit Card,C0127
T04180,2026-03-21,Shoes,Clothing,West,Offline,3,29999,89997,Credit Card,C0203
T04181,2026-02-02,Chair,Home,South,Offline,2,49999,99998,UPI,C0509
T04182,2026-11-23,Laptop,Electronics,East,Offline,6,999,5994,Cash,C0297
T04183,2026-06-30,Sofa,Home,West,Online,6,1499,8994,UPI,C0435
T04184,2026-10-13,Jeans,Clothing,West,Offline,6,29999,179994,Net Banking,C0522
T04185,2026-01-28,Tennis Racket,Sports,East,Online,6,199,1194,UPI,C0515
T04186,2026-08-02,Headphones,Electronics,West,Online,4,299,1196,Credit Card,C0338
T04187,2026-12-15,Sugar,Grocery,North,Offline,6,499,2994,Cash,C0229
T04188,2026-07-20,Dumbbell,Sports,South,Online,1,19999,19999,Net Banking,C0037
T04189,2026-09-26,Tennis Racket,Sports,East,Online,9,9999,89991,UPI,C0035
T04190,2026-07-08,Sofa,Home,North,Online,4,19999,79996,UPI,C0379
T04191,2026-04-15,T-Shirt,Clothing,East,Online,3,2499,7497,UPI,C0626
T04192,2026-12-29,Jeans,Clothing,West,Online,4,19999,79996,Net Banking,C0602
T04193,2026-01-22,T-Shirt,Clothing,West,Online,4,9999,39996,UPI,C0574
T04194,2026-09-30,Cricket Bat,Sports,East,Offline,9,999,8991,UPI,C0771
T04195,2026-07-31,Oil,Grocery,East,Online,7,799,5593,UPI,C0557
T04196,2026-04-30,Sofa,Home,East,Online,2,499,998,Net Banking,C0446
T04197,2026-05-30,Bread,Grocery,West,Offline,3,49999,149997,Credit Card,C0031
T04198,2026-05-12,Sugar,Grocery,South,Offline,4,29999,119996,Net Banking,C0417
T04199,2026-05-03,Sugar,Grocery,North,Offline,6,9999,59994,Net Banking,C0310
T04200,2026-05-20,Tennis Racket,Sports,West,Offline,3,999,2997,UPI,C0314
T04201,2026-05-12,Sugar,Grocery,East,Online,4,19999,79996,UPI,C0335
T04202,2026-06-19,Oil,Grocery,South,Online,5,29999,149995,Credit Card,C0011
T04203,2026-03-20,Sugar,Grocery,West,Offline,1,9999,9999,Net Banking,C0400
T04204,2026-08-03,Football,Sports,South,Online,2,29999,59998,Cash,C0249
T04205,2026-12-07,Jacket,Clothing,West,Online,7,9999,69993,Cash,C0054
T04206,2026-04-26,Milk,Grocery,East,Online,4,4999,19996,Net Banking,C0692
T04207,2026-12-31,Smartphone,Electronics,West,Offline,9,2499,22491,Credit Card,C0508
T04208,2026-09-14,T-Shirt,Clothing,East,Offline,5,1499,7495,Credit Card,C0692
T04209,2026-08-19,Bread,Grocery,West,Online,8,9999,79992,UPI,C0362
T04210,2026-06-22,Smartphone,Electronics,West,Offline,7,29999,209993,Credit Card,C0655
T04211,2026-05-11,Yoga Mat,Sports,South,Online,4,2499,9996,Net Banking,C0038
T04212,2026-07-08,Rice,Grocery,East,Online,5,2499,12495,Credit Card,C0260
T04213,2026-04-01,Laptop,Electronics,North,Offline,5,499,2495,Net Banking,C0257
T04214,2026-08-22,Headphones,Electronics,South,Offline,3,199,597,UPI,C0647
T04215,2026-10-22,Tablet,Electronics,North,Offline,9,1499,13491,Net Banking,C0384
T04216,2026-11-18,Smartphone,Electronics,East,Online,4,1499,5996,UPI,C0641
T04217,2026-05-15,Jeans,Clothing,West,Offline,3,49999,149997,Net Banking,C0728
T04218,2026-04-15,Shoes,Clothing,North,Offline,10,49999,499990,Cash,C0213
T04219,2026-04-15,Football,Sports,North,Online,1,2499,2499,Net Banking,C0045
T04220,2026-01-20,Microwave,Home,North,Offline,3,19999,59997,Credit Card,C0471
T04221,2026-12-02,Sofa,Home,North,Offline,7,1499,10493,Cash,C0485
T04222,2026-01-10,Jacket,Clothing,West,Online,10,19999,199990,UPI,C0297
T04223,2026-04-21,Sofa,Home,East,Online,4,199,796,Net Banking,C0491
T04224,2026-07-07,Smartphone,Electronics,North,Online,1,2499,2499,Cash,C0144
T04225,2026-02-25,Sugar,Grocery,East,Offline,10,4999,49990,Cash,C0471
T04226,2026-02-26,Table,Home,North,Offline,4,499,1996,Cash,C0085
T04227,2026-11-09,Shoes,Clothing,North,Online,5,799,3995,Net Banking,C0436
T04228,2026-07-30,Table,Home,South,Online,1,499,499,Net Banking,C0089
T04229,2026-07-31,Chair,Home,West,Online,9,199,1791,Credit Card,C0465
T04230,2026-06-16,Chair,Home,West,Online,3,2499,7497,UPI,C0691
T04231,2026-05-04,Oil,Grocery,West,Offline,1,499,499,UPI,C0008
T04232,2026-01-04,Table,Home,North,Offline,9,4999,44991,UPI,C0327
T04233,2026-08-25,Laptop,Electronics,North,Offline,3,299,897,Net Banking,C0705
T04234,2026-11-03,Jeans,Clothing,South,Online,4,1499,5996,Cash,C0018
T04235,2026-11-19,Chair,Home,East,Online,9,999,8991,Net Banking,C0339
T04236,2026-08-31,Smartwatch,Electronics,South,Online,10,999,9990,UPI,C0724
T04237,2026-09-28,T-Shirt,Clothing,South,Offline,3,999,2997,Credit Card,C0423
T04238,2026-09-28,Chair,Home,North,Online,2,19999,39998,UPI,C0312
T04239,2026-02-05,Headphones,Electronics,North,Offline,5,9999,49995,UPI,C0052
T04240,2026-11-07,Jeans,Clothing,East,Online,5,2499,12495,Cash,C0427
T04241,2026-04-14,T-Shirt,Clothing,East,Offline,6,4999,29994,Cash,C0477
T04242,2026-12-25,Laptop,Electronics,East,Online,10,9999,99990,Net Banking,C0790
T04243,2026-05-15,Shoes,Clothing,South,Online,8,199,1592,Net Banking,C0011
T04244,2026-05-19,Rice,Grocery,East,Online,2,499,998,Cash,C0218
T04245,2026-11-18,Dumbbell,Sports,East,Offline,2,4999,9998,UPI,C0465
T04246,2026-07-13,Dumbbell,Sports,East,Online,6,199,1194,Net Banking,C0758
T04247,2026-05-02,Cricket Bat,Sports,North,Online,1,49999,49999,Credit Card,C0739
T04248,2026-07-05,Football,Sports,South,Online,7,19999,139993,UPI,C0500
T04249,2026-10-29,Shoes,Clothing,West,Online,5,29999,149995,Credit Card,C0741
T04250,2026-06-03,Smartwatch,Electronics,East,Offline,6,49999,299994,Cash,C0758
T04251,2026-06-21,Cricket Bat,Sports,North,Offline,6,4999,29994,Net Banking,C0378
T04252,2026-01-04,Yoga Mat,Sports,North,Offline,7,499,3493,Credit Card,C0436
T04253,2026-03-17,Shoes,Clothing,South,Offline,2,19999,39998,UPI,C0779
T04254,2026-03-07,Rice,Grocery,West,Online,2,9999,19998,UPI,C0028
T04255,2026-11-07,Shoes,Clothing,North,Offline,1,19999,19999,UPI,C0570
T04256,2026-02-04,Rice,Grocery,South,Offline,1,799,799,Net Banking,C0683
T04257,2026-03-28,Football,Sports,West,Offline,6,29999,179994,Net Banking,C0508
T04258,2026-01-26,Headphones,Electronics,South,Offline,10,4999,49990,Cash,C0103
T04259,2026-02-23,Yoga Mat,Sports,West,Offline,7,29999,209993,Net Banking,C0029
T04260,2026-09-09,Milk,Grocery,East,Offline,6,19999,119994,UPI,C0608
T04261,2026-03-27,T-Shirt,Clothing,South,Offline,6,299,1794,Net Banking,C0246
T04262,2026-10-19,Bread,Grocery,South,Offline,9,29999,269991,UPI,C0050
T04263,2026-09-11,Mixer,Home,East,Offline,7,4999,34993,Net Banking,C0194
T04264,2026-07-05,Football,Sports,North,Offline,9,499,4491,Net Banking,C0269
T04265,2026-09-18,Bread,Grocery,South,Offline,8,4999,39992,Credit Card,C0671
T04266,2026-10-09,Microwave,Home,East,Offline,9,799,7191,Net Banking,C0770
T04267,2026-03-05,Jacket,Clothing,North,Online,3,199,597,UPI,C0714
T04268,2026-07-14,Table,Home,South,Offline,10,299,2990,Net Banking,C0115
T04269,2026-10-23,Tablet,Electronics,South,Online,7,19999,139993,Credit Card,C0245
T04270,2026-12-14,Smartphone,Electronics,West,Online,2,799,1598,UPI,C0329
T04271,2026-11-25,Sugar,Grocery,West,Offline,3,9999,29997,Cash,C0242
T04272,2026-06-18,Microwave,Home,South,Online,7,49999,349993,Cash,C0613
T04273,2026-12-12,Sofa,Home,West,Online,8,999,7992,UPI,C0191
T04274,2026-10-13,Shoes,Clothing,South,Offline,10,29999,299990,Credit Card,C0126
T04275,2026-08-20,Dress,Clothing,South,Online,3,499,1497,UPI,C0452
T04276,2026-11-27,Sugar,Grocery,North,Online,7,1499,10493,Credit Card,C0703
T04277,2026-08-13,Mixer,Home,West,Offline,6,1499,8994,Net Banking,C0800
T04278,2026-10-16,Smartwatch,Electronics,North,Online,5,799,3995,Credit Card,C0217
T04279,2026-06-04,Microwave,Home,North,Online,6,799,4794,Credit Card,C0507
T04280,2026-06-30,Tablet,Electronics,South,Online,3,4999,14997,Credit Card,C0528
T04281,2026-01-18,Shoes,Clothing,East,Offline,10,49999,499990,Credit Card,C0428
T04282,2026-04-06,Yoga Mat,Sports,North,Offline,4,799,3196,Net Banking,C0472
T04283,2026-01-03,Tennis Racket,Sports,North,Offline,6,1499,8994,Credit Card,C0234
T04284,2026-10-24,Chair,Home,North,Online,2,199,398,Credit Card,C0150
T04285,2026-09-07,Dumbbell,Sports,South,Offline,5,19999,99995,Credit Card,C0599
T04286,2026-03-18,Laptop,Electronics,North,Offline,2,9999,19998,UPI,C0220
T04287,2026-03-21,Cricket Bat,Sports,East,Online,6,4999,29994,Credit Card,C0515
T04288,2026-11-21,Laptop,Electronics,West,Online,2,1499,2998,Cash,C0307
T04289,2026-08-23,Table,Home,North,Offline,1,29999,29999,Credit Card,C0704
T04290,2026-03-24,Milk,Grocery,East,Offline,5,1499,7495,Net Banking,C0167
T04291,2026-01-02,T-Shirt,Clothing,East,Offline,4,1499,5996,Cash,C0148
T04292,2026-12-06,Dress,Clothing,West,Online,5,199,995,Net Banking,C0253
T04293,2026-12-08,Microwave,Home,West,Online,5,2499,12495,Credit Card,C0266
T04294,2026-08-30,Laptop,Electronics,South,Online,7,199,1393,UPI,C0453
T04295,2026-10-23,Mixer,Home,East,Online,7,799,5593,UPI,C0266
T04296,2026-11-20,Smartphone,Electronics,South,Offline,1,499,499,UPI,C0500
T04297,2026-06-23,Rice,Grocery,North,Offline,7,9999,69993,Net Banking,C0260
T04298,2026-12-07,Tablet,Electronics,North,Online,6,999,5994,Cash,C0691
T04299,2026-04-11,Oil,Grocery,North,Online,6,49999,299994,Credit Card,C0612
T04300,2026-02-04,Table,Home,North,Offline,6,9999,59994,UPI,C0683
T04301,2026-07-11,Sugar,Grocery,North,Offline,3,19999,59997,Cash,C0756
T04302,2026-06-05,Cricket Bat,Sports,North,Online,3,299,897,Credit Card,C0164
T04303,2026-10-20,Tennis Racket,Sports,North,Offline,5,9999,49995,UPI,C0292
T04304,2026-01-04,Smartphone,Electronics,West,Online,9,1499,13491,UPI,C0292
T04305,2026-03-28,Bread,Grocery,North,Online,3,199,597,UPI,C0111
T04306,2026-08-19,Mixer,Home,East,Offline,3,199,597,Net Banking,C0634
T04307,2026-09-15,Tennis Racket,Sports,East,Offline,7,2499,17493,UPI,C0708
T04308,2026-10-05,Shoes,Clothing,North,Online,3,19999,59997,Net Banking,C0469
T04309,2026-12-09,Sofa,Home,East,Offline,2,2499,4998,UPI,C0321
T04310,2026-04-08,T-Shirt,Clothing,North,Online,9,29999,269991,UPI,C0196
T04311,2026-02-01,Yoga Mat,Sports,North,Offline,3,799,2397,Net Banking,C0547
T04312,2026-03-29,Jacket,Clothing,East,Online,3,9999,29997,Cash,C0152
T04313,2026-05-09,Milk,Grocery,North,Online,7,4999,34993,Cash,C0011
T04314,2026-03-13,Microwave,Home,South,Offline,5,499,2495,Net Banking,C0041
T04315,2026-08-18,Oil,Grocery,South,Online,1,999,999,Net Banking,C0656
T04316,2026-12-28,Oil,Grocery,North,Offline,8,999,7992,Net Banking,C0138
T04317,2026-02-08,Smartwatch,Electronics,East,Online,6,499,2994,UPI,C0247
T04318,2026-04-22,Headphones,Electronics,West,Online,2,199,398,Credit Card,C0474
T04319,2026-03-12,Chair,Home,East,Offline,3,2499,7497,UPI,C0448
T04320,2026-12-08,Tennis Racket,Sports,South,Offline,4,19999,79996,Net Banking,C0771
T04321,2026-12-30,Dress,Clothing,South,Online,9,1499,13491,UPI,C0565
T04322,2026-03-28,Tennis Racket,Sports,South,Online,4,2499,9996,Net Banking,C0563
T04323,2026-11-30,Sugar,Grocery,North,Offline,1,4999,4999,Cash,C0667
T04324,2026-04-29,Table,Home,East,Online,4,299,1196,UPI,C0083
T04325,2026-08-07,Tennis Racket,Sports,North,Online,3,29999,89997,Credit Card,C0256
T04326,2026-06-09,Rice,Grocery,West,Online,6,199,1194,Net Banking,C0491
T04327,2026-07-11,Tablet,Electronics,East,Offline,9,999,8991,Cash,C0355
T04328,2026-08-22,Sugar,Grocery,West,Online,7,49999,349993,UPI,C0244
T04329,2026-10-07,Headphones,Electronics,North,Offline,10,1499,14990,Credit Card,C0758
T04330,2026-07-03,Microwave,Home,East,Offline,3,1499,4497,UPI,C0201
T04331,2026-04-07,Headphones,Electronics,East,Offline,10,299,2990,UPI,C0596
T04332,2026-07-31,Jacket,Clothing,North,Online,2,49999,99998,Net Banking,C0510
T04333,2026-06-08,Mixer,Home,South,Offline,4,2499,9996,Credit Card,C0752
T04334,2026-11-06,Headphones,Electronics,North,Offline,1,999,999,Cash,C0509
T04335,2026-03-14,Jeans,Clothing,West,Offline,5,499,2495,Net Banking,C0041
T04336,2026-12-30,Jeans,Clothing,North,Online,4,29999,119996,UPI,C0452
T04337,2026-02-02,Tennis Racket,Sports,East,Offline,10,799,7990,Net Banking,C0760
T04338,2026-12-16,Microwave,Home,South,Offline,2,299,598,Credit Card,C0596
T04339,2026-08-05,Shoes,Clothing,North,Offline,4,299,1196,Cash,C0245
T04340,2026-02-23,Tablet,Electronics,South,Online,9,2499,22491,UPI,C0443
T04341,2026-06-21,Yoga Mat,Sports,South,Online,1,199,199,UPI,C0250
T04342,2026-12-27,Bread,Grocery,North,Online,9,1499,13491,UPI,C0133
T04343,2026-02-04,Cricket Bat,Sports,East,Online,5,299,1495,UPI,C0459
T04344,2026-01-24,Dress,Clothing,North,Offline,5,2499,12495,Net Banking,C0546
T04345,2026-08-17,Jeans,Clothing,West,Online,2,999,1998,Cash,C0681
T04346,2026-03-07,Headphones,Electronics,East,Offline,4,29999,119996,Credit Card,C0219
T04347,2026-04-15,Chair,Home,North,Offline,3,299,897,Credit Card,C0068
T04348,2026-01-24,Headphones,Electronics,North,Online,7,199,1393,Credit Card,C0114
T04349,2026-04-13,Smartphone,Electronics,East,Offline,6,1499,8994,Credit Card,C0137
T04350,2026-01-25,Milk,Grocery,South,Offline,3,29999,89997,Net Banking,C0774
T04351,2026-12-21,Milk,Grocery,West,Online,2,4999,9998,Net Banking,C0733
T04352,2026-10-11,Oil,Grocery,West,Offline,7,4999,34993,UPI,C0223
T04353,2026-09-14,Oil,Grocery,South,Online,2,499,998,Cash,C0630
T04354,2026-08-22,T-Shirt,Clothing,West,Online,5,9999,49995,UPI,C0282
T04355,2026-07-04,Tablet,Electronics,East,Offline,5,1499,7495,UPI,C0661
T04356,2026-08-22,Jacket,Clothing,North,Offline,2,9999,19998,Net Banking,C0798
T04357,2026-06-09,Smartphone,Electronics,West,Offline,2,1499,2998,Credit Card,C0635
T04358,2026-04-09,Football,Sports,East,Online,9,29999,269991,Net Banking,C0738
T04359,2026-03-13,Headphones,Electronics,South,Online,5,999,4995,Cash,C0459
T04360,2026-02-11,Yoga Mat,Sports,West,Online,5,199,995,Credit Card,C0431
T04361,2026-08-22,Smartphone,Electronics,West,Online,1,49999,49999,Credit Card,C0202
T04362,2026-08-23,Yoga Mat,Sports,East,Offline,3,199,597,Credit Card,C0737
T04363,2026-06-22,Jacket,Clothing,North,Offline,5,999,4995,Net Banking,C0467
T04364,2026-08-28,Tennis Racket,Sports,South,Online,9,19999,179991,UPI,C0781
T04365,2026-01-17,Smartwatch,Electronics,North,Offline,3,29999,89997,UPI,C0788
T04366,2026-11-13,Table,Home,South,Offline,2,299,598,Net Banking,C0109
T04367,2026-12-19,Bread,Grocery,North,Offline,8,9999,79992,UPI,C0024
T04368,2026-12-22,Sofa,Home,West,Online,7,2499,17493,Net Banking,C0264
T04369,2026-05-20,Shoes,Clothing,East,Offline,3,999,2997,UPI,C0713
T04370,2026-05-13,Tennis Racket,Sports,North,Online,7,4999,34993,UPI,C0121
T04371,2026-09-15,Oil,Grocery,South,Online,1,799,799,Credit Card,C0475
T04372,2026-01-25,Chair,Home,West,Online,4,199,796,Cash,C0316
T04373,2026-07-12,Sugar,Grocery,West,Offline,10,19999,199990,UPI,C0773
T04374,2026-04-20,Headphones,Electronics,North,Offline,4,9999,39996,Net Banking,C0640
T04375,2026-11-01,Tennis Racket,Sports,East,Offline,10,499,4990,Cash,C0291
T04376,2026-08-28,Headphones,Electronics,North,Online,9,299,2691,UPI,C0096
T04377,2026-09-19,Bread,Grocery,South,Online,4,499,1996,Credit Card,C0366
T04378,2026-12-19,Bread,Grocery,North,Online,2,9999,19998,Net Banking,C0377
T04379,2026-11-01,Smartwatch,Electronics,South,Offline,1,199,199,Cash,C0778
T04380,2026-08-24,Microwave,Home,West,Offline,3,1499,4497,Credit Card,C0030
T04381,2026-12-19,Microwave,Home,East,Online,7,499,3493,Cash,C0211
T04382,2026-03-05,Headphones,Electronics,North,Online,5,299,1495,UPI,C0656
T04383,2026-03-12,Smartwatch,Electronics,North,Online,1,4999,4999,Net Banking,C0666
T04384,2026-10-26,T-Shirt,Clothing,South,Online,1,1499,1499,UPI,C0692
T04385,2026-06-08,Microwave,Home,South,Offline,7,4999,34993,Cash,C0574
T04386,2026-05-16,Jacket,Clothing,North,Offline,7,299,2093,UPI,C0702
T04387,2026-06-10,Tennis Racket,Sports,East,Online,10,999,9990,Net Banking,C0719
T04388,2026-02-13,Yoga Mat,Sports,South,Offline,6,1499,8994,Credit Card,C0549
T04389,2026-03-20,Sugar,Grocery,East,Online,3,49999,149997,UPI,C0277
T04390,2026-11-10,Yoga Mat,Sports,South,Online,1,499,499,Cash,C0356
T04391,2026-10-12,Sofa,Home,North,Online,4,1499,5996,Credit Card,C0661
T04392,2026-03-29,Tennis Racket,Sports,North,Offline,1,1499,1499,Credit Card,C0047
T04393,2026-09-12,Football,Sports,West,Online,10,29999,299990,Credit Card,C0266
T04394,2026-05-31,Jacket,Clothing,West,Offline,3,999,2997,Net Banking,C0495
T04395,2026-05-10,Chair,Home,East,Online,10,2499,24990,UPI,C0314
T04396,2026-08-07,Mixer,Home,North,Offline,1,2499,2499,Cash,C0400
T04397,2026-06-02,Dumbbell,Sports,West,Offline,3,49999,149997,Credit Card,C0213
T04398,2026-09-12,Sugar,Grocery,East,Offline,4,9999,39996,Net Banking,C0022
T04399,2026-10-26,Smartphone,Electronics,East,Online,2,199,398,Net Banking,C0161
T04400,2026-07-04,Chair,Home,West,Online,4,19999,79996,UPI,C0774
T04401,2026-08-11,Tablet,Electronics,South,Offline,10,799,7990,Net Banking,C0032
T04402,2026-08-14,Cricket Bat,Sports,East,Online,7,499,3493,Net Banking,C0304
T04403,2026-04-14,Smartwatch,Electronics,South,Offline,1,799,799,UPI,C0665
T04404,2026-04-29,Yoga Mat,Sports,East,Offline,4,29999,119996,Cash,C0471
T04405,2026-10-13,Yoga Mat,Sports,South,Offline,3,29999,89997,UPI,C0512
T04406,2026-10-30,Sofa,Home,East,Offline,7,49999,349993,Credit Card,C0620
T04407,2026-12-24,Sofa,Home,North,Online,6,4999,29994,Net Banking,C0743
T04408,2026-04-09,Smartwatch,Electronics,South,Offline,5,29999,149995,UPI,C0542
T04409,2026-04-28,Jeans,Clothing,South,Online,5,199,995,Cash,C0404
T04410,2026-12-07,Shoes,Clothing,West,Offline,7,299,2093,Credit Card,C0728
T04411,2026-01-16,Mixer,Home,West,Offline,5,49999,249995,Credit Card,C0102
T04412,2026-02-11,Dress,Clothing,North,Online,7,799,5593,UPI,C0359
T04413,2026-01-04,Jeans,Clothing,South,Online,9,49999,449991,Net Banking,C0794
T04414,2026-11-29,Chair,Home,South,Online,10,1499,14990,Net Banking,C0799
T04415,2026-08-04,Oil,Grocery,South,Online,5,499,2495,Credit Card,C0716
T04416,2026-05-16,Jeans,Clothing,South,Offline,8,799,6392,Cash,C0623
T04417,2026-08-03,Cricket Bat,Sports,North,Online,2,1499,2998,UPI,C0142
T04418,2026-07-14,Smartwatch,Electronics,North,Offline,8,499,3992,Cash,C0644
T04419,2026-11-17,Sofa,Home,West,Offline,7,19999,139993,Cash,C0509
T04420,2026-02-04,Chair,Home,North,Online,8,799,6392,Credit Card,C0186
T04421,2026-01-03,Tennis Racket,Sports,North,Offline,9,799,7191,Cash,C0032
T04422,2026-12-07,Yoga Mat,Sports,South,Online,1,4999,4999,Net Banking,C0461
T04423,2026-04-27,Smartphone,Electronics,South,Offline,10,4999,49990,UPI,C0760
T04424,2026-06-09,Yoga Mat,Sports,West,Offline,1,499,499,UPI,C0539
T04425,2026-03-18,Sugar,Grocery,North,Offline,1,199,199,Cash,C0177
T04426,2026-01-15,Dumbbell,Sports,North,Offline,2,499,998,Credit Card,C0185
T04427,2026-05-06,Yoga Mat,Sports,North,Online,10,2499,24990,Cash,C0215
T04428,2026-02-08,Sofa,Home,West,Offline,10,9999,99990,UPI,C0472
T04429,2026-07-04,Sugar,Grocery,South,Online,1,799,799,UPI,C0565
T04430,2026-09-27,Football,Sports,East,Online,7,199,1393,Net Banking,C0345
T04431,2026-01-07,Jacket,Clothing,North,Online,2,799,1598,Net Banking,C0526
T04432,2026-11-17,Dumbbell,Sports,East,Offline,8,29999,239992,Credit Card,C0349
T04433,2026-12-16,Yoga Mat,Sports,East,Online,1,19999,19999,Credit Card,C0344
T04434,2026-01-23,Sofa,Home,South,Offline,8,499,3992,Net Banking,C0637
T04435,2026-05-30,Milk,Grocery,West,Offline,8,499,3992,UPI,C0554
T04436,2026-03-05,Microwave,Home,South,Offline,1,999,999,Credit Card,C0048
T04437,2026-12-16,Table,Home,West,Offline,3,299,897,Credit Card,C0679
T04438,2026-04-10,Sofa,Home,East,Online,4,19999,79996,Net Banking,C0733
T04439,2026-07-13,Bread,Grocery,West,Offline,1,4999,4999,Credit Card,C0458
T04440,2026-05-19,Football,Sports,West,Offline,2,199,398,Net Banking,C0657
T04441,2026-03-19,Bread,Grocery,West,Online,2,9999,19998,Net Banking,C0551
T04442,2026-11-09,Microwave,Home,North,Online,8,4999,39992,Cash,C0286
T04443,2026-10-22,T-Shirt,Clothing,East,Offline,7,49999,349993,Cash,C0265
T04444,2026-05-07,Sugar,Grocery,West,Online,1,999,999,Credit Card,C0041
T04445,2026-09-05,Cricket Bat,Sports,North,Offline,7,1499,10493,Credit Card,C0404
T04446,2026-10-24,Shoes,Clothing,North,Online,10,499,4990,Cash,C0481
T04447,2026-04-17,Table,Home,East,Offline,2,499,998,Net Banking,C0190
T04448,2026-02-07,Jeans,Clothing,East,Offline,1,199,199,Credit Card,C0602
T04449,2026-02-28,Microwave,Home,East,Online,3,49999,149997,Credit Card,C0795
T04450,2026-07-18,Rice,Grocery,North,Offline,1,19999,19999,Net Banking,C0551
T04451,2026-04-19,Sugar,Grocery,South,Online,1,49999,49999,Cash,C0276
T04452,2026-02-07,Shoes,Clothing,South,Online,6,29999,179994,Credit Card,C0445
T04453,2026-10-02,Sofa,Home,West,Online,10,4999,49990,Net Banking,C0045
T04454,2026-08-07,Laptop,Electronics,West,Online,8,999,7992,Credit Card,C0246
T04455,2026-05-07,Rice,Grocery,North,Offline,1,999,999,Credit Card,C0291
T04456,2026-04-11,Sugar,Grocery,West,Online,8,299,2392,Net Banking,C0448
T04457,2026-04-06,Headphones,Electronics,West,Offline,8,49999,399992,UPI,C0757
T04458,2026-06-16,Chair,Home,West,Online,9,2499,22491,Cash,C0298
T04459,2026-10-04,Bread,Grocery,South,Offline,2,999,1998,Credit Card,C0240
T04460,2026-11-18,Headphones,Electronics,West,Online,2,49999,99998,Net Banking,C0213
T04461,2026-12-29,Sofa,Home,South,Online,3,299,897,Cash,C0731
T04462,2026-04-23,Tennis Racket,Sports,North,Offline,9,499,4491,UPI,C0015
T04463,2026-08-25,Smartphone,Electronics,North,Offline,3,29999,89997,Credit Card,C0524
T04464,2026-05-13,Table,Home,North,Offline,8,4999,39992,Credit Card,C0114
T04465,2026-08-26,Oil,Grocery,East,Offline,1,999,999,Cash,C0591
T04466,2026-02-13,Smartwatch,Electronics,West,Offline,5,1499,7495,Net Banking,C0684
T04467,2026-08-19,Bread,Grocery,West,Offline,8,49999,399992,Net Banking,C0258
T04468,2026-09-04,Rice,Grocery,South,Online,9,1499,13491,Credit Card,C0657
T04469,2026-03-13,Dumbbell,Sports,East,Online,5,1499,7495,UPI,C0503
T04470,2026-07-06,Headphones,Electronics,West,Online,10,19999,199990,Net Banking,C0148
T04471,2026-08-28,Chair,Home,South,Online,5,499,2495,Net Banking,C0079
T04472,2026-12-18,Yoga Mat,Sports,South,Offline,1,2499,2499,Cash,C0661
T04473,2026-09-27,Bread,Grocery,West,Offline,1,199,199,Cash,C0313
T04474,2026-08-01,Milk,Grocery,South,Online,10,199,1990,UPI,C0264
T04475,2026-05-07,Smartphone,Electronics,South,Online,2,9999,19998,Cash,C0021
T04476,2026-02-10,Laptop,Electronics,North,Offline,9,999,8991,Credit Card,C0258
T04477,2026-09-14,Yoga Mat,Sports,West,Offline,6,9999,59994,Credit Card,C0137
T04478,2026-12-23,Chair,Home,West,Online,3,19999,59997,Credit Card,C0077
T04479,2026-05-22,Shoes,Clothing,East,Offline,10,4999,49990,Net Banking,C0725
T04480,2026-09-25,Jacket,Clothing,South,Offline,2,4999,9998,UPI,C0673
T04481,2026-05-04,Chair,Home,West,Online,7,2499,17493,Cash,C0556
T04482,2026-12-31,Yoga Mat,Sports,East,Online,9,2499,22491,Net Banking,C0670
T04483,2026-10-01,Jacket,Clothing,North,Online,7,199,1393,Net Banking,C0133
T04484,2026-05-16,Sugar,Grocery,West,Offline,5,29999,149995,Cash,C0607
T04485,2026-04-11,Sugar,Grocery,West,Offline,5,499,2495,UPI,C0497
T04486,2026-10-30,Milk,Grocery,North,Online,7,4999,34993,UPI,C0135
T04487,2026-12-02,Rice,Grocery,East,Online,10,199,1990,UPI,C0193
T04488,2026-10-04,Milk,Grocery,North,Offline,2,499,998,UPI,C0586
T04489,2026-01-22,Chair,Home,East,Offline,7,499,3493,Net Banking,C0706
T04490,2026-04-04,T-Shirt,Clothing,East,Offline,2,2499,4998,Net Banking,C0223
T04491,2026-11-20,Dress,Clothing,East,Online,4,29999,119996,Cash,C0295
T04492,2026-04-07,Shoes,Clothing,South,Online,3,1499,4497,Credit Card,C0015
T04493,2026-05-01,Smartwatch,Electronics,East,Online,6,1499,8994,Credit Card,C0164
T04494,2026-02-01,Jacket,Clothing,South,Offline,9,999,8991,UPI,C0500
T04495,2026-05-24,Mixer,Home,South,Online,10,799,7990,UPI,C0599
T04496,2026-11-24,Tennis Racket,Sports,South,Offline,8,199,1592,Credit Card,C0005
T04497,2026-06-04,T-Shirt,Clothing,North,Offline,1,19999,19999,Net Banking,C0099
T04498,2026-12-09,Cricket Bat,Sports,East,Online,4,29999,119996,Cash,C0775
T04499,2026-09-08,Milk,Grocery,East,Offline,8,2499,19992,Credit Card,C0452
T04500,2026-07-23,Smartwatch,Electronics,East,Offline,3,4999,14997,Cash,C0346
T04501,2026-06-14,Sofa,Home,West,Online,2,999,1998,Cash,C0399
T04502,2026-07-28,Rice,Grocery,South,Online,6,29999,179994,Cash,C0622
T04503,2026-05-17,Shoes,Clothing,North,Offline,1,499,499,UPI,C0658
T04504,2026-02-20,Jacket,Clothing,South,Online,4,29999,119996,Net Banking,C0162
T04505,2026-08-30,Tennis Racket,Sports,East,Online,10,29999,299990,Credit Card,C0458
T04506,2026-08-31,Jeans,Clothing,South,Online,10,299,2990,Cash,C0461
T04507,2026-02-27,Football,Sports,East,Online,3,4999,14997,Credit Card,C0323
T04508,2026-08-25,Headphones,Electronics,North,Offline,3,299,897,Cash,C0182
T04509,2026-01-18,Bread,Grocery,North,Online,10,299,2990,Credit Card,C0258
T04510,2026-04-08,Bread,Grocery,East,Offline,4,2499,9996,Credit Card,C0216
T04511,2026-03-24,Dumbbell,Sports,East,Online,10,299,2990,Cash,C0707
T04512,2026-12-29,Laptop,Electronics,South,Online,8,29999,239992,Net Banking,C0408
T04513,2026-09-14,Jacket,Clothing,North,Offline,3,4999,14997,Credit Card,C0685
T04514,2026-09-04,Laptop,Electronics,South,Offline,10,799,7990,Cash,C0041
T04515,2026-01-08,Tablet,Electronics,West,Online,1,199,199,Cash,C0351
T04516,2026-09-21,Oil,Grocery,East,Offline,8,1499,11992,Credit Card,C0565
T04517,2026-07-31,Smartwatch,Electronics,East,Offline,3,9999,29997,UPI,C0248
T04518,2026-05-29,Table,Home,South,Offline,4,799,3196,Net Banking,C0363
T04519,2026-11-29,Sugar,Grocery,East,Offline,5,299,1495,Net Banking,C0753
T04520,2026-04-13,Mixer,Home,West,Online,8,1499,11992,Credit Card,C0775
T04521,2026-02-04,Yoga Mat,Sports,West,Offline,2,49999,99998,Net Banking,C0368
T04522,2026-12-27,Yoga Mat,Sports,East,Offline,10,2499,24990,UPI,C0043
T04523,2026-11-24,Jeans,Clothing,East,Online,8,49999,399992,Cash,C0584
T04524,2026-07-22,Sofa,Home,South,Online,5,29999,149995,UPI,C0578
T04525,2026-03-23,Jeans,Clothing,East,Offline,6,299,1794,Credit Card,C0492
T04526,2026-10-28,Microwave,Home,South,Online,8,29999,239992,Net Banking,C0407
T04527,2026-07-31,Headphones,Electronics,South,Offline,2,999,1998,Credit Card,C0220
T04528,2026-01-30,Dress,Clothing,North,Online,8,199,1592,Net Banking,C0159
T04529,2026-04-02,Tennis Racket,Sports,North,Online,3,299,897,Credit Card,C0654
T04530,2026-03-18,Microwave,Home,South,Offline,10,499,4990,UPI,C0090
T04531,2026-12-11,Sofa,Home,East,Online,7,499,3493,Net Banking,C0443
T04532,2026-12-13,Yoga Mat,Sports,North,Offline,4,19999,79996,Cash,C0676
T04533,2026-12-03,Table,Home,North,Online,7,4999,34993,Net Banking,C0518
T04534,2026-03-21,Chair,Home,West,Offline,7,2499,17493,Credit Card,C0705
T04535,2026-10-15,Shoes,Clothing,East,Online,1,29999,29999,Net Banking,C0518
T04536,2026-03-23,Mixer,Home,East,Online,9,1499,13491,Credit Card,C0649
T04537,2026-08-07,Dress,Clothing,West,Offline,8,499,3992,Cash,C0216
T04538,2026-03-15,Table,Home,South,Offline,3,4999,14997,Net Banking,C0554
T04539,2026-11-07,Shoes,Clothing,East,Offline,1,49999,49999,Cash,C0198
T04540,2026-12-11,Jacket,Clothing,West,Offline,5,2499,12495,UPI,C0048
T04541,2026-06-30,Headphones,Electronics,West,Online,10,49999,499990,UPI,C0388
T04542,2026-09-20,Milk,Grocery,West,Offline,9,9999,89991,Cash,C0279
T04543,2026-05-09,Yoga Mat,Sports,East,Online,1,799,799,Net Banking,C0637
T04544,2026-12-29,Table,Home,East,Offline,2,799,1598,UPI,C0575
T04545,2026-10-04,Jeans,Clothing,South,Online,2,9999,19998,UPI,C0405
T04546,2026-10-24,Jacket,Clothing,North,Online,8,2499,19992,Cash,C0506
T04547,2026-09-10,Cricket Bat,Sports,North,Online,10,9999,99990,Cash,C0164
T04548,2026-01-15,Smartwatch,Electronics,East,Online,4,299,1196,UPI,C0007
T04549,2026-11-18,Jeans,Clothing,East,Online,10,299,2990,Cash,C0075
T04550,2026-04-10,Shoes,Clothing,North,Offline,4,29999,119996,UPI,C0608
T04551,2026-10-11,T-Shirt,Clothing,North,Online,3,4999,14997,Cash,C0126
T04552,2026-10-09,Dumbbell,Sports,North,Online,8,499,3992,Cash,C0638
T04553,2026-06-28,Football,Sports,West,Offline,4,299,1196,Credit Card,C0409
T04554,2026-10-22,Laptop,Electronics,North,Online,1,49999,49999,Net Banking,C0386
T04555,2026-06-25,Jeans,Clothing,South,Offline,5,999,4995,Cash,C0523
T04556,2026-09-04,Headphones,Electronics,East,Offline,2,1499,2998,Credit Card,C0446
T04557,2026-11-13,Laptop,Electronics,North,Offline,8,29999,239992,UPI,C0137
T04558,2026-09-05,Dress,Clothing,East,Online,3,199,597,UPI,C0639
T04559,2026-05-02,Football,Sports,South,Offline,9,49999,449991,UPI,C0184
T04560,2026-04-15,T-Shirt,Clothing,North,Online,7,29999,209993,Credit Card,C0615
T04561,2026-12-30,Jeans,Clothing,North,Online,5,49999,249995,Cash,C0700
T04562,2026-06-29,Shoes,Clothing,East,Online,7,499,3493,UPI,C0168
T04563,2026-02-15,T-Shirt,Clothing,West,Offline,2,2499,4998,Credit Card,C0170
T04564,2026-09-28,Jeans,Clothing,North,Online,7,4999,34993,UPI,C0411
T04565,2026-08-17,Football,Sports,West,Offline,2,2499,4998,Cash,C0613
T04566,2026-01-04,Jacket,Clothing,South,Offline,2,1499,2998,Credit Card,C0773
T04567,2026-03-28,Oil,Grocery,South,Online,4,199,796,UPI,C0630
T04568,2026-10-21,Mixer,Home,East,Online,8,29999,239992,UPI,C0290
T04569,2026-12-11,Headphones,Electronics,East,Online,4,299,1196,UPI,C0681
T04570,2026-06-25,Smartwatch,Electronics,North,Offline,6,1499,8994,Credit Card,C0168
T04571,2026-10-08,Table,Home,North,Online,8,4999,39992,Net Banking,C0517
T04572,2026-05-09,Oil,Grocery,North,Online,10,4999,49990,Cash,C0025
T04573,2026-11-30,Oil,Grocery,East,Online,5,29999,149995,Credit Card,C0523
T04574,2026-04-29,Chair,Home,West,Online,1,299,299,Net Banking,C0172
T04575,2026-08-21,Dumbbell,Sports,South,Online,4,49999,199996,UPI,C0121
T04576,2026-12-20,Cricket Bat,Sports,East,Online,3,199,597,UPI,C0770
T04577,2026-03-22,Smartphone,Electronics,West,Online,5,199,995,Net Banking,C0547
T04578,2026-01-16,Tablet,Electronics,East,Online,10,199,1990,Cash,C0311
T04579,2026-01-22,Bread,Grocery,West,Offline,2,299,598,Net Banking,C0080
T04580,2026-02-15,Rice,Grocery,East,Offline,7,999,6993,Net Banking,C0523
T04581,2026-10-12,Milk,Grocery,East,Online,2,499,998,Net Banking,C0756
T04582,2026-12-05,Football,Sports,East,Online,5,29999,149995,Cash,C0556
T04583,2026-12-03,Football,Sports,North,Online,10,199,1990,Credit Card,C0344
T04584,2026-12-24,Oil,Grocery,West,Offline,7,4999,34993,UPI,C0599
T04585,2026-06-23,Jacket,Clothing,North,Online,10,2499,24990,Net Banking,C0040
T04586,2026-10-18,T-Shirt,Clothing,East,Offline,8,2499,19992,UPI,C0495
T04587,2026-08-27,Smartphone,Electronics,South,Online,3,29999,89997,Credit Card,C0721
T04588,2026-06-29,Jacket,Clothing,South,Offline,8,9999,79992,Net Banking,C0673
T04589,2026-03-11,Microwave,Home,East,Online,3,199,597,Credit Card,C0537
T04590,2026-10-16,Dumbbell,Sports,West,Online,4,1499,5996,Net Banking,C0176
T04591,2026-11-14,Cricket Bat,Sports,East,Offline,4,29999,119996,UPI,C0168
T04592,2026-12-25,Mixer,Home,West,Offline,10,799,7990,Cash,C0732
T04593,2026-11-07,Yoga Mat,Sports,East,Offline,7,999,6993,Cash,C0694
T04594,2026-08-21,Dress,Clothing,East,Offline,9,799,7191,Credit Card,C0135
T04595,2026-12-30,Dress,Clothing,West,Offline,2,9999,19998,Net Banking,C0171
T04596,2026-03-21,Milk,Grocery,South,Offline,6,799,4794,UPI,C0400
T04597,2026-11-19,T-Shirt,Clothing,West,Online,2,2499,4998,Cash,C0277
T04598,2026-01-31,Headphones,Electronics,East,Offline,3,299,897,Cash,C0262
T04599,2026-12-19,Microwave,Home,West,Online,7,799,5593,Net Banking,C0187
T04600,2026-04-22,Jacket,Clothing,East,Offline,8,199,1592,Credit Card,C0373
T04601,2026-07-05,Headphones,Electronics,East,Online,4,999,3996,UPI,C0080
T04602,2026-02-23,Bread,Grocery,East,Offline,5,19999,99995,Credit Card,C0490
T04603,2026-11-25,Microwave,Home,East,Online,2,29999,59998,Credit Card,C0388
T04604,2026-05-02,Football,Sports,South,Online,6,299,1794,UPI,C0418
T04605,2026-05-20,Sugar,Grocery,West,Offline,3,999,2997,Cash,C0601
T04606,2026-11-02,Dumbbell,Sports,West,Online,3,999,2997,Credit Card,C0220
T04607,2026-11-30,Tennis Racket,Sports,East,Online,9,4999,44991,Credit Card,C0246
T04608,2026-01-02,Smartwatch,Electronics,East,Offline,6,299,1794,UPI,C0542
T04609,2026-04-23,Table,Home,South,Online,10,499,4990,Credit Card,C0477
T04610,2026-10-13,Jacket,Clothing,South,Online,6,49999,299994,UPI,C0742
T04611,2026-09-15,Smartphone,Electronics,East,Online,5,2499,12495,Net Banking,C0548
T04612,2026-11-24,Milk,Grocery,North,Online,5,799,3995,Credit Card,C0648
T04613,2026-08-01,Smartwatch,Electronics,West,Online,7,49999,349993,UPI,C0387
T04614,2026-11-01,Milk,Grocery,North,Online,8,999,7992,UPI,C0532
T04615,2026-09-09,Football,Sports,North,Offline,7,1499,10493,UPI,C0792
T04616,2026-05-17,Rice,Grocery,North,Online,6,19999,119994,UPI,C0169
T04617,2026-06-13,Smartphone,Electronics,West,Online,4,299,1196,UPI,C0261
T04618,2026-01-27,Shoes,Clothing,West,Online,3,9999,29997,Cash,C0116
T04619,2026-03-30,Tablet,Electronics,East,Offline,7,299,2093,Cash,C0381
T04620,2026-01-19,Sugar,Grocery,West,Offline,7,2499,17493,Cash,C0034
T04621,2026-02-01,Headphones,Electronics,East,Online,2,999,1998,Credit Card,C0402
T04622,2026-01-08,Milk,Grocery,South,Offline,8,499,3992,UPI,C0736
T04623,2026-07-01,Yoga Mat,Sports,East,Offline,3,9999,29997,Net Banking,C0332
T04624,2026-12-04,Oil,Grocery,South,Online,4,4999,19996,UPI,C0349
T04625,2026-06-10,Oil,Grocery,South,Offline,10,4999,49990,Net Banking,C0445
T04626,2026-01-09,Bread,Grocery,East,Online,2,199,398,Credit Card,C0748
T04627,2026-12-11,Football,Sports,East,Online,6,199,1194,UPI,C0243
T04628,2026-06-24,Rice,Grocery,East,Offline,3,9999,29997,Net Banking,C0436
T04629,2026-01-08,Dumbbell,Sports,East,Offline,4,1499,5996,Net Banking,C0018
T04630,2026-09-06,Mixer,Home,North,Online,3,299,897,Credit Card,C0133
T04631,2026-07-19,Jeans,Clothing,East,Online,7,999,6993,UPI,C0134
T04632,2026-05-23,Sofa,Home,East,Online,5,199,995,Credit Card,C0416
T04633,2026-07-11,Jacket,Clothing,South,Offline,3,999,2997,Net Banking,C0783
T04634,2026-10-30,Mixer,Home,West,Offline,8,49999,399992,Credit Card,C0470
T04635,2026-04-25,Bread,Grocery,East,Online,9,49999,449991,Credit Card,C0078
T04636,2026-03-29,Jacket,Clothing,West,Offline,9,999,8991,UPI,C0085
T04637,2026-12-04,Bread,Grocery,West,Online,3,499,1497,Credit Card,C0577
T04638,2026-12-18,Bread,Grocery,West,Offline,3,799,2397,Credit Card,C0695
T04639,2026-10-27,Tennis Racket,Sports,North,Online,1,499,499,Credit Card,C0276
T04640,2026-01-20,Rice,Grocery,East,Online,1,9999,9999,Credit Card,C0585
T04641,2026-02-12,Jacket,Clothing,East,Offline,3,2499,7497,Credit Card,C0227
T04642,2026-12-22,Yoga Mat,Sports,South,Offline,2,49999,99998,Net Banking,C0723
T04643,2026-05-07,Microwave,Home,West,Online,10,999,9990,Credit Card,C0134
T04644,2026-08-11,T-Shirt,Clothing,East,Online,5,199,995,UPI,C0408
T04645,2026-05-06,Jacket,Clothing,North,Offline,7,299,2093,Net Banking,C0194
T04646,2026-08-18,Dress,Clothing,West,Offline,3,29999,89997,Cash,C0675
T04647,2026-04-22,Football,Sports,North,Offline,5,299,1495,UPI,C0394
T04648,2026-01-25,Jeans,Clothing,East,Offline,4,199,796,Credit Card,C0089
T04649,2026-09-28,Microwave,Home,West,Online,7,29999,209993,Cash,C0694
T04650,2026-01-09,Cricket Bat,Sports,West,Online,2,799,1598,Cash,C0701
T04651,2026-02-04,Tablet,Electronics,West,Offline,4,2499,9996,Net Banking,C0469
T04652,2026-08-26,Milk,Grocery,West,Offline,7,1499,10493,Credit Card,C0366
T04653,2026-06-28,Chair,Home,South,Offline,10,199,1990,UPI,C0629
T04654,2026-06-19,Microwave,Home,North,Online,6,49999,299994,UPI,C0144
T04655,2026-07-15,Cricket Bat,Sports,East,Online,10,1499,14990,Cash,C0051
T04656,2026-10-03,Cricket Bat,Sports,South,Online,4,49999,199996,UPI,C0211
T04657,2026-07-06,Headphones,Electronics,East,Online,9,1499,13491,Net Banking,C0024
T04658,2026-03-15,Bread,Grocery,South,Offline,1,2499,2499,UPI,C0395
T04659,2026-08-14,Mixer,Home,North,Offline,6,29999,179994,Credit Card,C0520
T04660,2026-09-02,Milk,Grocery,East,Online,2,2499,4998,Credit Card,C0677
T04661,2026-03-11,Sugar,Grocery,North,Online,8,799,6392,Credit Card,C0055
T04662,2026-08-12,Yoga Mat,Sports,East,Online,8,499,3992,UPI,C0162
T04663,2026-04-28,Sofa,Home,West,Offline,10,799,7990,UPI,C0165
T04664,2026-07-11,Cricket Bat,Sports,North,Offline,9,999,8991,Credit Card,C0085
T04665,2026-07-16,Sofa,Home,East,Offline,10,299,2990,Net Banking,C0673
T04666,2026-05-31,Table,Home,South,Online,5,1499,7495,UPI,C0031
T04667,2026-05-13,Headphones,Electronics,South,Offline,3,999,2997,Net Banking,C0552
T04668,2026-07-07,Chair,Home,North,Offline,8,199,1592,Net Banking,C0614
T04669,2026-12-18,Mixer,Home,East,Offline,2,29999,59998,Net Banking,C0045
T04670,2026-11-12,Shoes,Clothing,East,Online,8,499,3992,Cash,C0516
T04671,2026-12-24,Laptop,Electronics,North,Offline,5,29999,149995,Net Banking,C0729
T04672,2026-01-17,Milk,Grocery,West,Online,5,49999,249995,Cash,C0109
T04673,2026-07-31,Smartphone,Electronics,West,Online,5,199,995,UPI,C0395
T04674,2026-05-18,Table,Home,West,Offline,6,499,2994,Credit Card,C0664
T04675,2026-04-02,Cricket Bat,Sports,West,Offline,3,9999,29997,Credit Card,C0093
T04676,2026-07-01,Smartwatch,Electronics,North,Offline,7,9999,69993,Credit Card,C0761
T04677,2026-08-28,Headphones,Electronics,West,Online,6,2499,14994,Net Banking,C0425
T04678,2026-10-14,Yoga Mat,Sports,South,Offline,1,19999,19999,Cash,C0398
T04679,2026-05-09,Rice,Grocery,East,Offline,6,19999,119994,UPI,C0713
T04680,2026-07-31,Laptop,Electronics,East,Offline,4,799,3196,Cash,C0192
T04681,2026-03-09,Chair,Home,South,Offline,2,9999,19998,Net Banking,C0622
T04682,2026-07-26,Tablet,Electronics,South,Offline,3,299,897,Net Banking,C0757
T04683,2026-06-09,Dumbbell,Sports,East,Offline,10,4999,49990,Net Banking,C0758
T04684,2026-04-12,Tablet,Electronics,North,Offline,7,799,5593,Cash,C0507
T04685,2026-11-18,Headphones,Electronics,South,Online,4,2499,9996,Credit Card,C0577
T04686,2026-02-10,Bread,Grocery,North,Online,3,799,2397,Cash,C0495
T04687,2026-05-25,Sugar,Grocery,West,Offline,1,299,299,Cash,C0111
T04688,2026-11-07,Tablet,Electronics,South,Offline,9,2499,22491,UPI,C0537
T04689,2026-07-05,Microwave,Home,West,Online,7,199,1393,Cash,C0198
T04690,2026-01-07,Milk,Grocery,West,Online,6,2499,14994,Credit Card,C0503
T04691,2026-08-21,Table,Home,East,Online,10,49999,499990,Credit Card,C0067
T04692,2026-01-01,Mixer,Home,South,Offline,1,799,799,Cash,C0019
T04693,2026-04-22,Jacket,Clothing,West,Offline,9,499,4491,Net Banking,C0212
T04694,2026-06-16,Jeans,Clothing,North,Online,6,2499,14994,Cash,C0014
T04695,2026-05-05,Football,Sports,East,Offline,7,29999,209993,Cash,C0678
T04696,2026-02-04,Yoga Mat,Sports,North,Online,4,29999,119996,UPI,C0672
T04697,2026-03-25,Football,Sports,North,Online,8,4999,39992,Net Banking,C0435
T04698,2026-07-17,Milk,Grocery,East,Offline,7,29999,209993,Cash,C0520
T04699,2026-02-07,Jeans,Clothing,East,Offline,7,1499,10493,UPI,C0198
T04700,2026-04-13,Sugar,Grocery,South,Offline,1,49999,49999,UPI,C0231
T04701,2026-09-09,Microwave,Home,South,Online,6,29999,179994,Cash,C0160
T04702,2026-12-30,Chair,Home,West,Offline,3,49999,149997,Net Banking,C0463
T04703,2026-02-20,Yoga Mat,Sports,South,Online,1,49999,49999,Credit Card,C0413
T04704,2026-09-14,Sugar,Grocery,North,Online,1,4999,4999,Net Banking,C0338
T04705,2026-03-19,Sofa,Home,North,Offline,5,9999,49995,Cash,C0741
T04706,2026-11-03,Cricket Bat,Sports,South,Online,9,9999,89991,UPI,C0336
T04707,2026-03-03,Sofa,Home,West,Offline,8,4999,39992,Credit Card,C0589
T04708,2026-02-15,Shoes,Clothing,East,Offline,2,2499,4998,Net Banking,C0355
T04709,2026-03-12,Cricket Bat,Sports,West,Online,3,49999,149997,Credit Card,C0673
T04710,2026-05-18,Football,Sports,East,Offline,3,19999,59997,Credit Card,C0195
T04711,2026-12-10,Chair,Home,West,Offline,8,4999,39992,UPI,C0740
T04712,2026-05-02,Tennis Racket,Sports,East,Online,7,1499,10493,UPI,C0725
T04713,2026-10-26,Headphones,Electronics,West,Offline,10,1499,14990,Cash,C0146
T04714,2026-04-17,Yoga Mat,Sports,West,Online,10,799,7990,UPI,C0594
T04715,2026-05-26,Smartphone,Electronics,West,Offline,8,199,1592,UPI,C0576
T04716,2026-06-17,Shoes,Clothing,West,Online,1,49999,49999,Net Banking,C0140
T04717,2026-01-01,T-Shirt,Clothing,South,Online,4,29999,119996,UPI,C0162
T04718,2026-01-06,Tennis Racket,Sports,West,Offline,7,2499,17493,Cash,C0454
T04719,2026-03-25,Smartphone,Electronics,East,Offline,8,799,6392,Cash,C0385
T04720,2026-07-05,Oil,Grocery,North,Online,1,4999,4999,Credit Card,C0416
T04721,2026-12-04,Table,Home,West,Offline,5,799,3995,Net Banking,C0035
T04722,2026-06-12,Table,Home,South,Online,8,799,6392,Net Banking,C0258
T04723,2026-11-02,Tablet,Electronics,West,Offline,6,999,5994,Cash,C0736
T04724,2026-12-05,Headphones,Electronics,West,Online,9,9999,89991,UPI,C0165
T04725,2026-06-19,T-Shirt,Clothing,South,Offline,3,19999,59997,Net Banking,C0131
T04726,2026-06-11,Table,Home,North,Offline,9,199,1791,UPI,C0314
T04727,2026-01-08,Headphones,Electronics,East,Offline,7,299,2093,UPI,C0042
T04728,2026-01-14,Tablet,Electronics,West,Online,1,199,199,Credit Card,C0264
T04729,2026-07-20,Milk,Grocery,West,Offline,5,49999,249995,Cash,C0412
T04730,2026-10-21,Dress,Clothing,East,Online,1,9999,9999,Cash,C0110
T04731,2026-10-22,Yoga Mat,Sports,West,Online,10,2499,24990,Cash,C0147
T04732,2026-02-25,T-Shirt,Clothing,South,Offline,6,999,5994,Cash,C0368
T04733,2026-11-19,Laptop,Electronics,North,Online,2,19999,39998,Credit Card,C0616
T04734,2026-06-03,Tablet,Electronics,East,Online,5,499,2495,Cash,C0322
T04735,2026-10-17,Sugar,Grocery,North,Online,10,49999,499990,Cash,C0253
T04736,2026-10-13,Dumbbell,Sports,West,Offline,7,4999,34993,UPI,C0648
T04737,2026-07-18,Dress,Clothing,North,Online,10,1499,14990,Credit Card,C0018
T04738,2026-11-28,Dress,Clothing,South,Offline,10,4999,49990,Credit Card,C0298
T04739,2026-12-09,T-Shirt,Clothing,South,Offline,9,299,2691,Cash,C0165
T04740,2026-12-20,Cricket Bat,Sports,West,Online,10,29999,299990,Cash,C0395
T04741,2026-07-15,Dress,Clothing,West,Online,3,199,597,Credit Card,C0317
T04742,2026-10-14,Tablet,Electronics,South,Online,6,299,1794,UPI,C0080
T04743,2026-08-29,Dumbbell,Sports,West,Offline,1,1499,1499,Net Banking,C0464
T04744,2026-09-10,Tablet,Electronics,South,Online,3,49999,149997,Cash,C0061
T04745,2026-03-21,Dumbbell,Sports,East,Online,6,4999,29994,Credit Card,C0516
T04746,2026-11-16,Jeans,Clothing,West,Online,1,799,799,Net Banking,C0449
T04747,2026-09-08,Dumbbell,Sports,South,Offline,2,19999,39998,Net Banking,C0679
T04748,2026-03-31,Bread,Grocery,North,Online,6,4999,29994,Net Banking,C0289
T04749,2026-10-23,Oil,Grocery,East,Online,5,49999,249995,Credit Card,C0324
T04750,2026-04-28,Bread,Grocery,West,Offline,3,1499,4497,Credit Card,C0695
T04751,2026-09-23,Cricket Bat,Sports,West,Online,6,499,2994,UPI,C0534
T04752,2026-07-07,Laptop,Electronics,West,Offline,2,1499,2998,Cash,C0238
T04753,2026-10-06,Mixer,Home,West,Offline,6,4999,29994,Net Banking,C0507
T04754,2026-01-19,Mixer,Home,North,Online,7,9999,69993,Cash,C0070
T04755,2026-10-26,Jacket,Clothing,North,Online,7,1499,10493,Net Banking,C0328
T04756,2026-09-18,Rice,Grocery,East,Offline,4,29999,119996,Net Banking,C0208
T04757,2026-12-19,Jeans,Clothing,South,Online,9,19999,179991,Credit Card,C0639
T04758,2026-07-04,Jacket,Clothing,North,Offline,6,4999,29994,UPI,C0325
T04759,2026-06-22,Sugar,Grocery,South,Online,3,2499,7497,Cash,C0171
T04760,2026-05-18,Shoes,Clothing,North,Offline,2,2499,4998,Cash,C0733
T04761,2026-12-19,Dumbbell,Sports,East,Offline,10,4999,49990,Net Banking,C0741
T04762,2026-04-03,Shoes,Clothing,East,Offline,1,799,799,Net Banking,C0574
T04763,2026-08-16,Shoes,Clothing,South,Online,9,299,2691,Cash,C0184
T04764,2026-10-20,Mixer,Home,South,Online,3,49999,149997,UPI,C0783
T04765,2026-07-20,Jacket,Clothing,East,Online,4,29999,119996,Credit Card,C0282
T04766,2026-06-24,Chair,Home,South,Offline,2,9999,19998,Cash,C0088
T04767,2026-05-14,Laptop,Electronics,West,Online,4,1499,5996,UPI,C0208
T04768,2026-03-23,Cricket Bat,Sports,South,Offline,7,4999,34993,Credit Card,C0628
T04769,2026-01-05,Table,Home,West,Offline,10,9999,99990,Net Banking,C0103
T04770,2026-08-07,Tennis Racket,Sports,South,Online,7,29999,209993,Cash,C0152
T04771,2026-07-07,Tablet,Electronics,West,Offline,7,499,3493,Net Banking,C0300
T04772,2026-11-17,Jacket,Clothing,North,Online,8,2499,19992,Cash,C0021
T04773,2026-10-23,Jacket,Clothing,South,Offline,9,4999,44991,Net Banking,C0479
T04774,2026-12-07,Shoes,Clothing,West,Online,4,299,1196,Cash,C0017
T04775,2026-10-11,Table,Home,West,Online,1,299,299,Net Banking,C0156
T04776,2026-09-21,Smartphone,Electronics,West,Offline,4,49999,199996,UPI,C0528
T04777,2026-05-26,Bread,Grocery,North,Offline,10,299,2990,Cash,C0261
T04778,2026-11-30,T-Shirt,Clothing,North,Online,4,299,1196,Net Banking,C0422
T04779,2026-05-01,Oil,Grocery,East,Offline,3,499,1497,Credit Card,C0314
T04780,2026-02-07,Mixer,Home,East,Offline,9,29999,269991,Net Banking,C0156
T04781,2026-03-25,Yoga Mat,Sports,North,Offline,2,299,598,Net Banking,C0082
T04782,2026-01-19,Oil,Grocery,North,Online,1,49999,49999,Net Banking,C0007
T04783,2026-06-01,Sugar,Grocery,North,Offline,1,29999,29999,Credit Card,C0628
T04784,2026-12-04,Microwave,Home,North,Offline,9,29999,269991,Cash,C0320
T04785,2026-05-23,Laptop,Electronics,West,Offline,7,2499,17493,Credit Card,C0482
T04786,2026-04-24,T-Shirt,Clothing,North,Online,7,1499,10493,Credit Card,C0157
T04787,2026-04-19,Tennis Racket,Sports,East,Offline,4,1499,5996,UPI,C0472
T04788,2026-02-09,Laptop,Electronics,East,Online,8,499,3992,Cash,C0250
T04789,2026-12-05,Headphones,Electronics,West,Offline,1,2499,2499,UPI,C0259
T04790,2026-10-04,Microwave,Home,South,Online,4,29999,119996,Net Banking,C0783
T04791,2026-02-11,Table,Home,East,Offline,10,1499,14990,UPI,C0175
T04792,2026-10-16,Cricket Bat,Sports,South,Online,5,19999,99995,UPI,C0185
T04793,2026-09-17,Football,Sports,South,Online,6,29999,179994,Credit Card,C0143
T04794,2026-02-26,Oil,Grocery,North,Online,9,199,1791,Net Banking,C0622
T04795,2026-08-09,Jacket,Clothing,North,Offline,1,1499,1499,Cash,C0730
T04796,2026-03-11,Sofa,Home,East,Online,2,799,1598,UPI,C0253
T04797,2026-12-19,Jacket,Clothing,South,Offline,1,49999,49999,Credit Card,C0615
T04798,2026-07-23,Jeans,Clothing,East,Offline,9,799,7191,UPI,C0777
T04799,2026-12-14,Shoes,Clothing,East,Online,7,1499,10493,Credit Card,C0159
T04800,2026-10-15,Sofa,Home,South,Online,1,799,799,Net Banking,C0656
T04801,2026-05-11,Headphones,Electronics,South,Online,9,2499,22491,UPI,C0528
T04802,2026-06-13,Headphones,Electronics,West,Online,1,999,999,Credit Card,C0599
T04803,2026-01-15,Mixer,Home,South,Offline,9,499,4491,Net Banking,C0175
T04804,2026-02-23,Tablet,Electronics,East,Offline,1,4999,4999,Credit Card,C0482
T04805,2026-10-21,Dress,Clothing,North,Offline,2,49999,99998,UPI,C0497
T04806,2026-05-09,Laptop,Electronics,East,Offline,4,49999,199996,Net Banking,C0541
T04807,2026-12-14,Yoga Mat,Sports,East,Offline,9,2499,22491,Cash,C0491
T04808,2026-05-31,Sofa,Home,West,Online,7,2499,17493,Net Banking,C0139
T04809,2026-04-23,Oil,Grocery,West,Offline,1,999,999,UPI,C0152
T04810,2026-01-04,Football,Sports,South,Offline,9,199,1791,Cash,C0514
T04811,2026-11-24,Jacket,Clothing,East,Online,3,9999,29997,Credit Card,C0222
T04812,2026-10-25,Jacket,Clothing,North,Online,2,2499,4998,Net Banking,C0623
T04813,2026-12-29,Table,Home,South,Offline,8,1499,11992,Net Banking,C0575
T04814,2026-05-29,Football,Sports,North,Offline,4,29999,119996,Cash,C0410
T04815,2026-08-29,Football,Sports,South,Offline,8,1499,11992,UPI,C0255
T04816,2026-06-23,Shoes,Clothing,South,Online,7,999,6993,Cash,C0012
T04817,2026-04-18,Yoga Mat,Sports,East,Online,4,19999,79996,Net Banking,C0043
T04818,2026-09-25,Yoga Mat,Sports,West,Online,4,499,1996,Credit Card,C0722
T04819,2026-01-16,Laptop,Electronics,West,Offline,5,19999,99995,Net Banking,C0337
T04820,2026-05-20,Milk,Grocery,North,Offline,8,4999,39992,UPI,C0590
T04821,2026-08-02,Sugar,Grocery,East,Offline,2,19999,39998,Net Banking,C0345
T04822,2026-10-22,Oil,Grocery,West,Online,4,19999,79996,UPI,C0680
T04823,2026-04-13,Mixer,Home,South,Offline,6,4999,29994,UPI,C0053
T04824,2026-09-23,Headphones,Electronics,West,Offline,2,49999,99998,Net Banking,C0640
T04825,2026-11-24,Microwave,Home,South,Online,1,4999,4999,Net Banking,C0678
T04826,2026-08-21,Smartwatch,Electronics,North,Offline,10,19999,199990,Credit Card,C0519
T04827,2026-08-25,Jeans,Clothing,East,Online,7,799,5593,UPI,C0033
T04828,2026-05-16,Yoga Mat,Sports,West,Offline,8,9999,79992,UPI,C0149
T04829,2026-07-17,Table,Home,North,Online,3,9999,29997,UPI,C0171
T04830,2026-09-09,Tennis Racket,Sports,East,Online,9,9999,89991,Credit Card,C0592
T04831,2026-12-11,Football,Sports,North,Offline,10,2499,24990,UPI,C0737
T04832,2026-12-23,Sofa,Home,South,Offline,6,1499,8994,Cash,C0064
T04833,2026-12-28,Microwave,Home,South,Online,8,2499,19992,Credit Card,C0378
T04834,2026-10-17,Oil,Grocery,North,Offline,1,4999,4999,Credit Card,C0262
T04835,2026-10-08,Headphones,Electronics,North,Online,5,199,995,Credit Card,C0038
T04836,2026-08-16,Table,Home,South,Online,1,499,499,UPI,C0745
T04837,2026-08-05,Mixer,Home,West,Online,8,19999,159992,Net Banking,C0537
T04838,2026-03-24,Dress,Clothing,East,Offline,9,29999,269991,Cash,C0465
T04839,2026-04-16,Chair,Home,West,Online,10,49999,499990,Credit Card,C0118
T04840,2026-11-25,Dumbbell,Sports,West,Offline,4,2499,9996,Credit Card,C0457
T04841,2026-07-07,Dumbbell,Sports,South,Offline,9,49999,449991,UPI,C0062
T04842,2026-12-25,Microwave,Home,South,Offline,10,49999,499990,UPI,C0441
T04843,2026-12-21,Oil,Grocery,East,Online,2,9999,19998,Net Banking,C0003
T04844,2026-11-22,Smartwatch,Electronics,North,Offline,5,799,3995,UPI,C0162
T04845,2026-06-29,Rice,Grocery,North,Online,1,999,999,UPI,C0419
T04846,2026-12-16,Oil,Grocery,South,Offline,8,1499,11992,UPI,C0449
T04847,2026-02-26,Shoes,Clothing,West,Online,10,49999,499990,Net Banking,C0441
T04848,2026-04-20,Mixer,Home,South,Offline,7,999,6993,Cash,C0584
T04849,2026-11-08,Headphones,Electronics,North,Offline,4,9999,39996,Net Banking,C0473
T04850,2026-07-23,Jeans,Clothing,South,Offline,8,199,1592,Credit Card,C0253
T04851,2026-02-06,Milk,Grocery,East,Offline,10,299,2990,Net Banking,C0280
T04852,2026-09-05,Jacket,Clothing,East,Offline,7,199,1393,Net Banking,C0525
T04853,2026-03-22,Smartphone,Electronics,North,Offline,7,19999,139993,UPI,C0328
T04854,2026-12-30,Mixer,Home,North,Online,3,2499,7497,Credit Card,C0031
T04855,2026-12-26,Dumbbell,Sports,South,Online,4,299,1196,UPI,C0730
T04856,2026-08-10,Oil,Grocery,East,Offline,7,2499,17493,UPI,C0333
T04857,2026-04-30,Jacket,Clothing,North,Offline,3,29999,89997,Credit Card,C0227
T04858,2026-06-21,Jeans,Clothing,West,Online,9,49999,449991,Net Banking,C0564
T04859,2026-12-07,Headphones,Electronics,South,Online,9,299,2691,Credit Card,C0464
T04860,2026-04-25,T-Shirt,Clothing,West,Offline,4,2499,9996,Credit Card,C0366
T04861,2026-06-20,Microwave,Home,East,Online,7,299,2093,UPI,C0452
T04862,2026-01-06,Chair,Home,East,Online,8,199,1592,Credit Card,C0037
T04863,2026-10-15,Sugar,Grocery,East,Online,8,999,7992,Cash,C0791
T04864,2026-04-08,Sofa,Home,West,Online,10,49999,499990,Credit Card,C0575
T04865,2026-07-23,Cricket Bat,Sports,East,Offline,7,799,5593,UPI,C0036
T04866,2026-07-16,Jacket,Clothing,East,Online,6,299,1794,Net Banking,C0780
T04867,2026-10-28,Bread,Grocery,South,Offline,2,19999,39998,Credit Card,C0603
T04868,2026-06-21,T-Shirt,Clothing,South,Offline,3,4999,14997,Credit Card,C0343
T04869,2026-09-29,Laptop,Electronics,West,Online,10,4999,49990,UPI,C0203
T04870,2026-05-18,Rice,Grocery,West,Online,7,999,6993,Credit Card,C0153
T04871,2026-12-25,Bread,Grocery,South,Online,4,499,1996,Credit Card,C0793
T04872,2026-08-19,Tablet,Electronics,North,Offline,2,199,398,UPI,C0172
T04873,2026-10-26,Rice,Grocery,East,Online,10,9999,99990,Credit Card,C0253
T04874,2026-08-18,Sofa,Home,West,Online,2,499,998,Net Banking,C0773
T04875,2026-11-04,T-Shirt,Clothing,North,Offline,1,9999,9999,UPI,C0338
T04876,2026-12-02,Football,Sports,East,Online,9,299,2691,Cash,C0222
T04877,2026-05-25,Headphones,Electronics,North,Online,1,9999,9999,Credit Card,C0386
T04878,2026-12-30,Jacket,Clothing,West,Online,9,49999,449991,Cash,C0109
T04879,2026-05-01,Laptop,Electronics,West,Offline,7,49999,349993,Net Banking,C0023
T04880,2026-03-12,Smartphone,Electronics,West,Offline,5,2499,12495,Credit Card,C0148
T04881,2026-09-16,Smartphone,Electronics,South,Offline,6,19999,119994,Cash,C0053
T04882,2026-08-23,Sofa,Home,East,Offline,9,9999,89991,UPI,C0177
T04883,2026-07-19,Tablet,Electronics,South,Online,3,199,597,UPI,C0742
T04884,2026-05-13,Bread,Grocery,East,Offline,7,29999,209993,UPI,C0778
T04885,2026-08-03,Bread,Grocery,North,Online,8,9999,79992,UPI,C0293
T04886,2026-10-22,Yoga Mat,Sports,South,Offline,1,999,999,Credit Card,C0665
T04887,2026-02-21,Bread,Grocery,West,Online,6,199,1194,Credit Card,C0195
T04888,2026-03-08,Jeans,Clothing,South,Offline,1,4999,4999,Net Banking,C0395
T04889,2026-05-11,Smartphone,Electronics,South,Offline,7,299,2093,Credit Card,C0502
T04890,2026-05-09,Sofa,Home,North,Offline,7,299,2093,Cash,C0591
T04891,2026-05-06,Mixer,Home,East,Offline,9,799,7191,Credit Card,C0145
T04892,2026-12-12,Sugar,Grocery,North,Online,9,1499,13491,UPI,C0444
T04893,2026-11-10,Bread,Grocery,South,Online,7,19999,139993,Credit Card,C0681
T04894,2026-11-03,Milk,Grocery,South,Online,8,2499,19992,Cash,C0425
T04895,2026-10-03,T-Shirt,Clothing,East,Online,3,4999,14997,Credit Card,C0126
T04896,2026-09-30,Dress,Clothing,East,Offline,10,49999,499990,Net Banking,C0575
T04897,2026-01-17,Jeans,Clothing,North,Offline,9,199,1791,Net Banking,C0083
T04898,2026-12-14,Smartwatch,Electronics,East,Offline,3,19999,59997,UPI,C0137
T04899,2026-07-17,Yoga Mat,Sports,South,Offline,5,4999,24995,Cash,C0285
T04900,2026-02-18,Microwave,Home,North,Online,10,299,2990,Cash,C0245
T04901,2026-12-25,Tablet,Electronics,West,Offline,7,29999,209993,UPI,C0435
T04902,2026-08-05,Bread,Grocery,South,Online,8,4999,39992,UPI,C0082
T04903,2026-12-05,Headphones,Electronics,South,Offline,1,9999,9999,Cash,C0760
T04904,2026-08-28,Cricket Bat,Sports,North,Offline,7,199,1393,Net Banking,C0729
T04905,2026-09-01,Yoga Mat,Sports,East,Online,4,799,3196,Cash,C0333
T04906,2026-04-19,Cricket Bat,Sports,South,Offline,10,499,4990,Cash,C0369
T04907,2026-09-10,Oil,Grocery,West,Offline,3,4999,14997,Credit Card,C0457
T04908,2026-12-12,Mixer,Home,East,Online,3,299,897,UPI,C0103
T04909,2026-05-25,Yoga Mat,Sports,South,Offline,7,199,1393,Cash,C0544
T04910,2026-04-28,Dumbbell,Sports,East,Online,9,4999,44991,UPI,C0777
T04911,2026-12-08,Table,Home,South,Offline,6,49999,299994,Credit Card,C0458
T04912,2026-09-01,Smartwatch,Electronics,South,Online,10,49999,499990,Credit Card,C0248
T04913,2026-03-08,Smartphone,Electronics,West,Online,6,999,5994,Net Banking,C0730
T04914,2026-12-07,Sugar,Grocery,West,Offline,5,2499,12495,UPI,C0533
T04915,2026-10-19,Dumbbell,Sports,West,Online,4,49999,199996,Cash,C0588
T04916,2026-06-16,Yoga Mat,Sports,South,Online,6,19999,119994,UPI,C0730
T04917,2026-10-14,Table,Home,East,Online,3,799,2397,UPI,C0634
T04918,2026-05-24,Milk,Grocery,West,Online,8,4999,39992,Net Banking,C0691
T04919,2026-04-11,Tennis Racket,Sports,East,Offline,7,1499,10493,Net Banking,C0584
T04920,2026-02-13,Sugar,Grocery,North,Online,3,499,1497,UPI,C0024
T04921,2026-01-16,Headphones,Electronics,West,Offline,3,9999,29997,UPI,C0405
T04922,2026-04-04,Mixer,Home,East,Offline,6,4999,29994,UPI,C0260
T04923,2026-10-26,Tablet,Electronics,North,Online,7,4999,34993,UPI,C0002
T04924,2026-05-16,Sofa,Home,East,Online,8,499,3992,Cash,C0496
T04925,2026-12-11,Sofa,Home,East,Online,7,2499,17493,Credit Card,C0529
T04926,2026-04-12,Headphones,Electronics,North,Offline,2,4999,9998,Cash,C0761
T04927,2026-06-19,Smartphone,Electronics,South,Online,4,999,3996,Credit Card,C0238
T04928,2026-08-10,Bread,Grocery,West,Offline,8,29999,239992,Net Banking,C0218
T04929,2026-05-09,Shoes,Clothing,West,Offline,6,9999,59994,UPI,C0212
T04930,2026-12-07,Laptop,Electronics,West,Online,5,49999,249995,Credit Card,C0002
T04931,2026-08-29,Rice,Grocery,North,Offline,3,9999,29997,UPI,C0677
T04932,2026-10-23,Football,Sports,West,Offline,8,999,7992,Net Banking,C0619
T04933,2026-09-12,Table,Home,North,Offline,3,49999,149997,UPI,C0769
T04934,2026-03-29,Microwave,Home,West,Online,6,2499,14994,UPI,C0224
T04935,2026-03-20,Microwave,Home,East,Online,7,19999,139993,Credit Card,C0334
T04936,2026-09-30,Oil,Grocery,East,Online,8,799,6392,Net Banking,C0574
T04937,2026-02-17,Smartwatch,Electronics,South,Offline,3,9999,29997,Net Banking,C0396
T04938,2026-05-18,Rice,Grocery,West,Online,3,29999,89997,Credit Card,C0625
T04939,2026-12-24,Cricket Bat,Sports,South,Online,7,29999,209993,Net Banking,C0181
T04940,2026-08-14,Table,Home,South,Online,5,999,4995,Credit Card,C0066
T04941,2026-11-19,Yoga Mat,Sports,South,Online,7,2499,17493,UPI,C0668
T04942,2026-07-21,Shoes,Clothing,North,Online,3,49999,149997,Credit Card,C0696
T04943,2026-02-09,Bread,Grocery,West,Online,1,4999,4999,Credit Card,C0514
T04944,2026-02-25,Smartphone,Electronics,West,Online,6,799,4794,Net Banking,C0374
T04945,2026-03-23,Milk,Grocery,West,Offline,10,1499,14990,Net Banking,C0481
T04946,2026-12-23,Headphones,Electronics,North,Offline,6,999,5994,UPI,C0187
T04947,2026-12-22,Tennis Racket,Sports,North,Offline,7,19999,139993,Credit Card,C0721
T04948,2026-10-09,Shoes,Clothing,South,Online,1,199,199,Cash,C0795
T04949,2026-12-23,Smartphone,Electronics,South,Offline,3,2499,7497,Credit Card,C0431
T04950,2026-01-11,T-Shirt,Clothing,East,Online,4,2499,9996,Credit Card,C0512
T04951,2026-09-04,Smartphone,Electronics,East,Online,10,299,2990,Credit Card,C0065
T04952,2026-10-30,Table,Home,West,Offline,2,4999,9998,Credit Card,C0572
T04953,2026-11-04,Jeans,Clothing,East,Offline,4,49999,199996,Cash,C0708
T04954,2026-10-07,Sofa,Home,North,Offline,8,29999,239992,Cash,C0006
T04955,2026-12-08,Jeans,Clothing,South,Online,9,49999,449991,Cash,C0366
T04956,2026-03-15,Dumbbell,Sports,West,Online,9,19999,179991,Credit Card,C0744
T04957,2026-04-10,Sofa,Home,West,Online,7,999,6993,Net Banking,C0539
T04958,2026-12-07,Table,Home,East,Offline,5,2499,12495,Credit Card,C0035
T04959,2026-08-21,Dress,Clothing,North,Online,4,299,1196,Credit Card,C0744
T04960,2026-12-17,Tablet,Electronics,West,Offline,9,199,1791,Net Banking,C0758
T04961,2026-06-08,Mixer,Home,North,Online,6,9999,59994,Credit Card,C0543
T04962,2026-01-06,Laptop,Electronics,West,Offline,9,29999,269991,Net Banking,C0267
T04963,2026-05-10,Oil,Grocery,South,Offline,2,19999,39998,Net Banking,C0386
T04964,2026-04-10,Bread,Grocery,South,Online,7,1499,10493,Cash,C0308
T04965,2026-08-16,Bread,Grocery,South,Online,10,2499,24990,Net Banking,C0592
T04966,2026-03-17,Shoes,Clothing,North,Online,3,9999,29997,Credit Card,C0001
T04967,2026-04-03,Shoes,Clothing,West,Online,5,799,3995,Credit Card,C0321
T04968,2026-01-26,Microwave,Home,East,Online,2,19999,39998,Credit Card,C0649
T04969,2026-01-02,Table,Home,North,Offline,3,2499,7497,Net Banking,C0168
T04970,2026-11-01,Headphones,Electronics,West,Offline,6,19999,119994,Cash,C0420
T04971,2026-07-13,Tablet,Electronics,East,Online,9,49999,449991,UPI,C0450
T04972,2026-06-02,Milk,Grocery,East,Online,7,2499,17493,Net Banking,C0662
T04973,2026-09-28,Yoga Mat,Sports,East,Offline,9,4999,44991,Credit Card,C0464
T04974,2026-03-01,T-Shirt,Clothing,East,Offline,10,9999,99990,Credit Card,C0741
T04975,2026-11-04,Rice,Grocery,East,Online,7,799,5593,Credit Card,C0491
T04976,2026-05-09,Oil,Grocery,South,Offline,8,999,7992,Cash,C0082
T04977,2026-03-14,Dress,Clothing,West,Offline,5,9999,49995,Credit Card,C0393
T04978,2026-02-07,Football,Sports,West,Offline,9,19999,179991,Credit Card,C0505
T04979,2026-10-31,Cricket Bat,Sports,South,Online,3,49999,149997,UPI,C0062
T04980,2026-06-15,Football,Sports,East,Online,6,999,5994,Net Banking,C0236
T04981,2026-07-14,Sofa,Home,North,Offline,6,999,5994,UPI,C0586
T04982,2026-04-25,Chair,Home,West,Online,3,999,2997,Net Banking,C0106
T04983,2026-03-10,Dress,Clothing,North,Offline,4,799,3196,Credit Card,C0243
T04984,2026-04-14,Microwave,Home,West,Offline,6,19999,119994,UPI,C0585
T04985,2026-07-22,Dress,Clothing,North,Offline,3,49999,149997,UPI,C0538
T04986,2026-09-08,Dumbbell,Sports,West,Online,6,29999,179994,Net Banking,C0195
T04987,2026-08-27,Milk,Grocery,West,Offline,1,19999,19999,Cash,C0595
T04988,2026-11-25,Cricket Bat,Sports,West,Online,7,2499,17493,Net Banking,C0674
T04989,2026-10-19,Sugar,Grocery,North,Online,6,1499,8994,Credit Card,C0285
T04990,2026-07-06,Smartwatch,Electronics,West,Online,3,19999,59997,UPI,C0703
T04991,2026-02-11,Smartwatch,Electronics,South,Online,10,799,7990,Net Banking,C0365
T04992,2026-03-17,Sugar,Grocery,East,Offline,3,1499,4497,Cash,C0017
T04993,2026-06-20,Yoga Mat,Sports,East,Offline,2,49999,99998,Net Banking,C0124
T04994,2026-02-04,Oil,Grocery,West,Online,6,799,4794,Credit Card,C0653
T04995,2026-06-11,Football,Sports,West,Online,10,9999,99990,Credit Card,C0008
T04996,2026-09-11,Chair,Home,North,Offline,4,49999,199996,Cash,C0760
T04997,2026-07-20,Sofa,Home,West,Online,8,499,3992,Credit Card,C0035
T04998,2026-08-21,Headphones,Electronics,North,Offline,2,799,1598,Net Banking,C0460
T04999,2026-04-04,Smartphone,Electronics,East,Offline,9,299,2691,Cash,C0567
T05000,2026-08-19,Smartphone,Electronics,East,Online,8,9999,79992,Net Banking,C0583
